:020000040800F2
:1000000048BB00246D0400088D820008C9780008F0
:10001000098100087512000851B5000800000000B1
:10002000000000000000000000000000AD03000818
:100030002D1900080000000009040008C18A00080A
:100040008704000887040008870400088704000864
:100050008704000887040008870400088704000854
:100060008704000887040008870400088914000832
:1000700095140008A1140008AD140008B914000874
:10008000C5140008D11400088704000835190008B9
:100090004D19000841190008591900088704000883
:1000A0008704000887040008870400088704000804
:1000B00087040008870400088704000887040008F4
:1000C00087040008870400088704000887040008E4
:1000D00059890008C59900088704000887040008AA
:1000E0008704000887040008000000008704000857
:1000F00087040008870400088704000887040008B4
:1001000087040008870400088704000887040008A3
:1001100087040008059100085D8C0008870400082A
:10012000DD140008E91400088704000887040008AB
:100130008704000887040008870400088704000873
:1001400000000000000000000000000000000000AF
:100150008704000887040008870400088704000853
:100160008704000887040008870400088704000843
:10017000870400089182000887040008000000003E
:10018000870400088704000811910008870400080C
:100190008704000887040008870400088704000813
:1001A0008704000887040008870400080000000096
:1001B00087040008870400088704000887040008F3
:1001C0008704000887040008000000000000000009
:1001D000000000000000000087040008000000008C
:1001E000000000000000000000000000000000000F
:1001F00000000000000000008704000887040008D9
:100200008704000887040008000000008704000835
:100210008704000887040008870400088704000892
:1002200087040008000000008704000800000000A8
:100230008704000887040008000000008704000805
:100240008704000887040008870400088704000862
:100250008704000887040008870400088704000852
:100260008704000887040008870400088704000842
:1002700087040008870400088704000800000000C5
:100280008704000887040008870400088704000822
:100290000000000087040008870400080000000038
:1002A0000000000087040008870400088704000895
:1002B000B999000887040008870400086519000838
:1002C00071190008458C0008518C000800F002F8F4
:1002D00000F05CF80AA090E8000C82448344AAF184
:1002E0000107DA4501D100F051F8AFF2090EBAE882
:1002F0000F0013F0010F18BFFB1A43F0010318475A
:1003000000D8010020D801000A444FF0000C10F87A
:10031000013B13F0070408BF10F8014B1D1108BF83
:1003200010F8015B641E05D010F8016B641E01F823
:10033000016BF9D113F0080F1EBF10F8014BAD1C73
:100340000C1B09D16D1E58BF01F801CBFAD505E091
:1003500014F8016B01F8016B6D1EF9D59142D6D3EB
:10036000704700000023002400250026103A28BF13
:1003700078C1FBD8520728BF30C148BF0B60704717
:100380001FB512F049FE1FBD10B510BD00F0F0F909
:100390001146FFF7F5FF10F02DF800F00EFA03B448
:1003A000FFF7F2FF03BC00F011FA00002C4B1968B4
:1003B0000868B0E8F04F80F30988BFF36F8F4FF003
:1003C000000080F3118870470000000008480068B2
:1003D000006880F308884FF0000080F3148862B64C
:1003E00061B6BFF34F8FBFF36F8F00DF00BF00BF59
:1003F00008ED00E0DFF80C00016841F470010160D5
:10040000704700BF88ED00E0EFF30980BFF36F8F06
:10041000134B1A681EF0100F08BF20ED108A20E958
:10042000F04F106009B44FF0500080F31188BFF313
:100430004F8FBFF36F8F12F0D3FB4FF0000080F3AC
:10044000118809BC19680868B0E8F04F1EF0100F59
:1004500008BFB0EC108A80F30988BFF36F8F704734
:100460001C000024EFF30580704700000948804716
:1004700009480047FEE7FEE7FEE7FEE7FEE7FEE786
:10048000FEE7FEE7FEE7FEE704480549054A064B9E
:1004900070470000858B0008CD02000848B1002499
:1004A00048BB002448B3002448B3002453EA020C9C
:1004B00000F069802DE9F04B4FF00006002B1FBFC4
:1004C000B3FA83F503FA05F424FA05F65E4012BF89
:1004D0001643B2FA82F502FA05F4C5F120051EBFF3
:1004E00022FA05FC44EA0C04203556EA044C4FEA93
:1004F000144418BF641C4FF000084FF000099042EC
:1005000071EB030C39D3002919BFB1FA81F701FA55
:1005100007F6B0FA80F700FA07F6C7F120071EBF0A
:1005200020FA07FC46EA0C062037B6FBF4FCA7EBE2
:100530000507103F07F01F0BCBF120060CFA0BFB51
:100540002CFA06F644BFB3460026202FA4BF5E4611
:100550004FF0000B5BEA060C08BF4FF0010B19EBE4
:100560000B09ABFB027C48EB0608C01B06FB02CC68
:100570000BFB03CC71EB0C01C1E70B460246414675
:100580004846BDE8F08B13B54FF000004FF0000176
:10059000AFF30080BDE81C407047B2F120030AD5DC
:1005A000C2F1200320FA02F001FA03F321FA02F16A
:1005B00040EA0300704721FA03F04FF00001704752
:1005C00010B54C1084EA530404D54042C1F1000137
:1005D00038BF491E1B4204D55242C3F1000338BF45
:1005E0005B1EFFF763FF14F0804F04D04042C1F15F
:1005F000000138BF491E14F0004F04D05242C3F12D
:10060000000338BF5B1E10BD032A40F2308010F09B
:10061000030C00F0158011F8013BBCF1020F62449D
:1006200098BF11F801CB00F8013B38BF11F8013B2E
:10063000A2F1040298BF00F801CB38BF00F8013BDB
:1006400011F0030300F02580083AC0F0088051F84B
:10065000043B083A51F804CBA0E80810F5E7121D56
:100660005CBF51F8043B40F8043BAFF30080D20775
:1006700024BF11F8013B11F801CB48BF11F8012B41
:1006800024BF00F8013B00F801CB48BF00F8012B64
:10069000704710B5203AC0F00B80B1E81850203AEE
:1006A000A0E81850B1E81850A0E81850BFF4F5AF12
:1006B0005FEA027C24BFB1E81850A0E8185044BF9C
:1006C00018C918C0BDE810405FEA827C24BF51F809
:1006D000043B40F8043B08BF7047D20728BF31F8FD
:1006E000023B48BF11F8012B28BF20F8023B48BF4E
:1006F00000F8012B70474FF0000200B513469446F6
:100700009646203922BFA0E80C50A0E80C50B1F169
:100710002001BFF4F7AF090728BFA0E80C5048BF7D
:100720000CC05DF804EB890028BF40F8042B08BF1B
:10073000704748BF20F8022B11F0804F18BF00F817
:10074000012B704770477047704710B500F008F8EC
:10075000006810BD10B5044600F002F8046010BD3A
:100760000048704710A800240048704710A80024D3
:100770007546FFF7F9FFAE4605006946534620F07F
:100780000700854618B020B5FFF77EFEBDE8204083
:100790004FF000064FF000074FF000084FF0000B3D
:1007A00021F00701AC46ACE8C009ACE8C009ACE8F0
:1007B000C009ACE8C0098D46704710B50446AFF3D8
:1007C00000802046BDE81040FFF7E9BD0149182030
:1007D000ABBEFEE7260002007047000000000000EC
:1007E0002DE9F04F94B01D9C0992012CA8BF012B5C
:1007F00002DA14B0BDE8F08F006803F0030A4FEA94
:10080000041B4FF00008D0E9007604EB44000025FB
:10081000A6F10802069201EB800004900998A7F166
:100820000802A0F1100C9800CDE90C06A6F110000A
:100830000390A7F1200002904FF6FC700592C7F6D6
:10084000FF700E97184001EBC402019240421090D5
:1008500001EB840000900A91CDE907A307E000BFF7
:1008600001350C98A54208F104088444C1D0042B3A
:1008700006D24FF00009BAF1000F40F09780EFE781
:100880000F9500250846CDF82CC0DDE90027DDE9ED
:1008900002346646DDF818E0DDE904CA13950AEB78
:1008A0000801B94617460EEB080200EB080591ED6A
:1008B000020A119292ED021A95ED002A31EE401AC9
:1008C0003A4632EE400A12914F4603EB0805B5EE68
:1008D000401A04EB080980EE010A5946F1EE10FABD
:1008E00002EB080B0EF1200E30FE020A0AF1200A7C
:1008F00086ED040A203495ED0A0A99ED061A9BED5F
:10090000002A31EE401A32EE400A8B4607EB08010E
:100910002033B5EE401A5F4480EE010A5A44F1EEEE
:1009200010FA584430FE020A86ED050A95ED0C0ACD
:1009300099ED081A91ED002A31EE401A32EE400A84
:1009400012990CEB0809139DB5EE401A043D80EE98
:10095000010ADC44F1EE10FA30FE020A86ED060AC6
:1009600091ED080A119999ED002A91ED081A109954
:1009700031EE401A32EE400AB5EE401A80EE010A1E
:10098000F1EE10FA30FE020AA94286ED070A06F1DE
:10099000100683D1C5F100091D9CDDE907A3DDE93F
:1009A0000A1C0F9DBAF1000F3FF45AAF09FB04F681
:1009B00005EB49020E9F0D9801EB850E07EB8207B0
:1009C00000EB82020EEB860697ED000A92ED001A0C
:1009D00005FB03F796ED002A31EE401A32EE400A8D
:1009E000099AB5EE401A02EB870280EE010A02EB8B
:1009F0008907F1EE10FA30FE020ABAF1010F87ED15
:100A0000000A3FF42DAF204609F1010404FB00F673
:100A10000F9505EB44070E9D0D99CDF84C8005EB25
:100A2000870501EB87070A990EEB860695ED000A0C
:100A300097ED001A02EB840796ED002A31EE401A7A
:100A400032EE400A0F9D0446DDF84C80B5EE401AA8
:100A500080EE010AF1EE10FA30FE020ABAF1020F3E
:100A600087ED000A3FF4FCAE09F102090F980E9ED3
:100A70000D9F00EB490509FB04F006EB850607EB2B
:100A800085050EEB800796ED000A95ED001A02EB46
:100A9000890097ED002A31EE401A32EE400A0F9D90
:100AA000B5EE401A80EE010AF1EE10FA30FE020AAD
:100AB00080ED000AD4E600002DE9F04F85B0012B4F
:100AC000019300910290C0F28B80029800214BF2BA
:100AD00017294FF0010B0838049008E00399013101
:100AE00001988142049800F58060049078D00098C5
:100AF0005C2201FB020A02980025039100EB81228F
:100B000007E000BF0AEB8500172F3D4680ED000A85
:100B1000E4D029026F1C88B200FB09F3380286B2C8
:100B2000180D06FB09F80BEB135E02EB8006BEEB1B
:100B3000185F96ED000AE5D244F2C9244FF48073A1
:100B4000CBF2162403EB0523A1FB0461A3FB0436BF
:100B50000C093309E6431E4416F0030C1ED002EBC9
:100B60008E06BCF1010F00F1020E96ED001A81FE17
:100B7000000A13D002EB8E06BCF1020F00F1030E47
:100B800096ED001A81FE000A08D002EB8E0600F1F5
:100B9000040E96ED001A81FE000A00BFA3EB1110AF
:100BA00002380328AED304994FEA185001EB8E01A6
:100BB00091ED021A0EF1040E81FE000A91ED031A66
:100BC000864581FE000A91ED041A81FE000A91ED2E
:100BD000051A01F1100181FE000AE9D392E700BF76
:100BE00005B0BDE8F08F0000B0B54AF67005C2F25E
:100BF00000452A78012A07D1024600284FF0030059
:100C000018BF002902D1B0BD0220B0BD4AF688004D
:100C10000C46C2F20040114600F026F80146281D9D
:100C2000224600F045F80020B0BD000000000000A2
:100C300010B54AF6880044F61001C2F20040C0F632
:100C4000010100F029F84AF6700444F61801C2F2D6
:100C50000044C0F60101201D00F022F8002001210F
:100C6000217010BD00000000B0B582B00446051D23
:100C70004FF480730220009020462A46FFF7B0FD13
:100C800004F604044FF48072022328462146FFF73D
:100C900013FF204602B0B0BD0160704700000000A5
:100CA000002282602E22C0E90022C0E903217047A1
:100CB000B0B5B6EE000A006949F218034FF0000E15
:100CC00000EB030C00F1080309E000BF94ED041AE7
:100CD00030EE010A0EF1010EBEF13C0F24D00EEBF6
:100CE0004E000CEB800000BF006800EB800003EBBF
:100CF0008004204650F8085F013504BFE56815F10F
:100D00000105E3D02568002DE4D401EB850594EDC1
:100D1000012A95ED001AB4EE421AF1EE10FAA8BFBE
:100D200004F10C00E0E700BF82ED000AB0BD000056
:100D3000010010B50BD000F00FFAB0EE600A0846C3
:100D400000F00FFABDE81040084600F065B99FEDCD
:100D5000010A10BD0000000010B190ED100A7047AC
:100D60009FED010A704700000000000010B190EDF7
:100D7000120A70479FED010A704700000000000052
:100D800010B190ED110A70479FED010A7047000005
:100D90000000000070B504000D464FF0FF362DED49
:100DA000028B20D008001ED090ED000A7600B5EE30
:100DB000C00AF1EE10FA16D990ED020AB5EEC00A9B
:100DC000F1EE10FA0FD9D0ED060A90ED050AF4EE17
:100DD000C00AF1EE10FA06D90BF0FEFAB5EEC00A21
:100DE000F1EE10FA03D83046BDEC028B70BD95EDE4
:100DF000038AB5EEC08AF1EE10FA01DCB1EE008A8A
:100E000095ED000A284684ED000A0BF0E5FA84ED22
:100E1000010AD5ED021A9FED300AC4ED021A84EDE5
:100E2000048AD5ED020A20EE881A84ED031AD5ED66
:100E3000040AC0FE800AC4ED050AD5ED050AC4ED1A
:100E4000060AD5ED060AC4ED070AD5ED070AC0FE6D
:100E5000800AC4ED080AD5ED080AF5EEC00AF1EEE5
:100E600010FA01DCF7EE000AC4ED090AD5ED090A13
:100E70004FF07E51F5EEC00AF1EE10FA03DD10EEF0
:100E8000900A884201DBF6EE000AC4ED0A0AD5EDAD
:100E90000A0AF5EEC00AF1EE10FA03DD10EE900A30
:100EA000884201DBF5EE000AF0EE002AC4ED0C1AD0
:100EB000C4ED0B0A61EE220A21EE012A0020C4EDE6
:100EC0000D0A84ED0E2A84ED0F0A84ED100A84EDDC
:100ED000110A84ED120A87E7000000009FED021A54
:100EE000F0EE411A00F002B80000000010B5040056
:100EF000B0EE412A0FD084ED0F0AC4ED101AC4EDF4
:100F0000110A94ED071AD4ED060AB0EE420A0BF06E
:100F1000EDF984ED120A10BD10B5040013D0D4ED24
:100F2000051AF5EEC01AF1EE10FA0FDD94ED111A64
:100F300094ED002A30EE410A21EE800A00EE021AFA
:100F400084ED111A04E09FED330A10BD84ED110AFF
:100F500094ED0F1AD4ED101AD4ED0D3A31EE600A6B
:100F600094ED123A43EEC01A94EC022A42EE831A30
:100F700002EE211A84ED0F1A94ED091AD4ED0B0A32
:100F80000BF0C4F994ED0E2AB0EE401AD4ED100A1D
:100F9000B1EE422AD4ED001A21EE021A94ED110AA4
:100FA000D4ED0F2A41EE810A30EE620AC4ED100A38
:100FB00094ED091AD4ED0A0A0BF0A8F9D4ED0C0A45
:100FC000D4ED101A94ED011A20EE200AD4ED080A8F
:100FD00070EE611AF5EEC00AF1EE10FA81EE810AA8
:100FE0000FDD94ED121AD4ED001A30EE410A20EE16
:100FF000A11A60EEE10A0BF079F9D4ED120A30EE95
:10100000800A94ED071AD4ED060A0BF06FF984ED0F
:10101000120A10BD0000000010B5040017D094EDB6
:10102000210A84ED220AD4ED200A94ED1F0AFFF76D
:1010300073FFD4ED220A84ED210A204630EE600AC7
:1010400084ED230A0BF0E8F994ED210A10BD9FED21
:10105000010A10BD0000000010B504002DED048B46
:10106000B0EE418AF0EE608AB0EE409A1ED094ED68
:10107000010AB0EE481AF0EE680A60EE481AB0EEC7
:10108000490AFFF733FFC4ED1F8A84ED209A9FEDD4
:10109000090A84ED218A84ED228A84ED230A204600
:1010A000BDEC048BBDE810400BF0B6B9BDEC048B71
:1010B00010BD00000000000070B504001ED0E9B1B2
:1010C00004F14C0005460BF04FF9002815D12946D4
:1010D0002046FFF75FFE00280FD19FED0A0A84ED3E
:1010E0001F0A84ED200A84ED210A84ED220A84ED92
:1010F000230A84ED240A84ED250A70BD4FF0FF30E9
:1011000070BD00000000000010B504002DED028B42
:10111000F0EE608AB0EE408A18D0F0EE680AB0EEC9
:10112000480AFFF7DBFE9FED0B1AC4ED1F8A84ED22
:10113000208A84ED211A84ED221A84ED231A204698
:10114000BDEC028BBDE810400BF066B9BDEC028B24
:1011500010BD000000000000002801D080ED200A32
:101160007047002801D080ED1F0A70470348002116
:1011700001728180C18000F013B80000105B002470
:1011800070B5064C0546207A08B100F009F82560D4
:101190000020A0800121E080217270BD105B00243E
:1011A0000548042110B505F0ADFD04480021017289
:1011B0008180C18010BD00001C170024105B00243A
:1011C00070B5284C207A00281ED0206800250528FC
:1011D00019D2DFE800F00305080B0E0022480AE0F0
:1011E0002148143007E02048203004E01E48383001
:1011F00001E01D484C3030B1A18800EB810000684F
:10120000060C02D004E0257270BD0104090C06D062
:10121000E188491C89B2E180012904D015E0BDE8CC
:101220007040FFF7BDBF00041049000C15D0B1FBA2
:10123000F0F10F4A1368481ED8624908D060106860
:1012400081630421104605F0D7FCE088B042DBD36F
:10125000A088401CA080E58070BD0548042105F0F1
:1012600051FDF2E7105B00245031010840420F00AD
:101270001C170024FEE700007CB5040A160A8DF84E
:1012800000400D0A8DF804601C0A8DF801008DF8ED
:1012900005206A468DF802508DF8064005488DF805
:1012A000031040F2FF118DF8073008230BF0CEFA3F
:1012B0007CBD0000981200242DE9F047F0EE413A81
:1012C000F0EE602AB0EE613A9FED291ADFED290AAF
:1012D0000D46824610200CF0C8FEB3EE0E1AFBEE4F
:1012E0000E0AB0EE620A04460C200CF0BEFEDFEDE2
:1012F000232A9FED211AB0EE630AF0EE620A03463C
:101300000C200CF0B2FEB1EE041AF0EE620AB0EE60
:10131000430A02460C200CF0A8FEB2EE041AFAEEC4
:10132000040AB0EE420A06460C200CF09EFE074668
:1013300018011B0931094FEA061C114E4FEA142906
:1013400040EA122850464CEA172C86F80090747038
:10135000B370082386F803803271324671712946D2
:1013600086F806C0F771BDE8F0470BF06FBA0000D1
:10137000DA0F4941DA0F49C10000FA4300000000CA
:10138000D00100240020704710B5EFF3108072B632
:101390000022054901234A808A800B7000B962B699
:1013A00011F068FA002010BD9A02002410B5EFF386
:1013B000108072B600220A4901234A808A800B708D
:1013C00000B962B611F056FA06490022064808F044
:1013D000F3FC0649044808F0E2FC002010BD0000C0
:1013E0009A020024088900242C7C0024088100240F
:1013F00010B5044619B1096809B111F0CDF90448D6
:10140000214608F0CCFC024808F0A2FC002010BDE8
:101410002C7C002470B572B60C4CA08880B1A588D5
:1014200011F05AFAC0F50060A84200DA0546A8B2E9
:101430004FF40071884200D90846A188081AA0809C
:1014400062B610F0F5FC002070BD00009A02002486
:101450000A460C4910B591F89C32032B07D1D1F8FC
:10146000BC1221B1D1F8141219B1012010BD032012
:1014700010BD0146034808F09FFCBDE8104001483C
:1014800008F010BD2C7C0024014800F095BE00003F
:10149000B4150024014800F08FBE0000301600246F
:1014A000014800F089BE0000441B0024014800F000
:1014B00083BE00003C1C0024014800F07DBE0000FB
:1014C0004C1A0024014800F077BE0000B81C00242C
:1014D000014800F071BE0000341D0024014800F0F6
:1014E0006BBE0000C81A0024014800F065BE000071
:1014F000C01B0024294A016891423AD0274A183279
:10150000914236D0254A3032914232D0234A483275
:1015100091422ED0214A603291422AD01F4A78321D
:10152000914226D01D4A9032914222D01B4AA832C5
:1015300091421ED01A4A91421BD0194A1832914248
:1015400017D0174A3032914213D0154A483291428F
:101550000FD0134A603291420BD0114A7832914237
:1015600007D00F4A9032914203D00D4AA8329142DF
:1015700011D1CAB21823103AB2FBF3F26FF309018A
:10158000032A02F00703074AD25C026600D9091D4C
:10159000C1650846704721F0FF01F9E710000240DD
:1015A00010040240B430010830B5224A012301681A
:1015B0009142CAB21BD01F4C1434A14217D01D4C0B
:1015C0002834A14213D01B4C3C34A1420FD0194CFB
:1015D0005034A1420BD0174C6434A14207D0154CB3
:1015E0007834A14203D0134C8C34A1420CD1142185
:1015F000114C083AB2FBF1F10F4A803201F01F059D
:1016000004EB8101AB4010E00C4D1824103A0D445E
:10161000B2FBF4F1A82D00D80831094A01F01F04EB
:1016200002EB8101064AA3408032643080E80E005C
:1016300030BD00000854025800580258F0FBFDBFAE
:101640000008024010B50279531E072B2DD8174C05
:101650000168A1421BD0154C1434A14217D0134C81
:101660002834A14213D0114C3C34A1420FD00F4C6E
:101670005034A1420BD00D4C6434A14207D00B4C26
:101680007834A14203D0094C8C34A14203D10849DB
:10169000074C443102E00749064C443104EB820216
:1016A000C0E91C2101219940816710BD08540258EE
:1016B000FC580258FC08024010B583694FF0C07412
:1016C000826A0146002053B1B3F5005F15D072B1B4
:1016D000012A0CD0022A0AD0032A09D104E01AB147
:1016E000012A06D0022A03D1C96AC90100D5012006
:1016F00010BDC96AA142FAD010BD002AF7D0012A54
:10170000F2D0022AF3D0032AF3D010BD2DE9F04F16
:10171000804E804FDFF8FC911836DFF8F8A148378B
:101720000468C56D0AF1300ADFF8ECB14C45DFF80A
:10173000ECC1DFF8ECE16DD0B4426BD0544569D018
:10174000BC4267D0DFF8D081A8F11808444561D0C9
:101750005C455FD064455DD074455BD0DFF8C481E3
:10176000444557D0DFF8BC8108F11808444551D0F2
:10177000DFF8B08108F1300844454BD0DFF8A48190
:1017800008F14808444545D0DFF8988108F1600821
:1017900044453FD0DFF88C8108F17808444539D0C2
:1017A000DFF8808108F19008444533D0DFF8748178
:1017B00008F1A80844452DD0DFF86C81444529D0B4
:1017C000DFF8648108F11408444523D0DFF858811C
:1017D00008F1280844451DD0DFF84C8108F13C0889
:1017E000444517D0DFF8408108F15008444511D036
:1017F000DFF8348108F1640844450BD0DFF8288114
:1018000008F17808444505D0DFF81C8108F18C0800
:10181000444509D1D0E91A48C4F80480046F1CB1CA
:10182000D0E91D48C4F8048004684C452ED0B44269
:101830002CD054452AD0BC4228D0374E183EB44252
:1018400024D05C4522D0644520D074451ED0354E4E
:10185000B4421BD0334E1836B44217D0314E303616
:10186000B44213D02F4E4836B4420FD02D4E6036BE
:10187000B4420BD02B4E7836B44207D0294E903666
:10188000B44203D0274EA836B44215D190F8606018
:101890003F2406F01F06B440AC600468256825F4B8
:1018A000802525602EE09A600068C160BDE8F08F59
:1018B00099600068C260F9E71B4EB4421BD01A4E13
:1018C0001436B44217D0184E2836B44213D0164EF0
:1018D0003C36B4420FD0144E5036B4420BD0124EA8
:1018E0006436B44207D0104E7836B44203D00E4E60
:1018F0008C36B442DAD190F86060012406F01F06FD
:10190000B4406C60046863608368402B0368CFD187
:10191000C9E700001000024088000240A000024019
:10192000B80002401004024008540258704772B6D2
:10193000FEE70000014801F0D1BC0000981200242D
:10194000014801F0CBBC000098120024014801F0CE
:10195000C5BC000044130024014801F0BFBC0000D6
:1019600044130024014801F0B9BC0000F013002426
:10197000014801F0B3BC0000F0130024F0B5036887
:101980004FF6FC716F4CC26BD3F884508D4345EA1F
:101990008205C3F88450036853F8845FB0F8406050
:1019A00025F47F0545EA06451D60036C664D9F18CA
:1019B0000268D2F888308B4343EA8703C2F8883044
:1019C000026852F8883FB0F8446023F4FE0343EA0B
:1019D00006431360066856F8A03F426C8B4307EB42
:1019E000420243EA82033360076857F8A03FB0F829
:1019F000486023F4FE0343EA06433B60D0E9123615
:101A000003FB06220368D3F8B0608E4346EA8206E1
:101A1000C3F8B0600368B0F85060D3F8B07027F432
:101A2000FE0747EA0646C3F8B060D0E914670368CA
:101A300006FB0722D3F8AC608E4346EA8206C3F861
:101A4000AC60D0E91667036806FB0722D3F8F060A4
:101A50008E4346EA8206C3F8F0600368B0F860601F
:101A6000D3F8F07027F47C1747EA0646C3F8F06015
:101A70000368076E53F8C06F02EB47028E4346EAD5
:101A8000820119600168B0F86420D1F8C03023F4F5
:101A90007C1343EA0242C1F8C020016890F8682034
:101AA000D1F8C03023F07C5343EA0262C1F8C02071
:101AB000C16B04EB81014167026C01EB820282671A
:101AC000436C02EBC302C267D0E91234634302EBFA
:101AD0008302C0F88020D0E91434634302EB830210
:101AE000C0F88420D0E91634634302EB8302C0F8C7
:101AF0008820036E02EBC303C0F88C30446E026F83
:101B0000544303EB8403C0F89030846E544303EBDA
:101B10008402C0F89820AA420AD9D0F8A82003214C
:101B200042F02002C0F8A820C0F8A0100120F0BDAB
:101B3000002200E004C1D0F898308B42FAD800208F
:101B4000F0BD000000AC0040FCD30040F0B58E6852
:101B50000C69D1E9005744EA0604DFB145F080453D
:101B60002C43066FD1E906C54F695E4391F82030DA
:101B700045EA0C05B1F80CC0D0F88CE0002047EA2B
:101B800003630C4F1D430EEB860345EA0C45E3E867
:101B900002450AE044EA8544E3E71418155C001D99
:101BA000D4F8014045EA042410C3CC683C5D84426B
:101BB000F3D8F0BDBC30010800B587B006491C223F
:101BC0006846FEF766FD002168460EF0DDFE03491B
:101BD000086007B000BD0000B4310108980000247F
:101BE0002DE9F84F044602F035F8009034B1A06BAF
:101BF000022806D08021A1650020E4E00120BDE894
:101C0000F88FC64DC54EC549183520683036DFF807
:101C10001083DFF810938842DFF80CA3DFF80CB3D1
:101C20002ED0A8422CD0B0422AD0404528D04845DA
:101C300026D0504524D0584522D0BC4A1832904274
:101C40001ED0BB4A90421BD0B94A1832904217D0DE
:101C5000B74A3032904213D0B54A483290420FD042
:101C6000B34A603290420BD0B14A7832904207D0EA
:101C7000AF4A9032904203D0AD4AA832904209D187
:101C8000026822F01E0202602068426922F080028F
:101C9000426103E0026822F00E02026027688F4270
:101CA00038464DD0A8424BD0B04249D0404547D0ED
:101CB000484545D0504543D0584541D09B4A1832FD
:101CC00090423DD09A4A90423AD0994A1832904276
:101CD00036D0974A3032904232D0954A48329042BC
:101CE0002ED0934A603290422AD0914A7832904264
:101CF00026D08F4A9032904222D08D4AA83290420C
:101D00001ED08C4A90421BD08A4A1432904217D07F
:101D1000884A2832904213D0864A3C3290420FD0F3
:101D2000844A503290420BD0824A6432904207D0AB
:101D3000804A7832904203D07E4A8C32974204D156
:101D4000606E026822F480720260744920688842E2
:101D500028D0A84226D0B04224D0404522D04845C1
:101D600020D050451ED058451CD0704918318842AB
:101D700018D06F49884215D06D491831884211D06A
:101D80006B49303188420DD069494831884209D0C9
:101D900067496031884205D065497831884201D071
:101DA00063499031016821F0010101600DE000BF3D
:101DB00001F050FF0099401A052806D92022A2659B
:101DC00003210020A163606318E73868C007EFD1E2
:101DD000524A0121206890422ED0A8422CD0B04215
:101DE0002AD0404528D0484526D0504524D05845D3
:101DF00022D04E4B183398421ED04D4B98421BD0E8
:101E00004B4B1833984217D0494B3033984213D07C
:101E1000474B483398420FD0454B603398420BD024
:101E2000434B7833984207D0414B9033984203D0CC
:101E30003F4BA833984208D194F860703F23E06D7F
:101E400007F01F07BB40836007E094F86030E06D47
:101E500003F01F0301FA03F34360206890424DD062
:101E6000A8424BD0B04249D0404547D0484545D024
:101E7000504543D0584541D02C4A183290423DD06D
:101E80002B4A90423AD02A4A1832904236D0284AF9
:101E90003032904232D0264A483290422ED0244AE4
:101EA000603290422AD0224A7832904226D0204A8C
:101EB0009032904222D01E4AA83290421ED01D4A33
:101EC00090421BD01B4A1432904217D0194A283234
:101ED000904213D0174A3C3290420FD0154A5032EC
:101EE00090420BD0134A6432904207D0114A7832A4
:101EF000904203D00F4A8C3290420BD1D4E91A029F
:101F00004260206F30B1026822F480720260D4E92E
:101F10001D0242600020A163606370E61000024071
:101F2000580002407000024088000240A0000240B9
:101F300010040240085402582DE9F05F20B1816B73
:101F4000022904D0802181650120BDE8F09F904CDA
:101F50008F4B0168183C18338D4ADFF83C92A14240
:101F60008C4CDFF838E28E4FDFF838B2DFF838A259
:101F70008E4D8F4E31D091422FD099422DD0A1421B
:101F80002BD0494529D0714527D0B94225D0DFF85B
:101F900010C20CF1180C61451FD0DFF808C2ACF17B
:101FA000600C614519D0DFF8FCC1ACF1480C61450B
:101FB00013D0DFF8F0C1ACF1300C61450DD0DFF883
:101FC000E4C1ACF1180C614507D0594505D0514525
:101FD00003D0A94201D0B1422CD1DFF8B4C14FF0F7
:101FE0000408C0F83880ACF1180C61451DD091424E
:101FF0001BD0994219D0A14217D0494515D071453F
:1020000013D0B94211D06648183081420DD06548CE
:102010006038814209D063484838814205D0614820
:102020003038814201D05F481838086820F001003C
:102030000860AAE0D1F800C02CF00E08DFF850C10B
:10204000C1F80080ACF1180C0168614527D09142BD
:1020500025D0994223D0A14221D049451FD07145B6
:102060001DD0B9421BD0DFF838C10CF1180C614506
:1020700015D0DFF830C1ACF1600C61450FD0DFF84E
:1020800024C1ACF1480C614509D0DFF818C1ACF1AE
:10209000300C614503D0DFF80CC1ACF1180CD1F85D
:1020A00000C02CF0010CC1F800C0DFF8E4804FF054
:1020B000010C0168A8F11808414546D0914244D06E
:1020C000994242D0A14240D049453ED071453CD0D2
:1020D000B9423AD0324A1832914236D0314A603A47
:1020E000914232D02F4A483A91422ED02D4A303A6E
:1020F00091422AD02B4A183A914226D0594524D0F1
:10210000514522D0A94220D0B1421ED0294A914245
:102110001BD0284A1432914217D0264A28329142C5
:1021200013D0244A3C3291420FD0224A503291427D
:102130000BD0204A6432914207D01E4A7832914235
:1021400003D01C4A8C32914218D1416E0A6822F4A5
:1021500080720A6090F86020C16D02F01F020CFAD4
:1021600002F24A60D0E91A124A60016F31B10A687E
:1021700022F480720A60D0E91D124A600022416D8B
:10218000C0F838C0426301B188470020DDE6000096
:1021900028000240580002407000024088000240BF
:1021A000A00002407004024088040240A0040240E3
:1021B000B8040240085402582DE9FC5F0446FE4E64
:1021C0000020DFF8F48300904FF41652FB4808F12A
:1021D0001808E56DDFF8E093DFF8DCA3016809F18A
:1021E000300920680AF1480AB1FBF2F1B0420191CE
:1021F0002F68D5F800C0DFF8C8B335D04146884213
:1022000032D0484530D050452ED058452CD0EC49DE
:102210001831884228D0EA493031884224D0E84930
:102220004831884220D0E74988421DD0E54918311D
:10223000884219D0E3493031884215D0E14948310C
:10224000884211D0DFF87CE30EF1600E70450BD0B0
:10225000DC4A7832904207D0DA4B9033984203D070
:10226000D849A83188427DD194F86020082102F035
:102270001F0201FA02F23A424AD0B04232D040453F
:1022800030D048452ED050452CD058452AD0CC4A85
:102290001832904226D0CA4A3032904222D0C84AE0
:1022A000483290421ED0C74A90421BD0C54A1832CD
:1022B000904217D0C34A3032904213D0C14A4832BC
:1022C00090420FD0BF4A603290420BD0BD4A783264
:1022D000904207D0BB4A9032904203D0B94AA8320C
:1022E000904203D1026802F0040202E0026802F0A8
:1022F00008026AB1026822F00402026094F86000E9
:1023000000F01F008140A960A06D40F00100A065B1
:1023100094F86000012100F01F008140394240D054
:102320002068B04234D0404532D0484530D0504586
:102330002ED058452CD0A24A1832904228D0A04A1C
:102340003032904224D09E4A4832904220D09D4A5A
:1023500090421DD09B4A1832904219D0994A30328F
:10236000904200E0A7E113D0964A483290420FD045
:10237000944A603290420BD0924A7832904207D011
:10238000904A9032904203D08E4AA83290427DD13A
:10239000406910F0800F04D0A960A06D40F00200E9
:1023A000A06594F86000042100F01F0081403942CC
:1023B0003ED02068B04232D0404530D048452ED083
:1023C00050452CD058452AD07D4A1832904226D00C
:1023D0007B4A3032904222D0794A483290421ED015
:1023E000784A90421BD0774A1832904217D0754AEB
:1023F0003032904213D0734A483290420FD0714A23
:10240000603290420BD06F4A7832904207D06D4ACA
:102410009032904203D06B4AA83290424ED100686D
:1024200010F0020F04D0A960A06D40F00400A06578
:1024300094F86000102100F01F008140394258D00C
:102440002068B04234D0404532D0484530D0504565
:102450002ED058452CD05A4A1832904228D0584A8B
:102460003032904224D0564A4832904220D0554AC9
:1024700090421DD0534A1832904219D0514A3032FE
:10248000904215D04F4A4832904200E014E00FD0FD
:102490004C4A603290420BD04A4A7832904207D080
:1024A000484A9032904203D0464AA832904207D11F
:1024B000006800F0080006E0006872E70068B7E70F
:1024C000006800F00400A0B1A96020680168490319
:1024D00004D50068000308D5E16C07E00168C90570
:1024E00003D4016821F008010160616C09B1204644
:1024F000884794F86000202100F01F008140394295
:1025000076D02068B04232D0404530D048452ED0F9
:1025100050452CD058452AD0294A1832904226D00E
:10252000274A3032904222D0254A483290421ED06B
:10253000244A90421BD0234A1832904217D0214A95
:102540003032904213D01F4A483290420FD01D4A79
:10255000603290420BD01B4A7832904207D0194A21
:102560009032904203D0174AA832904203D10068BB
:1025700000F0100002E0006800F00200D8B1A9608D
:10258000A06B04282068016806D049037BD5006849
:10259000000329D4A16C28E021F016010160206815
:1025A000416921F080014161606C08B9E06C70B153
:1025B0002068016808E01BE01000024014000024BD
:1025C000700002401004024021F00801016094F8FC
:1025D00060303F21012003F01F0300229940A960D1
:1025E000A0636263616D5FE0216C09B1204688479A
:1025F000A06D00287ED0A06DC00754D020680421B3
:10260000A163B0422BD0404529D0484527D0504542
:1026100025D0584523D09949884220D09749183170
:1026200088421CD095493031884218D0944988425C
:1026300015D093491831884211D0914930318842E0
:102640000DD08F494831884209D08D496031884288
:1026500005D08B497831884201D089499031016891
:1026600021F00101016020680099019A491C009144
:10267000914202D80168C907F6D10068C0070ED0A0
:1026800003200DE0FFE70168C905ADD4036801210F
:10269000002223F010030360A1636263A4E701201A
:1026A000A06300206063216D002923D002B0204682
:1026B000BDE8F05F0847734988421DD07149143165
:1026C000884219D06F492831884215D06D493C3174
:1026D000884211D06B49503188420DD0694964312C
:1026E000884209D067497831884205D065498C31E4
:1026F000884200E07EE07DD194F860800427016884
:1027000008F01F0807FA08F717EA0C0F009746D0E1
:102710004F0744D500980F04686003D5C8033CD424
:10272000E16CC1E7880638D42068B0422DD0534907
:102730006039884229D0484527D0504525D0584592
:1027400023D04E49884220D04C49183188421CD0B1
:102750004A493031884218D04949884215D0484901
:102760001831884211D04649303188420DD0444951
:102770004831884209D0704507D0904205D0984230
:1027800003D03F49A831884203D1016821F00801F4
:1027900002E0016821F004010160616C84E7022716
:1027A00007FA08F717EA0C0F00974CD08F074AD5A5
:1027B00000980F04686003D5C80342D4A16C73E786
:1027C00088063ED42068B0422FD02C496039884218
:1027D0002BD0484529D0504527D0584525D02749EA
:1027E000884222D02549183188421ED023493031F1
:1027F000884200E040E018D02149884215D02049A5
:102800001831884211D01E49303188420DD01C4900
:102810004831884209D0704507D0904205D098428F
:1028200003D01749A831884203D1016821F014016F
:1028300002E0016821F00A0101600121A16300208A
:102840006063216C30E7082202FA08F212EA0C0FEA
:1028500012D0090710D5016821F00E01016094F82B
:1028600060100120002201F01F0100FA01F16960EF
:10287000A065A063626316E7BDE8FC9F8800024084
:1028800010040240085402582DE9F05F044601F09C
:10289000E1F9002C07467BD0DE4E022120684FF084
:1028A0000308DFF874934FF00005DFF870A3B0421F
:1028B000DFF86CB334D0D74A1832904230D0484554
:1028C0002ED050452CD058452AD0D54A18329042A7
:1028D00026D0D34A3032904222D0D14A4832904258
:1028E0001ED0D04A90421BD0CE4A1832904217D008
:1028F000CC4A3032904213D0CA4A483290420FD06C
:10290000C84A603290420BD0C64A7832904207D013
:10291000C44A9032904203D0C24AA83290427CD13D
:10292000A163B04265632ED0BA49183188422AD0DB
:10293000484528D0504526D0584524D0B8491831AC
:10294000884220D0B649303188421CD0B449483141
:10295000884218D0B349884215D0B249183188420C
:1029600011D0B049303188420DD0AE49483188424B
:1029700009D0AC496031884205D0AA4978318842F3
:1029800001D0A8499031016821F00101016008E0FF
:1029900021E100BF01F05EF9C01B052801D920210B
:1029A00016E120680068C007F4D1D4E90203216869
:1029B000103418438E4694E88410D4E9033809682B
:1029C0003A431043984A40EA0C00676918431140A3
:1029D000103C40EA0800042F40EA010003D1D4E98A
:1029E0000B12114308436168A1F12902052A0BD992
:1029F000163A032A08D9083A012A05D9083A032ABF
:102A000002D97439032901D840F48010CEF80000AF
:102A10002068676A4069042F00E01EE020F007008C
:102A200047EA00070CD1D4E90A01074341B1204627
:102A3000FEF742FE20B14020A0650121A163CAE05B
:102A4000206847612046FEF755FD94F860203F213D
:102A500002F01F029140816052E0744A90421BD004
:102A6000724B1433984217D0704B2833984213D0CE
:102A70006E4B3C3398420FD06C4B503398420BD086
:102A80006A4B6433984207D0684B7833984203D03E
:102A9000664B8C3398427DD1A1636563644B0168BA
:102AA000A26801EA030E402A75D0802A74D0002261
:102AB000D4E90378D4E9053142EAD70242EAD808DA
:102AC0005A4AD4E9077C48EAD30848EAD10141EAE6
:102AD000D701524241EA1C11142341EA0E01016060
:102AE00020681044B0FBF3F0800020662046FEF71B
:102AF00001FD94F86020012102F01F029140416025
:102B00002068B04257D043491831884253D04845D5
:102B100051D050454FD058454DD041491831884289
:102B200049D03F493031884245D03D4948318842FB
:102B300041D03C4988423ED03A49183188423AD087
:102B400038493031884236D036494831884232D00F
:102B50003449603188422ED03249783188422AD0B7
:102B600030499031884226D02E49A831884222D05F
:102B70002E4988421FD02D49143188421BD02B4941
:102B80002831884217D029493C31884213D027493F
:102B9000503102E01BE015E016E088420BD02349DB
:102BA0006431884207D021497831884203D01F49D7
:102BB0008C31884229D12046FEF7F6FCA068802897
:102BC0000CD00CE0102273E74FF4804270E74021F4
:102BD000A165C4F838800120BDE8F09F6560616E92
:102BE00020790860D4E91A0141606068401E072816
:102BF00008D82046FEF726FD206F0560D4E91D01A8
:102C0000416002E025676567A5670120A565A063AF
:102C10000020E1E71000024040000240580002405E
:102C200070000240100402403F8010FE0854025819
:102C30000F00FEFF2DE9F84F04008C464FF0000016
:102C4000009010D0606B01280FD0A56B01200021EF
:102C50006063012D0BD0C002A0650120009061636C
:102C60000098BDE8F88F0120FBE70220F9E78C4DC2
:102C700002262068A663A8428A4DA1658A4E8B4F22
:102C8000DFF82C82DFF82C92DFF82CA2DFF82CB2D0
:102C900026D0A84224D0B04222D0B84220D040450D
:102CA0001ED048451CD050451AD0584518D08449EC
:102CB000884215D082491831884211D0804930317C
:102CC00088420DD07E494831884209D07C49603124
:102CD000884205D07A497831884201D078499031CC
:102CE000016821F00101016061462046FEF70EFDFA
:102CF0006B49206888422CD0A8422AD0B04228D004
:102D0000B84226D0404524D0484522D0504520D056
:102D100058451ED06A4A90421BD0694A18329042E8
:102D200017D0674A3032904213D0654A48329042F9
:102D30000FD0634A603290420BD0614A78329042A1
:102D400007D05F4A9032904203D05D4AA832904249
:102D50000CD1026822F01E0242F016020260606C82
:102D600088B12068026842F008020BE0026822F095
:102D70000E0242F00A020260606C20B12068026814
:102D800042F004020260206888424BD0A84249D039
:102D9000B04247D0B84245D0404543D0484541D0E5
:102DA00050453FD058453DD0454A90423AD0444ADC
:102DB0001832904236D0424A3032904232D0404AA5
:102DC000483290422ED03E4A603290422AD03C4A4D
:102DD0007832904226D03A4A9032904222D0384AF5
:102DE000A83290421ED0374A90421BD0354A143246
:102DF000904217D0334A2832904213D0314A3C32A5
:102E000090420FD02F4A503290420BD02D4A64325C
:102E1000904207D02B4A7832904203D0294A8C3214
:102E200090420DD1606E0268D20303D5026842F46D
:102E300080720260206F18B1026842F480720260F2
:102E40002068884226D0A84224D0B04222D0B8427E
:102E500020D040451ED048451CD050451AD058457A
:102E600018D01749884215D015491831884211D019
:102E70001349303188420DD011494831884209D078
:102E80000F496031884205D00D497831884201D020
:102E90000B499031016841F001010160E0E600005A
:102EA000100002402800024040000240580002404A
:102EB0007000024088000240A0000240B8000240BA
:102EC000100402400854025870B5044600F0C2FED7
:102ED0000546601C02D004484068044400F0BAFE75
:102EE000401BA042FAD370BD0800002410B5D0F8F2
:102EF000A030012B09D0022B07D0D0F8A81041F048
:102F00000201C0F8A810012010BD03689C6D0C429E
:102F100003D1DC6D44F0010404E09C6D31EA04044B
:102F20001FD00324DC658B0505D50368D3F8E0408A
:102F30001443C3F8E0404B0505D50368D3F8E440DB
:102F40001443C3F8E4400068084A01EA0203446DF0
:102F5000074A1C434465106840EA917010600020E5
:102F600010BDDC6D44F00204DCE70000FFFFCF3F42
:102F700014A8004070B50446D0F8A000022804D080
:102F8000D4F8A80040F008000DE02068D0F8C03068
:102F900013F07C5F0BD0D0F8C4309B020CD5D4F872
:102FA000A80040F40070C4F8A800012070BDD4F857
:102FB000A80040F02000F6E7D0F8C400C0F30445B4
:102FC00020462B46FEF7C2FD21680120A840C1F82B
:102FD000D000C4F89C00002070BD7047D0F8A0302D
:102FE000012B07D0D0F8A81041F00401C0F8A810B8
:102FF0000120704761B10068012913D0D0F8B010EA
:1030000021F0FE4141EA0261C0F8B0100020704793
:103010000068D0F8F01021F07C5141EA0261C0F85C
:10302000F010F3E7D0F8A01021F0FE4141EA026170
:10303000C0F8A010EAE770B5D0F8A020012A09D0A6
:10304000022A07D0D0F8A81041F00201C0F8A81059
:10305000012070BD0B68CA6883B10B69072A43EA77
:10306000427325D00C7A4A6942EA84724968806FBB
:1030700000EBC100C0E90032002070BD072A0DD06E
:103080000C7AD6060D8A4B6943EA847246EA0543F8
:10309000406F49681A4340F82120EDE70B8A4FF052
:1030A0006055D1E9062442EA034245EA0423EFE7EA
:1030B0008A69DBE730B5D0F8A050039C012D07D01A
:1030C000D0F8A81041F00401C0F8A810012030BDCC
:1030D0000D01016845EA820040EA43002043C1F83F
:1030E0008000002030BD0000134910B5884222D175
:1030F00000F027F811490022C301CA6003D5CA684D
:1031000042F00102CA60020203D5CA6842F002021C
:10311000CA60820103D5CA6842F00402CA60020193
:1031200003D5CA6842F00802CA60C00003D5C86867
:1031300040F01000C86010BD98120024A4010024C3
:103140007047D0F8A8007047F0B5D0F8A050002420
:10315000022D04D0D0F8A81041F0080129E0402940
:1031600005D0412929D0856D8D4219D943E00568E4
:10317000D5F8A06016F4FE0F12D0D5F8A46076063C
:1031800013D0D5F8A460F60105D5D5F8A06016F0E7
:10319000004F00D50124D5F8A470C66FC56C25E09A
:1031A000D0F8A81041F0200103E0D0F8A81041F4B5
:1031B0008071C0F8A8100120F0BD0568D5F8B06096
:1031C00016F4FE0FECD0D5F8B4607606EDD0D5F845
:1031D000B460F60105D5D5F8B06016F0004F00D503
:1031E0000124D5F8B470D0F88060456DC7F3052789
:1031F0003C44654303E0C56DD0F884604D4306EB65
:1032000085052E6816F0804656602E6836D026F06A
:1032100060461660D5F800C000262E4F0CF0005C0A
:10322000C2F808C0D5F800C00CF0004CC2F810C0BD
:10323000B5F804C01FFA8CFCC2F81CC0D5F804C055
:10324000CCF3034CC2F80CC0D5F804C00CF4801CBD
:10325000C2F814C0D5F804C00CF4001CC2F818C0A1
:10326000D5F804C0CCF3066CC2F820C0D5F804C071
:1032700008354FEADC7CC2F824C008E0C6F38A4671
:10328000C7E700BF15F806C003F806C0761CD2F8E1
:103290000CC017F80CC0B445F4D840290AD0412915
:1032A0000CD020294FF001020CD200688A40C0F8EF
:1032B00098200DE00068C0F8A84009E00068C0F858
:1032C000B84005E0006801F01F018A40C0F89C206A
:1032D0000020F0BDBC300108704700002DE9FF5F01
:1032E000DFF80CB304460BF10401DBF8000025689D
:1032F0000F68AA468007D5F85090696DD5F85080C0
:103300006E6D2A6DD5F854C02B6D00EA8770009061
:1033100009F470496F6D286D01EA09010191DAF82D
:103320005410DAF85490DAF8505008F00F0806EA12
:103330000806029602F0F00203F071536FEA0906E4
:103340001F4000F060700CEA020CCDF80CC0F205D2
:1033500001EA00090CD4E843C00509D400214FF468
:103360008073CAF85030CBF800102046FFF7B4FF46
:10337000700512D4E84340050FD4206800234FF4B1
:103380008068D0F8DC20D0F8E410C0F85080CBF88A
:1033900000301140204600F044FBDFF858A20098AE
:1033A00050B12268830F00EA0A001065CBF80030A4
:1033B00020460099FFF711FE019850B12268830F53
:1033C00000EA0A001065CBF800302046019900F0B1
:1033D0002AFB029850B12268830F00EA0A001065A8
:1033E000CBF800302046029900F0E4FA039850B17F
:1033F0002268830F00EA0A001065CBF800302046EF
:10340000039900F0E7FA30050CD4E843000509D42D
:10341000236800204FF400621A65CBF800002046B4
:1034200000F002FBB00512D4E84380050FD42068F9
:1034300000234FF40078D0F8D820D0F8E010C0F87E
:103440005080CBF800301140204600F0EBFA3003FA
:103450000CD4E843000309D4236800204FF4002271
:103460001A65CBF80000204600F0A2FAF0030CD455
:10347000E843C00309D4236800204FF480321A6562
:10348000CBF80000204600F0CBFA70030CD4E843E0
:10349000400309D4226800204FF480231365CBF841
:1034A0000000204600F0BBFAB0030FD4E8438003CD
:1034B0000CD4236800204FF400321A65CBF80000CA
:1034C000D4F8A80040F08000C4F8A800B9F1000FBB
:1034D0000BD022684FEA997309EA0A001065CBF80D
:1034E000003049462046FFF72BFE5FB12268BB0F34
:1034F00007EA0A001065CBF80030D4F8A80038437A
:10350000C4F8A8003C492068884268D160688146B8
:103510008068800763D0D9F82060D9F82410D9F8E2
:103520002080D9F82400D9F820C0D9F82470D9F81F
:103530002030D9F82450D9F8202003F4FC4306F0B9
:103540000F0AD9F824601D40D9F824B008F03008DB
:103550000CF4C07C02F4F02211EA0A0100EA080827
:1035600007EA0C0706EA0206D9F820A004D0C9F839
:103570002010204600F050FAB8F1000005D0616834
:1035800008624146204600F049FA6FEA0B00400607
:103590000ED46FEA0A0040060AD460684021C36B6B
:1035A000C26B01622046190C02F03F0200F035FAAE
:1035B0002FB1606807623946204600F02CFA35B119
:1035C00060680562D4F8A8002843C4F8A80036B1A2
:1035D00060680662D4F8A8003043C4F8A800D4F8A4
:1035E000A800002802D02046FFF77EFDBDE8FF9F1F
:1035F00010A80040FFFFCF3F00A000402DE9F041A0
:1036000094B08E494C2204466846FDF742F864B1F6
:103610008B4D2068A84202D100F580706060D4F81C
:10362000A0004FF0000820B108E0012014B0BDE870
:10363000F0812046C4F8A48000F004F92068816974
:1036400021F01001816100F005FB0327064604E02C
:1036500000F000FB801B0A2811D820688069000751
:10366000F6D42068816941F00101816100F0F2FA2D
:1036700006460DE000F0EEFA801B0A2808D9D4F8BF
:10368000A80040F00100C4F8A800C4F8A070CCE77E
:1036900020688069C007EDD02068816941F002018F
:1036A0008161206901282068816937D041F040019B
:1036B0008161606901282068816932D021F48041EC
:1036C0008161A0690128206881692DD041F4805171
:1036D00081612068A268816921F440711143816190
:1036E0002068816921F0A40181612068016921F0CD
:1036F00010010161E068012819D010B302281BD025
:103700002068816941F0800181612068016941F090
:1037100010010161E06803280ED012E021F04001A1
:10372000C6E741F48041CBE721F48051D0E720681F
:10373000816941F0040103E02068816941F02001C2
:10374000816194F820006FF0FF02D4E90973A68B21
:103750001102400602EB0727A0F1007038432768EA
:103760005B1E184301EB06463043F861A068B0F5D4
:10377000407F11D104F13000A68D6FF00F0C89C885
:1037800001EB0641401E02EB0322104322680CEBC2
:10379000071318430843D060A06E30B12068E26E72
:1037A000D0F8C0101143C0F8C010D4E9191268460F
:1037B000D14209D02168236F51F8C82F50F8233027
:1037C00022F007021A430A60A16C49B12168E26C39
:1037D00051F8BC3F50F8226023F0070232430A60E0
:1037E000216D51B12168636D51F8BC2F50F8233021
:1037F00022F0700242EA03120A60A16D51B1216801
:10380000E26D51F8BC3F50F8220023F4E06242EA36
:10381000002008602068A84204D16068816821F017
:1038200003018160C4F89C800121C4F8A880C4F819
:10383000A0102046FEF7A2F8F8E60000CC30010800
:1038400000A00040F0B587B0054614216846FCF79B
:1038500052FF514E00244F4B02272D684FF0090CA8
:10386000DFF838E10C3B31684A4A75454C4801F1B4
:1038700001012AD10129316007D1116841F4807119
:103880001160116801F480710591196841F0080117
:103890001960196801F00801059103210091CDE933
:1038A0000174CDE9034C694600F0C0F800220521FF
:1038B000132000F06DFA132000F05CFA00220521BD
:1038C000152000F065FA15202EE0DFF8D8E07545E8
:1038D0002ED10129316007D1106840F4807010604A
:1038E000106800F480700590186840F002001860BD
:1038F0001868694600F00200059060200090CDE94C
:1039000001742948CDE9034C00F090F8002205210C
:10391000142000F03DFA142000F02CFA00220521BA
:10392000162000F035FA162000F024FA07B0F0BD9A
:10393000DFF878C06545F9D10129316007D11168F8
:1039400041F480711160116801F48071059119686A
:1039500041F0080119601968052201F0080105917C
:103960004FF440510091CDE90174CDE9034269461D
:1039700000F05CF8002205219F2000F009FA9F204A
:1039800000F0F8F900220521A02000F001FAA020A3
:10399000CAE70000EC4402580400002400A00040E4
:1039A000000C025800A400400004025800D400405B
:1039B000704700000549884201D10AF097B90449CF
:1039C000884201D10AF020BA704700009812002402
:1039D000F01300240249884201D10AF0EFB9704780
:1039E00044130024D0F8A010012907D0D0F8A81063
:1039F00041F00401C0F8A810012070470221C0F86E
:103A0000A010002201688B6923F001038B61C0F8CC
:103A1000A82010467047704770477047704770473E
:103A20007047704770477047704700002DE9F84FA6
:103A300003247A4D00234FF001094FF0B04B4FF0B3
:103A40000F0AE4E009FA03F6324078D00F7907F064
:103A50000307012F01D0022F1AD187684FEA430EC6
:103A6000D1F80CC004FA0EF827EA08070CFA0EFC8D
:103A70004CEA070CC0F808C0476891F804C0B74387
:103A8000CCF3001C0CFA03FC4CEA070CC0F804C091
:103A90000E79F643B6070BD0C6684FEA43088F6825
:103AA00004FA08FC26EA0C0607FA08F73743C76051
:103AB0000E7906F00306022E12D1DE080F694FEAD6
:103AC000437C00EB8606B646366A4FEADC6C0AFA9F
:103AD0000CF807FA0CF726EA08063743CEF82070F0
:103AE0000F7906684FEA430807F0030704FA08FC59
:103AF00007FA08F726EA0C06374307604E6816F403
:103B0000403F1CD0464E376847F0020737603668A2
:103B10009F0706F00206009623F0030606F1B04662
:103B2000B6463F0FD6F80864DFF8F8800AFA07FCBB
:103B3000404526EA0C0603D14FF0000C3AE065E060
:103B4000DFF8E4C0604502D14FF0010C32E0DFF84D
:103B5000DCC0604502D14FF0020C2BE0DFF8D0C092
:103B6000604502D14FF0030C24E0DFF8C8C0604587
:103B700002D14FF0040C1DE0DFF8BCC0604502D15B
:103B80004FF0050C16E0DFF8B4C0604502D14FF0ED
:103B9000060C0FE0DFF8A8C0604502D14FF0070C1B
:103BA00008E0DFF8A0C0604502D14FF0090C01E049
:103BB0004FF00A0C0CFA07FC4CEA060CCEF808C4CD
:103BC0004F68DBF80060FF0226EA020600D51643C4
:103BD0005F46CBF80060D1F804C0DBF804605FEA10
:103BE0008C2C26EA020600D516437E606E684F686C
:103BF00026EA0206BF0300D516436E602E684F68A2
:103C000026EA0206FF0300D516432E605B1C0A68F5
:103C100032FA03F67FF416AFBDE8F88F8000005843
:103C2000F4440258000002580004025800080258E8
:103C3000000C0258001002580014025800180258D4
:103C4000001C0258002402580AB18161704709041F
:103C5000FBE700000148806870470000080000246E
:103C6000024881684268114481607047080000245E
:103C7000032010B500F0ACF801F0C0FD0F4A104968
:103C800014681368C4F3032203F00F038A5CC95C51
:103C900002F01F0201F01F01D0400A4A20FA01F190
:103CA0001160094908600F2000F010F808B10120E8
:103CB00010BD00F04DF8002010BD0000184402585F
:103CC00040310108180000241400002410B5102809
:103CD00004468AB02AD200220146A12000F058F8FA
:103CE000A12000F047F8154804601548016841F02C
:103CF00080710160006808A900F080700990684632
:103D000001F008FD01F068FD0E49400000220E4C54
:103D1000B0FBF1F10D4840F2E7330460C0E9033233
:103D2000491EC0E9011202F0B3FC10B101200AB033
:103D300010BD064802F002FDF9E70000080000246B
:103D4000EC44025840420F0000E00040B01D002447
:103D5000074882B0016841F002010160006800225A
:103D60000F2100F002000090901E02B000F010B889
:103D7000F4440258002809DB410900F01F028900C1
:103D8000012001F1E0219040C1F8000170470000DE
:103D90000E4BF0B41B680D46C3F30223C3F10706B4
:103DA000042E00D90426191D072901D2002300E0A2
:103DB000DB1E012404FA06F19C40491E2940641EC2
:103DC000994014402143F0BC07F037BC0CED00E0F3
:103DD000064900F0070210B54FF6FF040868044BCF
:103DE000204040EA02201843086010BD0CED00E0BE
:103DF0000000FA0501680123C0F8DC340022C0F895
:103E0000D0248869044A40F000608861486D1043FE
:103E100048650020704700000300001070470068EC
:103E2000416200207047F0B503685D6A39B19F6A4E
:103E30004C1E00204FF4827605EB17450BE045EA57
:103E40000240986210E0471C06EB800053F800C067
:103E5000F8B205EB1C45A042F5D34FF4807000EB9F
:103E6000810045EA02421A500020F0BDD0F8E40477
:103E700006F0BBBA01EBC10200EB8202D0F8E40409
:103E8000126A06F00EBA01EBC10200EB8202D0F812
:103E9000E404D2F8602206F060BAD0F8E40406F038
:103EA000A6BA0A0601F00F0101EBC10100EB810186
:103EB00001D5143101E001F51571006807F094B9DE
:103EC00001F00F020B0670B502EBC20104464FF081
:103ED00001004FF0000504EB810102D54875143153
:103EE00003E081F8555201F515710A70D4F8942455
:103EF000012A08D0C4F89404206806F093FE00203C
:103F0000C4F8945470BD022070BD70B502790446A7
:103F100001F00F00904201D9012070BD01F00F02A5
:103F20004FF000050B0602EBC2014FF0010204EB5B
:103F3000810102D54A75143103E081F8555201F52B
:103F400015718D700870D4F89404012808D0C4F855
:103F50009424206806F0D0FF0020C4F8945470BD6B
:103F6000022070BD01F00F0101EBC10100EB8100E7
:103F7000D0F8680270472DE9F04101F00F060446C1
:103F80000D064FF0010006EBC6014FF0000504EBF3
:103F9000810102D54875143103E081F8555201F5CD
:103FA0001571C2F30A024F780B718A600E7007B167
:103FB0004E83022B00D14D71D4F89424012A09D0EC
:103FC000C4F89404206806F075FD2846C4F894549B
:103FD000BDE8F0810220FBE770B501F00F05002479
:103FE00005EBC50100EB810101F5187181E81C00AA
:103FF00001F80B4C01F80C5D8379012B00D1CA61EB
:104000008279006806F0D0FF002070BD70B50D46C3
:104010000179044605F00F00884201D9012070BDE6
:1040200029064FF000064FF0010206D500EBC00153
:1040300004EB81014A75143107E005EBC50104EB7F
:10404000810181F8556201F515718A700870D4F804
:104050009404012807D0C4F89424206806F078FF5F
:10406000280702D007E0022070BDA17904F5946210
:10407000206806F015FF0020C4F8946470BD70B588
:1040800001F00F04002504EBC401012600EB8101BF
:10409000203181E82C0001F80B6C01F80C4D83797C
:1040A000012B00D1CA618279006806F07DFF0020F3
:1040B00070BD00002DE9FC5F05680446284607F046
:1040C0002FF900287ED1206807F056F9002879D012
:1040D000D5F80808C0F30D20C4F8D804206807F00C
:1040E0004BF9800704D52068416901F00201416164
:1040F000206807F041F9C10604F59460009035D5B9
:104100002068816921F0100181612F6A07F00F0199
:10411000C7F3434001EBC101022804EB810606F519
:10412000157602D0062812D01BE047F6F070074241
:1041300017D0C7F30A12F1681746284607F020F98E
:104140007169F068394471613844F06009E00099A0
:104150000822284607F014F97069C7F30A110844C9
:1041600070612068816941F010018161206807F069
:1041700003F900034FF0080B4FF0000A4FF001095C
:104180007CD52068002607F0D6F8074674E0F807CB
:1041900070D02068F1B207F0E7F88046C00707D07A
:1041A00005EB4611C1F8089B3146204604F076F82D
:1041B0005FEA087024D505EB4611C1F808BBFA493F
:1041C000206800E03EE2026C00EB461001928A4259
:1041D000D0F8081B05D9090403D54FF40041C0F8F5
:1041E000081B204600F001FBEF490198884207D9DF
:1041F000A079012804D120680121009A06F050FE20
:104200005FEAC86004D505EB46111020C1F8080B21
:104210005FEA88701DD56869000605D5D5F80408E1
:1042200040F48061C5F8041806EBC60004EB80007A
:1042300090F8571200F51570012905D180F803A0F8
:104240002046F1B200F004FA05EB46110220C1F855
:10425000080B5FEA886004D505EB46112020C1F801
:10426000080B5FEA884005D505EB46114FF4005076
:10427000C1F8080B7F08761C002F88D1206807F052
:104280007BF840036ED5206807F04EF800260746FD
:1042900066E0F80762D02068F1B207F053F8804674
:1042A000C00723D0D5F8342806F00F0C05EB4613D1
:1042B00009FA0CF08243C5F83428C3F80899A079AC
:1042C00001280FD106EBC60004EB8000D0E90721DE
:1042D0001144016236B9606A20B920680121009A50
:1042E00006F0DEFD2046F1B2FFF7C4FD5FEA08707C
:1042F00003D505EB4611C1F808B95FEAC86004D5DB
:1043000005EB46111020C1F808095FEA486004D5A2
:1043100005EB46114020C1F808095FEA887016D500
:104320003146284606F0D1FF06EBC60004EB8000BC
:10433000C17D1430012905D180F803A02046F1B2D7
:1043400000F082F905EB46110220C1F808095FEA86
:10435000086003D53146204604F006F87F08761C35
:10436000002F96D1206807F007F8002811DAD5F859
:10437000040820F00101C5F80418D4F8D00401287D
:104380003BD0204600F016FA2068416901F0004158
:104390004161206806F0F0FF00050BD5D5F808084C
:1043A000C00702D0204600F049FA2068416901F4B4
:1043B00000614161206806F0DFFF00010AD5206836
:1043C000416901F000614161D4F8D004E0B12046B8
:1043D00000F034FA206806F0CFFFC00472D5D5F89B
:1043E000040820F00100C5F804082068102106F038
:1043F0006CFF00214FF67F322DE000212046C4F8EB
:10440000D0A4FFF70BFDBFE7C4F8D0942068406D3F
:104410000121C0F38300C4F8D4042046FFF7FEFC5A
:10442000D8E700BF05EB4110C0F80829D0F80039E3
:1044300023F40013C0F80039C0F8082BD0F8003B73
:1044400023F40013C0F8003BD0F8003B43F00063B6
:10445000C0F8003B491C20798842E3D8D5F81C08F5
:1044600040F00111C5F81C18E07B68B1D5F884084C
:1044700040F00B01C5F88418D5F8440840F00B0152
:104480002846C5F844180DE0D5F8140842F22B016F
:104490000843C5F81408D5F8100840F00B01284669
:1044A000C5F81018D0F8000820F4FE61C5F800180F
:1044B000A1792068009A06F0F3FC2068416901F4B4
:1044C00080514161206806F057FF800416D52068AE
:1044D00006F030FB206806F016FFE07101F048F9A5
:1044E00023680146E279184606F0AAFF204600F04C
:1044F0004BF92068416901F400514161206806F0E0
:104500003BFF000707D5204600F058F920684169B5
:1045100001F008014161206806F02EFF000615D564
:10452000A869012620F08001A9610CE006EBC60015
:1045300004EB800090F85702012803D12046F1B225
:10454000FFF7AFFC761C2079B042EFD8206806F068
:1045500013FFC0021FD501264F4614E006EBC6002C
:1045600005EB461304EB8001D3F800090A7E012A0B
:1045700008D1002806DAF0B2CF7540F0800120465D
:10458000FFF78FFC761C2079B042E7D8206841699C
:1045900001F480114161206806F0EEFE800234D5FE
:1045A00001204A4629E000000A30544F00EBC003C6
:1045B00005EB401604EB8301D6F8006B91F85832F6
:1045C000012B19D1002E17DA94F8D834C6F300461F
:1045D00003F00103B3420FD181F85722A96941F0DA
:1045E0008003AB616969090606D4D5F8040840F474
:1045F0000070C5F8040803E0401C21798142D5D839
:104600002068416901F400114161206806F0B4FEA0
:10461000400007D52046FFF729FC2068416901F0DA
:1046200080414161206806F0A7FE40070AD5206856
:104630004568680702D52046FFF72FFC20684168CF
:1046400029434160BDE8FC9FD0F8E40405F027BF92
:10465000D0F8E40405F037BFF8B5040004D0D4F86E
:104660009804002510B106E00120F8BD2046C4F8EA
:10467000945400F057F80320C4F89804206806F01A
:1046800009FC207C8DF8000094E80F0006F060FA29
:104690000226B0BB2068002106F092FE88BB0020F5
:1046A00001270CE000EBC001421C04EB81014F75B7
:1046B0000D76CD610D624D620875C885D0B2217945
:1046C0008142EFD8002011E000EBC001421C04EB56
:1046D000810181F8555281F85852C1F85C52C1F8F5
:1046E0006052C1F8645281F85402D0B221798142FB
:1046F000EAD8207C8DF8000094E80F0006F014FB47
:1047000010B1C4F89864AFE7207B6574C4F898745E
:10471000012802D12046FFF76DFB206806F0F6FA6B
:104720000020F8BD10B5B0B00446B8216846FBF7CC
:10473000E2FF13492068884220D100204FF48021F5
:104740004FF440122192CDE90010684600F016FAAD
:1047500008B1FDF7ECF800F0B3F80A48016841F041
:104760000071016000680022052100F000702E90A9
:104770004D20FFF70DFB4D20FFF7FCFA30B010BDC8
:1047800000000440D844025870B50446C0790125A1
:1047900070B1022801D0FDF7CAF8D4F8E404294624
:1047A00005F000FFD4F8E404BDE8704005F0B4BEA5
:1047B0000025F2E7D0F8E40405F0DDBED0F8E4040B
:1047C00005F0E3BE10B50446D0F8940401280AD0E1
:1047D00001206174C4F89404206806F020FE0020D3
:1047E000C4F8940410BD022010BDD0F8E42400F5F4
:1047F0009461104605F0E2BE10B5D0F8941404465A
:104800000068012909D00121C4F89414C16849063F
:1048100009D5617B012902D005E0022010BD816B22
:1048200041F480318163206806F02DFD206806F098
:104830005FFA0020C4F8940410BD000010B50446CF
:10484000D0F8E40405F0FCFE2068D0F8001E41F02A
:104850000101C0F8001EE07A002804D00248016877
:1048600041F00601016010BD10ED00E0134970B584
:104870000A68D243520705D5096801F00701814251
:1048800013D118E00A6822F0070202430A60FFF71A
:10489000E1F90A4D4FF47A760446083D07E000BF7F
:1048A000FFF7D8F9001BB04201D9012070BD28687C
:1048B000C0438004F4D4002070BD00000C480258AE
:1048C0000248016841F08071016070470C4802584D
:1048D00010B500F04DFF05490968054AC1F3021102
:1048E000515C01F01F01C84010BD00002044025877
:1048F00040310108494930B5484C0B1D0A68143451
:1049000009681D68246802F00303C5F30012C1F3AF
:104910000531C4F3CC04002914FB02F200EE102A86
:10492000F8EE400A75D03F4A9FED3D1AB7EE000AF7
:104930006BB1DFED3D1A012B01D0022B64D002EEEA
:10494000101A1168F8EE422A81EEA22A21E0334CB7
:10495000283C23689B0612D5344B246801EE901A3C
:104960001168C4F3C104F8EE612AE34001EE903A05
:10497000C1F30801F8EE611A81EEA22A0BE001EE04
:10498000901ADFED2B2A00BFF8EE611A116882EE53
:10499000A12AC1F3080101EE901A1168F8EE611A1C
:1049A00040EE811A71EE800A62EE200AC1F34621C0
:1049B00001EE101AB8EE411A31EE001AC0EE811A5B
:1049C000BCEEE11A80ED001A1168C1F3064101EE58
:1049D000101AB8EE411A31EE001AC0EE811ABCEE80
:1049E000E11A80ED011A1168C1F3066101EE101A97
:1049F000B8EE411A31EE000A80EE801ABCEEC10A10
:104A000080ED020A30BD04E001EE901ADFED092AC4
:104A1000BAE70021016041608160F3E72844025851
:104A200000000039384402580024744A0090D00332
:104A30000024744C001BB74B494930B5484C0B1D42
:104A40000A681C3409681D68246802F00303C5F372
:104A50000022C1F30551C4F3CC04002914FB02F277
:104A600000EE102AF8EE400A75D03F4A9FED3D1A3D
:104A7000B7EE000A6BB1DFED3D1A012B01D0022B1E
:104A800064D002EE101A1168F8EE422A81EEA22AD2
:104A900021E0334C283C23689B0612D5344B246814
:104AA00001EE901A1168C4F3C104F8EE612AE340E4
:104AB00001EE903AC1F30801F8EE611A81EEA22AE4
:104AC0000BE001EE901ADFED2B2A00BFF8EE611A21
:104AD000116882EEA12AC1F3080101EE901A116853
:104AE000F8EE611A40EE811A71EE800A62EE200A39
:104AF000C1F3462101EE101AB8EE411A31EE001A48
:104B0000C0EE811ABCEEE11A80ED001A1168C1F303
:104B1000064101EE101AB8EE411A31EE001AC0EE4D
:104B2000811ABCEEE11A80ED011A1168C1F3066129
:104B300001EE101AB8EE411A31EE000A80EE801A2A
:104B4000BCEEC10A80ED020A30BD04E001EE901A0D
:104B5000DFED092ABAE70021016041608160F3E7D7
:104B60002844025800000039404402580024744A86
:104B70000090D0030024744C001BB74B2DE9FE4F6E
:104B80000546DFF800A450F8081B0024FD4FC94378
:104B9000019005F1280026460AF1240A0090080138
:104BA0001DD4686E50B1B0F5801F0CD0B0F5001F59
:104BB0000ED0B0F5401F1ED001240FE0386840F43D
:104BC0000030386017E00198022103F0A5FD03E0F2
:104BD0000098022103F030FE04000CD026462888FD
:104BE000C043C00523D4A86D05281ED2DFE800F01D
:104BF0000C11161B1B006A6EDAF8001021F440112C
:104C00001143CAF80010EAE7386840F40030386011
:104C100009E00198002103F07FFD03E000980021E6
:104C200003F00AFE0446C4B100E0012426462888A9
:104C3000DFF85083C04308F12C0840052FD4D5F885
:104C4000A400B0F5C00F28D010DCB8B1B0F5001F3B
:104C500019D0B0F5800F0FD11AE0AA6DDAF8001064
:104C600021F007011143CAF80010E0E7B0F5000F8A
:104C700013D0B0F5200F10D001240FE0386840F4B5
:104C80000030386009E00198002103F045FD03E0A1
:104C90000098002103F0D0FD044694B126462888F0
:104CA000C043000530D4D5F8A800B0F1407F29D02A
:104CB00011DCC0B1B0F1807F1AD0B0F1007F10D10B
:104CC0001BE0D5F8A420D8F8001021F460011143AE
:104CD000C8F80010E3E7B0F1806F13D0B0F1A06F17
:104CE00010D001240FE0386840F40030386009E04B
:104CF0000198002103F010FD03E00098002103F06B
:104D00009BFD044694B126462868DFF878B2C0437C
:104D10000BF1200B80011FD4E86CD8B110280FD004
:104D2000202812D0302815D0012414E0D5F8A8206E
:104D3000D8F8001021F0E0611143C8F80010E3E753
:104D4000386840F40030386004E00198022103F034
:104D5000E3FC044674B126462888C043C0042BD423
:104D6000E86DB0F5005F20D00DDCA0B1B0F5805F3C
:104D70000FD115E0EA6CDBF8001021F0300111438F
:104D8000CBF80010E8E7B0F5405F13D0B0F5804FE6
:104D900010D001240FE0386840F40030386009E09A
:104DA0000198002103F0B8FC03E00098002103F013
:104DB00043FD04468CB126462888C043800429D48C
:104DC000286EB0F5403F23D010DC08B3B0F5803F2B
:104DD00014D0B0F5003F0FD115E0EA6DDAF80010FD
:104DE00021F4E0411143CAF80010E5E7B0F5802F47
:104DF0000ED0B0F5A02F0BD001240AE001980121BC
:104E000003F08AFC03E00098012103F015FD04463D
:104E100094B126462888C04340042AD4D5F8AC0073
:104E2000B0F1405F23D010DC08B3B0F1805F14D044
:104E3000B0F1005F0FD115E02A6EDAF8001021F40E
:104E4000E0211143CAF80010E4E7B0F1804F0ED022
:104E5000B0F1A04F0BD001240AE00198012103F02A
:104E60005BFC03E00098012103F0E6FC044674B10A
:104E700026462888C04300041FD4E86ED8B1B0F19C
:104E8000805F0ED0B0F1005F10D0012414E0D5F89F
:104E9000AC20D8F8001021F0E0411143C8F8001010
:104EA000E7E7386840F40030386004E001980121F9
:104EB00003F032FC044674B126462868C043C001A2
:104EC0001ED4A86CD0B101280ED0022811D003281E
:104ED00014D0012413E0EA6EDAF8001021F04051FA
:104EE0001143CAF80010E8E7386840F40030386031
:104EF00004E00198022103F00FFC04466CB1264641
:104F00002868C043400255D41F48016841F48071AD
:104F10000160FEF79FFE81460EE0AA6CDBF80010F0
:104F200021F003011143CBF80010E9E7FEF792FEF0
:104F3000A0EB090064283BD813480068C005F5D5EC
:104F4000BCBBDFF84090B5F8B01009F14409D9F8BE
:104F5000000001F4407100F44070884211D0D9F88B
:104F60000010D9F8002021F4407142F48032C9F8D1
:104F70000020D9F8002022F48032C9F80020C9F8B6
:104F8000001003E02C44025800480258D5F8B00045
:104F9000B0F5807F19D1FEF75DFE029011E000BFF1
:104FA000FEF758FE0299411A41F28830814208D931
:104FB000032426462878DFF81494C043C00721D084
:104FC0003CE0D9F800008007EAD5D5F8B010C1F36D
:104FD00001200328FE480DD0016821F47C510160B6
:104FE000B5F8B020D9F80010C2F30B021143C9F88C
:104FF0000010DFE7F74A036802EA111223F47C513C
:105000001143ECE7A86F182816D005DCA0B10828DA
:1050100008D0102804D10AE020280DD028280BD071
:1050200001240AE00198012103F076FB03E00098D7
:10503000012103F001FC044664B126462878C043F0
:1050400080071ED4686F062819D2DFE800F0160C1E
:1050500011161616AA6FD9F8001021F03801114365
:10506000C9F80010EAE70198012103F055FB03E0BD
:105070000098012103F0E0FB04467CB100E001242C
:1050800026462878C04340071FD4D5F8900006284C
:1050900019D2DFE800F0160C111616166A6FD9F84F
:1050A000001021F007011143C9F80010E9E7019849
:1050B000012103F031FB03E00098012103F0BCFB68
:1050C0000446A4B100E0012426462878C0438006A7
:1050D0002BD4D5F88C00B0F1405F24D011DC10B394
:1050E000B0F1805F15D0B0F1005F10D116E0D5F8B7
:1050F0009020D8F8001021F007011143C8F80010E3
:10510000E3E7B0F1804F0ED0B0F1A04F0BD00124F7
:105110000AE00198002103F0FFFA03E00098022161
:1051200003F08AFB044694B126462878C043400623
:105130002BD4D5F89800B0F5406F24D011DC10B313
:10514000B0F5806F15D0B0F5006F10D116E0D5F82E
:105150008C20D9F8001021F0E0411143C9F800106B
:10516000E3E7B0F5805F0ED0B0F5A05F0BD001246F
:105170000AE00198002103F0CFFA03E00098022131
:1051800003F05AFB044694B126462878C043000633
:105190002BD4D5F89C00B0F5C04F24D011DC10B34F
:1051A000B0F5005F15D0B0F5804F10D116E0D5F8FE
:1051B0009820D8F8001021F4E0511143C8F80010ED
:1051C000E3E7B0F5004F0ED0B0F5204F0BD001242F
:1051D0000AE00198002103F09FFA03E00098022101
:1051E00003F02AFB044654B126462878C043000742
:1051F0001ED4D5F88000B0F5805F0AD00FE0D5F856
:105200009C20D8F8001021F460411143C8F8001028
:10521000EBE70098022103F00FFB00B10126D5F85F
:105220008020D9F8001021F440511143C9F8001032
:105230002878C043C00613D4D5F89400B0F5807F19
:1052400005D10098022103F0F7FA00B10126D5F844
:105250009420D8F8001021F440711143C8F80010D0
:105260002868C043000316D4D5F8A00038B1B0F5C3
:10527000803F09D0B0F5003F0BD001240AE001982F
:10528000002103F049FA03E00098022103F0D4FA68
:1052900004468CB126462868C043400322D4D5F882
:1052A0008400B0F5801F11D0B0F5001F13D0B0F509
:1052B000401F15D0012414E0D5F8A020D8F8001024
:1052C00021F440311143C8F80010E4E7386840F495
:1052D0000030386004E00098012103F0ADFA044684
:1052E0005CB126462868C043C0031CD4286D70B149
:1052F000B0F5803F10D0012414E0D5F88420D9F80F
:10530000001021F440111143C9F80010EAE7386891
:1053100040F40030386004E00198022103F0FCF909
:105320000446DCB126462868C043800005D40098B6
:10533000022103F081FA00B101262868C0438003EE
:105340001BD4E86FB8B1B0F5807F10D0B0F5007F06
:1053500011D0B0F5407F0ED001240DE02A6DDBF8AE
:10536000001021F480311143CBF80010DBE73868DE
:1053700040F4003038607CB326462868C043C00241
:1053800007D42A6FDAF8001021F000411143CAF85F
:1053900000102868C043800207D4AA6EDAF8001013
:1053A00021F080711143CAF800102868C043400002
:1053B00009D40748016821F4004101600168D5F86B
:1053C000B420114301602868C04306E054440258E9
:1053D00010440258CFFFFF001DE007D46A6DDBF8D0
:1053E000001021F040511143CBF800102868C04351
:1053F000000208D4D5F88820D9F8001021F4400123
:105400001143C9F8001028790024C04300F00100BE
:10541000204309D00EE0EA6FD9F8001021F4407162
:105420001143C9F80010A8E70198002103F074F9AE
:1054300000B106462879C04300F00200204305D1A0
:105440000198012103F068F900B106462879C043AC
:1054500000F00400204305D10198022103F05CF91B
:1054600000B106462879C04300F00800204305D16A
:105470000098002103F0E0F900B106462879C04306
:1054800000F01000204305D10098012103F0D4F969
:1054900000B106462879C04300F02000044304D13F
:1054A0000098022103F0C8F900B916B10120BDE847
:1054B000FE8F0020FBE700002DE9F05F04000F469F
:1054C0007ED0DFF83882D8F8000000F00F00B84234
:1054D0000CD2D8F8001021F00F013943C8F80010A1
:1054E000D8F8000000F00F00B84269D12078844D50
:1054F00040070AD52069296801F07001884204D963
:10550000296821F070010143296020787C4E361D06
:1055100000070AD56069316801F07001884204D93A
:10552000316821F07001014331602078C0060AD54E
:10553000A069316801F4E061884204D9316821F43E
:10554000E061014331602078DFF8B4B180060BF1EF
:10555000080B0CD5E1695846DBF8002002F0700218
:10556000914204D9026822F070020A430260207856
:1055700080070AD5E068296801F00F01884204D944
:10558000296821F00F01014329602078C0073ED02F
:105590005B49A2682868183920F4706010432860BD
:1055A0006068022818D0032819D00968012819D08A
:1055B000490700294ADADFF848A1AAF1080A00E001
:1055C00044E0DAF8002022F007020243CAF8002083
:1055D000FEF740FB814612E009688903E9E70968A4
:1055E0008901E6E7C905E4E7FEF734FBA0EB090112
:1055F00041F28830814202D90320BDE8F09F616802
:10560000DAF8000000F03800B0EBC10FECD12078E0
:1056100080070AD5E068296801F00F01884204D2AA
:10562000296821F00F0101432960D8F80010404695
:1056300001F00F01B9420BD9016821F00F01394384
:105640000160006800F00F00B84201D00120D4E7EB
:10565000207840070AD52069296801F07001884246
:1056600004D2296821F070010143296020780007E5
:105670000AD56069316801F07001884204D231684E
:1056800021F07001014331602078C0060AD5A0697D
:10569000316801F4E061884204D2316821F4E061AC
:1056A00001433160207880060CD5E1695846DBF86B
:1056B000002002F07002914204D2026822F07002CF
:1056C0000A43026000F09AF80E492A682B68C2F378
:1056D000032203F00F038A5CC95C02F01F0201F091
:1056E0001F01D040084A20FA01F111600749086003
:1056F00007480068BDE8F05FFEF7E8BA00200052F6
:1057000018440258403101081800002414000024F5
:105710000800002470B5144C3F220260124A24682D
:105720000832131D114D04F00704446016681C1D57
:1057300006F470668660166806F00F06C66012688A
:1057400002F0700202611A6802F0700242611A6887
:1057500002F4E0628261226802F07002C26128688D
:1057600000F00F00086070BD104402580020005285
:1057700030B500F043F80B4A0B490C4B1568146820
:10578000C5F3032204F00F048A5C095D02F01F02D6
:1057900001F01F01D040064A20FA01F119601060A3
:1057A000084630BD18440258403101081800002452
:1057B0001400002400B5FFF7DBFF05490968054A1E
:1057C000C1F30211515C01F01F01C84000BD00008F
:1057D0001C4402584031010800B5FFF7C9FF0549D4
:1057E0000968054AC1F30221515C01F01F01C8405C
:1057F00000BD00001C44025840310108454970B505
:1058000045480968434B103B11F0380208D001119C
:10581000082A03D0102A0BD0182A0BD0084670BDD6
:1058200019688906FBD51968C1F3C101C84070BD6C
:105830003A4870BD3749374D18310C1D24350A6878
:10584000096826682D6802F0030406F00102C1F31E
:105850000511C5F3CC0515FB02F200EE102AB8EED7
:10586000400AE9B32F4ADFED2E0AB7EE001A6CB1F9
:10587000DFED2D1A012C01D0022C43D002EE101ABC
:105880001068F8EE422A81EEA22A1EE01C68A406E7
:1058900011D51B6801EE901A1168C3F3C103F8EE2D
:1058A000612AD84001EE900AC1F30800F8EE611AAF
:1058B00081EEA22A0BE001EE901ADFED1C2A00BF58
:1058C000F8EE611A106882EEA12AC0F3080001EE1A
:1058D000900AF8EE611A40EE201A31EE810A00E0DB
:1058E00015E022EE000A1068C0F34620401C00EECE
:1058F000900AF8EE600A80EE201ABCEEC10A10EEA3
:10590000100A70BD01EE901ADFED092AD8E70020D9
:1059100070BD0000104402580090D00300366E01A4
:1059200000000039304402580024744A0024744CAA
:10593000001BB74B2DE9F05F04007DD0FF4F2078AE
:10594000FE4D1837DFF8F483103DC00748D0D8F873
:105950000000396800F03800102815D0182803D14D
:1059600001F0030002280FD06068B0F5803F12D02C
:1059700010B1B0F5A02F18D0286820F4803028602E
:10598000286820F4802009E02868800328D5606812
:105990000028D2D024E0286840F480302860606875
:1059A00088B1FEF757F9064609E0286840F48020E0
:1059B0002860F0E7FEF74EF9801B64287ED828683F
:1059C0008003F7D50CE0FEF745F9064605E000BF79
:1059D000FEF740F9801B6428F0D828688003F7D4CC
:1059E0002078800756D5D8F80000DFF85093396842
:1059F00010F03800A9F10C090ED0182801D1880741
:105A00000AD0E068A8B3296821F019010143296090
:105A1000FEF720F9064628E02868400702D5E0682E
:105A200000288AD0E168286820F01900084328601F
:105A3000FEF710F9064606E0D2E000BFFEF70AF9CD
:105A4000801B0228BAD828684007F7D5217CD9F8EE
:105A5000002022F0FE4242EA0161C9F8001019E07C
:105A6000FEF7F8F8801B0228A8D828684007F7D569
:105A7000ECE7FFE7286820F001002860FEF7EAF86D
:105A8000064604E0FEF7E6F8801B022896D8286850
:105A90004007F7D42078C00646D5D8F80000DFF8D4
:105AA0009C92396800F03800A9F10409082812D046
:105AB000182805D101F00300012800E0CEE00AD04B
:105AC000E0690028286820D040F080002860FEF7B8
:105AD000C1F8064615E02868C00502D5E0698028AF
:105AE0007ED194F82010D9F8002022F07C5242EAAE
:105AF0000161C9F8001017E0FEF7ACF8801B02281E
:105B0000A0D82868C005F7D5EBE720F08000286012
:105B1000FEF7A0F8064604E0FEF79CF8801B02287A
:105B200090D82868C005F7D42078000729D5834885
:105B30006169643000298146016811D041F001019A
:105B40000160FEF787F8064605E000BFFEF782F821
:105B5000801B022888D8D9F800008007F6D510E00D
:105B600021F001010160FEF775F8064605E000BF6F
:105B7000FEF770F8801B022870D8D9F80000800763
:105B8000F6D42078800623D5A0690028286810D094
:105B900040F480502860FEF75DF8064605E000BF3F
:105BA000FEF758F8801B022858D828688004F7D5DB
:105BB0000EE020F480502860FEF74CF8064604E022
:105BC000FEF748F8801B022848D828688004F7D4DC
:105BD0002078400751D5DFF86891D9F8001000E02F
:105BE00015E141F48071C9F80010FEF733F806465C
:105BF00005E000BFFEF72EF8801B64282ED8D9F8E8
:105C00000000C005F6D54D4EA068603601280AD0C8
:105C100008B1052813D0306820F0010030603068EA
:105C200020F0040002E0306840F001003060A0681D
:105C300041F2883A98B1FEF70DF881460AE03068E3
:105C400040F004003060EEE7FEF704F8A0EB090135
:105C5000514503D830688007F6D50EE072E0FDF7B5
:105C6000F9FF814606E000BFFDF7F4FFA0EB090154
:105C7000514567D830688007F6D4606A00287CD028
:105C8000DFF8B8A0D8F800100AF1200A4FF6F87B28
:105C90000AF10408C1F3C2010329AAF104096DD075
:105CA0000228286820F08070286003D0FDF7D2FF1A
:105CB000044681E0FDF7CEFF064604E0FDF7CAFF8B
:105CC000801B022875D828688001F7D4E26A40F268
:105CD000F331386854F8283F884340EA02101843EB
:105CE0003860217B4FF4FE0C22894FF0FE47208A5A
:105CF0004902267D521E401EA1F5007189B2C2F3F1
:105D000008021143761E0CEA00400143484607EAA8
:105D100006621143CAF80010D9F8001021F0010101
:105D2000C9F80010D8F80030266A23EA0B0343EACA
:105D3000C601C8F80010D9F8001004E01044025859
:105D40000048025835E0A26921F00C011143C9F85E
:105D500000100168E26921F002011143016001684D
:105D600041F480310160016841F400310160016853
:105D700041F480210160016801E06CE020E041F025
:105D800001010160286840F080702860FDF762FF23
:105D9000044604E0FDF75EFF001B022809D82868CE
:105DA0008001F7D557E000BFFDF754FF001B022824
:105DB00002D90320BDE8F09F28688001F4D44AE0AE
:105DC00039680128DAF8000021D0A26A01F0030343
:105DD00093421CD1E26AC1F305118A4217D1216BAB
:105DE000C0F30802491E8A4211D1616BC0F34622FA
:105DF000491E91420BD1A16BC0F30642491E91424C
:105E000005D1E16BC0F30660491E814201D001203B
:105E1000D0E7A16C4646D8F80000C0F3CC00814220
:105E200019D0D9F800004D4620F00100C9F8000053
:105E3000FDF710FF4FEA0007FDF70CFFB842FBD05B
:105E4000A26C306820EA0B0040EAC200306028688B
:105E500040F0010028600020ACE770472DE9F047D2
:105E6000044600680021036942698768D4F88460A9
:105E700000F130095FEA025C03EA02050AD51A075D
:105E800008D5816941F400618161204600F085FAFE
:105E9000BDE8F08715F0600F08D1680706D5616F7F
:105EA00020468847216F20468847012105F04100A0
:105EB000012805D1680703D4216F204688470121B6
:105EC00005F02200022806D1680704D4616F20463D
:105ED000BDE8F04708470029DAD128074FF001084C
:105EE0005BD52068816941F0080181612068816982
:105EF00041F0100181612068816941F40061816194
:105F00002068016921F0080101612068806810F4AF
:105F1000404F20D023E0E0680F2806D92068616E4A
:105F2000006B0860606E001D0FE0072806D9B9F805
:105F30000000616E0880606E801C06E02068616E63
:105F400090F830000870606E401C6066B4F86A001B
:105F5000401EA4F86A00B4F86A000028DBD120468D
:105F600002F000FDC4F88480D4F8880018B12046FF
:105F7000FFF773FF8CE7052E07D0042E09D0032E00
:105F800086D1204600F028FB82E7204600F025FB62
:105F90007EE7204600F000FA7AE715F4587FE9D052
:105FA00068060AD5D4F8880040F00400C4F88800D8
:105FB0002068816941F040018161A8050AD5D4F8C3
:105FC000880040F00100C4F888002068816941F42D
:105FD00000718161E8050AD5D4F8880040F0080016
:105FE000C4F888002068816941F480718161A80645
:105FF0000AD5D4F8880040F08000C4F888002068F2
:10600000816941F020018161D4F888000028B1D075
:10601000206840F26B32C7F381310368032923F013
:10602000010101602068016921EA0201016102D0D9
:10603000C4F884809BE72068104D816821F44041BA
:106040008160E06F50B14565E06FFBF775FF28B1E7
:10605000D4F8880040F04000C4F88800A06F002801
:1060600088D04565A06FFBF767FF00288CD0D4F877
:10607000880040F04000C4F8880009E7218A000841
:106080002DE9F047040029D0594A4FF00009206853
:10609000584B594D9042C4F8289006D0984204D0ED
:1060A000A84202D0E1680F2918D8E1684FF0010A30
:1060B000E76B0831C9080AEB57167143904205D0C7
:1060C000984203D0A84201D0082907D8904203D0B3
:1060D000984201D0A84204D1102902D90120BDE87C
:1060E000F087D4F8840020B92046C4F8809000F0EE
:1060F00085F80220C4F884002068016821F00101BD
:1061000001602068A1698268B1F1806F02F4F81122
:1061100010D16268B2F5800F01D01AB10AE0A26B0B
:1061200022B107E0A26BB2F1805F03D1026842F4B2
:10613000805202606068400209D5E068072806D3F3
:106140002068236D026822F480721A4303E02068FD
:10615000026822F480720260A66AE069E26B256838
:106160003043E3680A4310431843A860D4E90D02A2
:10617000D4E90581636A25691843D4F820C00A432D
:10618000266810432843A56DD4E90172D4E9123181
:1061900040EA080040EA0C00384308431043184323
:1061A0002843F060606868B92068816821F4C051B4
:1061B00041F4006181602068816821F4C06141F48C
:1061C000806181602068016D21F0010101656068D6
:1061D000400206D52068626DC16821F0004111437C
:1061E000C160C4F88890C4F884A0002077E700005C
:1061F0000030014000380040003C00402DE9F041F3
:10620000B4B0074614212EA8FAF775FAB8216846EB
:10621000FAF771FA5949022538680024564E4FF0B2
:106220000308884279D1811417940020CDE9001029
:106230006846FEF7A3FC08B1FBF779FB4E4808302F
:10624000016841F480410160006800F480403390AF
:10625000306840F004003060306800F00400339093
:10626000306840F0020030603068062146464FF04A
:10627000050800F00200CDE92E15CDE93046CDE944
:1062800032803F482EA9FDF7D1FB4FF400513D4825
:1062900030AACDE92E152EA982E85001FDF7C6FBE4
:1062A000394E4FF4806839492722304631604FF427
:1062B0004031C6E90124C6E903487461B461C6E906
:1062C00007417462FCF7E0FA08B1FBF730FB2E4D92
:1062D00040232E4928227C35FE671831F76302C51A
:1062E000D902281F85E81C012C616C61C5E90641B3
:1062F0002C622D1FFCF7C8FA08B1FBF718FBBD672D
:1063000000220521EF632420FDF742FD2420FDF744
:1063100031FD34B0BDE8F081FFE71D498842F8D176
:1063200000214FF480404FF0A0422B92CDE90001B4
:106330006846FEF723FC08B1FBF7F9FA0E48143063
:10634000016841F020010160006800F020003390F6
:10635000306840F0010030603068A021082200F071
:106360000100CDE92E15CDE93048CDE932200948AC
:106370002EA9FDF75BFBCCE7E04402580038004053
:106380000008025800040258B4150024100002400E
:106390000014005800000258704770472DE9F84F6C
:1063A000044600689946174600F1200B8A46FDF71F
:1063B00051FC0646D4F88400012837D1BAF1000F09
:1063C0007DD0002FFCD0D4F8800001282ED00025ED
:1063D000A26803214FF00108C4E92081C4F8885065
:1063E000C4F85CA06566A4F86850656725672C341E
:1063F000B2F5C02FA786E786E58754F82C0D18D094
:10640000C16821F4C02141F40031C16020684168B5
:106410006FF30F01394341602068016841F00101C9
:1064200001606068B0F5800F08D00CE00220BDE884
:10643000F88F016841F400610160E7E720680168B6
:1064400041F400710160E0680F281CD820E020684A
:10645000416989070BD5E16D09680162E06D001D96
:10646000E065B4F86200401EA4F862000BE0FDF79E
:10647000F1FB811B494503D3B9F1FF3F03D09CE0F9
:10648000B9F1000F31D0B4F862000028DFD178E014
:1064900007282ED871E02068416989071DD5B4F816
:1064A000621001290CD9E16B51B1E16D09680162FB
:1064B000E06D001DE065B4F86200801E0AE07AE03D
:1064C000E06D0188ABF80010E06D801CE065B4F869
:1064D0006200401EA4F862000BE0FDF7BBFB811BCD
:1064E000494503D3B9F1FF3F03D066E0B9F1000F8E
:1064F00063D0B4F862000028CDD142E02068416941
:1065000089072ED5B4F8621003290CD9E16B402914
:1065100009D9E16D09680162E06D001DE065B4F81C
:106520006200001F1AE0B4F8621001290CD9E16B77
:1065300051B1E06D0188ABF80010E06D801CE065A2
:10654000B4F86200801E09E0E16D097880F820103F
:10655000E06D401CE065B4F86200401EA4F86200E3
:106560000BE0FDF777FB811B494503D3B9F1FF3FF2
:1065700003D022E0B9F1000F1FD0B4F86200002868
:10658000BCD100224B4608212046009602F056FA64
:1065900028B1D4F8880040F02000C4F888002046D4
:1065A00002F0E0F9C4F88480D4F88800C4F8805080
:1065B00000283FF43CAF012039E7204602F0D2F931
:1065C000D4F88810C4F8805041F48071C4F8881061
:1065D000C4F8848003202AE77047704770477047EB
:1065E00070470000F0B5C26B012A3DD001241F4E58
:1065F0000222C0E90F4202681D4D5368B242D2F830
:1066000008C001D0AA4203D14F6823F470033B4372
:106610000F6823F070031F4357600268B24219D01D
:10662000B2F1804F16D0134B9A4213D0124B9A42BC
:1066300010D0124B9A420DD0AA420BD0104B9A4266
:1066400008D0104B9A4205D00F4B9A4202D00F4B04
:106650009A4204D189682CF080031943916000218B
:106660000464C1630846F0BD0220F0BD0000014093
:10667000000401400004004000080040000C0040FD
:10668000001800400040014000E0004000E40040ED
:1066900010B5040002D0206C10B106E0012010BD3E
:1066A0000020E063204600F015F8022020642068F6
:1066B000211D02F0D9FA0120E0666064A064E06464
:1066C00020656065A065E06520666066A066206460
:1066D000002010BD08B50068154988420FD1154843
:1066E000016841F01001016000680022052100F0FE
:1066F000100000903620FDF74BFB362012E00E49CB
:10670000884213D10B48001D016841F000710160FF
:1067100000680022052100F000700090A220FDF723
:1067200037FBA220BDE80840FDF724BB08BD0000F0
:1067300000100040E844025800E40040016C0129C8
:1067400001D0012070471A4A022101640168CB6818
:1067500043F00103CB60006890421AD0B0F1804F43
:1067600017D01449884214D01349884211D01349D4
:1067700088420ED0124988420BD01249884208D074
:106780001149884205D01149884202D010498842F7
:1067900007D181680F4A1140062906D0B1F5803F24
:1067A00003D0016841F00101016000207047000042
:1067B000000001400004004000080040000C0040C0
:1067C00000040140001800400040014000E000408B
:1067D00000E400400700010070B50446C06B0025CE
:1067E000012812D00126384B0220C4E90F6022682C
:1067F0009068184020F47F409060086870282DD081
:1068000010DC10F00F0F03D022E04FF0020070BD3B
:106810004FEA2012072A1BD2DFE802F051515151F2
:1068200049373F00B0F1101F49D009DCB0F5805F57
:106830000FD0B0F5005F1CD0B0F5801F08D13EE04E
:10684000A0F5801120393AD0102938D0202936D02F
:10685000012526640020E063284670BD4A68206850
:10686000D1E9021302F07DFA2068816841F07701D6
:1068700009E04A682068D1E9021302F072FA206840
:10688000816841F480418160E3E7CA684968206813
:1068900002F014FC2068502106E0CA6849682068AC
:1068A00002F01DFC2068602102F064FAD1E7CA689A
:1068B0004968206802F002FC20684021F4E7226861
:1068C00001461046F0E7000088FFCEFF70472DE933
:1068D000F041044600680027C6680569A90713D57A
:1068E000B10711D5FA1E02610121E16120688069BA
:1068F0008007204602D0FFF7E9FF04E000F0B4F87B
:10690000204600F077F9E761680716D5700714D5BF
:10691000226802206FF004011161E0612068806943
:1069200010F4407F204602D0FFF7D0FF04E000F0D3
:106930009BF8204600F05EF9E761280715D530077F
:1069400013D5226804206FF008011161E06120680E
:10695000C0698007204602D0FFF7B8FF04E000F0CE
:1069600083F8204600F046F9E761E80616D5F00600
:1069700014D5226808206FF010011161E0612068D1
:10698000C06910F4407F204602D0FFF79FFF04E06B
:1069900000F06AF8204600F02DF9E761E80708D01A
:1069A000F00706D021686FF001000861204600F072
:1069B000FBF9280601D4A80408D5300606D52168BD
:1069C0006FF4025008612046FFF709FEE80508D57C
:1069D000300606D521686FF4807008612046FFF705
:1069E000FDFD680608D5700606D521686FF04000E9
:1069F0000861204600F0F6F9A8060AD5B00608D5C9
:106A000021686FF0200008612046BDE8F041FFF7E3
:106A1000E7BDBDE8F081000010B586B00446142142
:106A20006846F9F768FE0D492068884214D10C4881
:106A3000016841F0020101600068002100F00200DD
:106A40000590022082030092CDE90101CDE90310F7
:106A500004486946FCF7EAFF06B010BD0018004084
:106A6000E044025800040258704770B50446C06BF9
:106A700000260D4601280AD00120E0630C2A49D0E7
:106A800007DC7AB1042A1FD0082A06D130E00220A0
:106A900070BD102A52D0142A62D001260020E06373
:106AA000304670BD206802F06FF92068816941F0BE
:106AB000080181612068816921F0040181612068F9
:106AC0002A698169114311E0206802F0AFF920685A
:106AD000816941F4006181612068816921F48061EC
:106AE000816120682969826942EA01218161D5E7D3
:106AF000206802F0E7F92068C16941F00801C1612E
:106B00002068C16921F00401C16120682A69C16956
:106B1000114311E0206802F021FA2068C16941F4B4
:106B20000061C1612068C16921F48061C161206890
:106B30002969C26942EA0121C161AFE7206802F018
:106B400049FA2068416D41F0080141652068416DB6
:106B500021F00401416520682A69416D114311E06B
:106B6000206802F071FA2068416D41F400614165CE
:106B70002068416D21F48061416520682969426D7A
:106B800042EA0121416589E710B5040002D0206C7A
:106B900010B106E0012010BD0020E063204600F0A7
:106BA00015F8022020642068211D02F05DF8012004
:106BB000E0666064A064E06420656065A065E065EF
:106BC00020666066A0662064002010BD08B50068DD
:106BD0000649884208D10648016841F04001016039
:106BE000006800F04000009008BD00000018004060
:106BF000E84402587047000030B504464FF00202E6
:106C000061B104290FD0082912D00C2915D0102900
:106C100018D0A06D01281AD0012030BD606C012869
:106C2000FAD1626414E0A06C0128F5D1A2640FE0EF
:106C3000E06C0128F0D1E2640AE0206D0128EBD17C
:106C4000226505E0606D0128E6D1626500E0A2657D
:106C50000122206802F078F81E4920681E4A1F4B66
:106C6000884209D0904207D0984205D01C4DA842D6
:106C700002D01C4DA84203D1456C45F40045456443
:106C80002068884218D0B0F1804F15D0164988424C
:106C900012D0164988420FD0154988420CD0904234
:106CA0000AD01449884207D0984205D01249884238
:106CB00002D01249884207D18168114A1140062941
:106CC00006D0B1F5803F03D0016841F001010160B9
:106CD000002030BD000001400004014000400140A0
:106CE000004401400048014000040040000800400A
:106CF000000C00400018004000E0004000E40040AC
:106D00000700010030B50022044600680D4602F07D
:106D10001BF841F211111F4B20688A1098420BD0CA
:106D20001D4B984208D01D4B984205D01C4B9842F1
:106D300002D01C4B984209D1036A0B4206D1036A68
:106D4000134203D1436C23F4004343642068036A75
:106D50000B4206D1016A114203D1016821F0010101
:106D600001604FF0010055B1042D0AD0082D0AD062
:106D70000C2D0AD0102D0AD0A065002030BD606413
:106D8000FBE7A064F9E7E064F7E72065F5E76065F5
:106D9000F3E7000000000140000401400040014012
:106DA000004401400048014010B50B49044600680A
:106DB000884201D1FAF704FA08492068884201D1D3
:106DC000FCF74EFF06492068884203D1BDE8104019
:106DD0000BF0A4B810BD00000010004000E000401F
:106DE00000E40040704730B5D0F88410012918D075
:106DF0000122C0F884202421C0F888100022202419
:106E000050F80C1B0B680D6823F0005325F00105AA
:106E10000D60826550F80C1C0B60C46782671046D9
:106E200030BD022030BD10B50446D0F88C002028BB
:106E300001D0022010BD61B15AB10123E3660020E8
:106E40002067204602F01AFD0028F3D1E16E0129E7
:106E500001D0012010BD226810211162226852E881
:106E6000001F41F0100142E80013002BF6D110BDC5
:106E700070B50D461C4904460068884213D1122D96
:106E800006D81A4A1A49A2F124000AF063F804E06D
:106E9000164824212438F9F72EFC144924221548D9
:106EA0002439FFF7C0FF1449206888420AD10F48EF
:106EB0002946343008F0EAFE0C4940220F483431AC
:106EC000FFF7B1FF0E49206888420CD107482946D8
:106ED000743008F0EBFE05494022BDE870400948D7
:106EE0007431FFF7A0BF70BD00500040E47900246A
:106EF000AC7A0024FC17002400780040901800248D
:106F0000001C0140B8190024704770B50446D0F841
:106F1000840001281BD001222420C4E921202068FC
:106F20000568026822F0010202602068826822F08F
:106F300060620A438260204602F0F0F82268202155
:106F400000201560C4F88810C4F8840070BD0220C9
:106F500070BD70B50446D0F8840001281BD0012212
:106F60002420C4E9212020680568026822F001027B
:106F700002602068826822F060420A4382602046F4
:106F800002F0CCF82268202100201560C4F8881097
:106F9000C4F8840070BD022070BD704770470000C7
:106FA00010B51E4904460068884208D11C49402299
:106FB0001C48FFF738FF1A488021F9F79CFB1A4953
:106FC000206888420AD11649242218488031FFF7E8
:106FD0002AFF134824218030F9F78DFB14492068DB
:106FE00088420AD10E484021D830F9F784FB0C4979
:106FF00040221048D831FFF716FF0F492068884219
:107000000AD10E484021F9F776FBBDE810400B4944
:1070100040220B48FFF707BF10BD000000100140E1
:10702000407900242419002400500040FC1700245B
:107030000078004090180024001C0140587A002479
:10704000B81900242DE9F04107680025044640F6F0
:107050000F030226F8693968BA6818420AD1830614
:107060007ED501F0200302F0805C53EA0C0377D058
:10707000616F7EE1D44BDFF854C3134001EA0C0C7E
:1070800053EA0C0C6CD05FEAC07C0CD05FEAC15CA8
:1070900009D54FF0010CC7F820C0D4F8907047F024
:1070A0000107C4F89070870709D5D70707D027686C
:1070B0003E62D4F8906046F00406C4F8906046073B
:1070C0000AD5D60708D0276804263E62D4F8906017
:1070D00046F00206C4F8906006070CD501F02006C1
:1070E0001E4308D0266808233362D4F8903043F05A
:1070F0000803C4F8903003050BD54B0109D5266869
:107100004FF400633362D4F8903043F02003C4F8A6
:107110009030D4F89030002B3DD0800609D501F096
:10712000200002F08051084303D0616F09B120466E
:1071300088472168D4F890008968490602D410F085
:10714000280F2AD0204602F069F92068806840069E
:107150001ED52068083050E8001F21F0400100E0F3
:1071600021E040E80012002AF3D1D4F8800078B181
:1071700097494165D4F88000FAF7DEFE00280AD06E
:10718000D4F88000416D00E02046BDE8F04108479A
:107190002046FFF705FFBDE8F0812046FFF700FF1E
:1071A000C4F89050F7E7D4F86CC02023BCF1010F6D
:1071B0007ED15FEAC06C7BD55FEAC16C78D51020C8
:1071C000386220688068400673D5D4F880208149F1
:1071D0001068884234D07F491831884230D07D49C8
:1071E000303188422CD07B494831884228D07949B7
:1071F0006031884224D077497831884220D075495F
:10720000903188421CD07349A831884218D0724905
:10721000884215D070491831884211D06E493031FA
:1072200088420DD06C494831884209D06A496031A2
:10723000884205D068497831884201D0664990314A
:1072400040684FF480770004000C40D0B4F85C1024
:1072500081423CD9A4F85E00D069B8422FD02168A1
:1072600051E8000F20F4807041E80002002AF6D1B6
:107270002068083050E8001F21F0010140E80012AA
:10728000002AF5D12068083050E8001F21F04001A5
:1072900040E80012002AF5D1C4F88C30E566206879
:1072A00050E8001F21F0100140E80012002A01E020
:1072B0004AE019E0F3D1D4F88000FAF791FC266790
:1072C000B4F85C00B4F85E10401A81B208E0B4F87B
:1072D0005C1081427FF466AFD069B842FAD126676C
:1072E0002046FFF7C5FD56E7B4F85C00B4F85E1021
:1072F000B4F85E20401A81B2002AF4D00029F2D0FE
:10730000226852E8000F20F4907042E80007002F36
:10731000F6D1324F206800F1080050E8002F02EA51
:10732000070240E8002CBCF1000FF3D1C4F88C3008
:10733000E5666567226852E8000F20F0100042E819
:107340000003002BF6D1CAE7C60209D5560207D5BD
:107350004FF4801038622046BDE8F041FFF71EBEB2
:1073600006060AD501F0800602F40002164304D096
:10737000A16F00297FF408AF0DE7420611D54A0638
:107380000FD52046016851E8002F22F0400241E865
:107390000024002CF6D1C0F88830856700F092FAFE
:1073A000F9E6020206D54A0004D52046BDE8F041C0
:1073B000FFF7F3BDC00196D5002994DA2046BDE859
:1073C000F041FFF7A1BD0000010000102001000402
:1073D000D39200081000024010040240FEFFFFEFAD
:1073E00010B5040003D0D4F8880010B107E00120E4
:1073F00010BD0020C4F88400204600F027F82420A7
:10740000C4F888002068016821F001010160A06AC9
:1074100010B1204601F0A4FE204602F041F80128F8
:10742000E6D02068416821F490414160206881687D
:1074300021F02A0181602068016841F001010160AA
:107440002046BDE8104001F0EFBE00002DE9F04FEE
:10745000B5B0044614212EA8F9F74DF9B8216846B5
:10746000F9F749F9E44A0226E24D002120684FF07D
:10747000040BDFF88093083D171590425DD1002280
:107480008846022368461D91CDE90032FDF776FB60
:1074900008B1FAF74CFAD9F8001041F48011C9F894
:1074A0000010D9F8000000F480103390286840F0F4
:1074B00004002860286800F004003390286840F039
:1074C0000800286028680825B146464669022E91C2
:1074D00000F00800CDE92F982EA9CDF8C480CDE9A1
:1074E0003250C648FCF7A2FACDF8B8B02EA9CDE9C3
:1074F0002F96C348CDE93165FCF798FAC14D41217B
:10750000C14828604FF44030C5E90116C5E903675A
:107510006E61AE61C5E9076028466E62FBF7B4F99B
:1075200008B1FAF704FAC4F8805000220521EC6390
:107530003520FCF72DFC352070E0B44A4FF04008B0
:10754000904271D100208A4602221D91CDE900208F
:107550006846FDF713FB08B1FAF7E9F9D9F800100E
:1075600041F08041C9F80010D9F8000000F08040D7
:107570003390286840F01000286028684FF4C071EC
:10758000554600F01000339007202E91CDE92F6A68
:107590002EA9CDE931A09E48FCF748FA994E4F211B
:1075A0009C487C3630604FF40030C6E90115C6E9CE
:1075B00003577561B561C6E9075030467562FBF740
:1075C00063F908B1FAF7B3F9DFF8389250238E4A1D
:1075D00009F1F809C4F880604846F463303AC9F804
:1075E00000204FF48032C0E90357C9F81450C9F89D
:1075F0001850C0E90752C9E90138C9F82450FBF70F
:1076000043F908B1FAF793F9C4F87C9000220521F8
:10761000C9F83C405220FCF7BBFB5220FCF7AAFB08
:1076200035B0BDE8F08FFFE77B4ADFF8F0A190426C
:1076300065D100201E9101228946CDE900206846CF
:10764000FDF79CFA08B1FAF772F9DAF8001041F088
:107650001001CAF80010DAF8000000F010003390B2
:10766000286840F00100286028684FF4C0614D464A
:1076700000F00100339007202E91CDE92F692EA94B
:10768000CDE931906648FCF7D1F9DFF898912922CD
:1076900060494846183189E82600C0E90357C9F80F
:1076A0001450C9F81850C9F81C50C9F82050C9F82E
:1076B0002450FBF7E9F808B1FAF739F9594E2A23B3
:1076C000C4F880907C36C9F83C404F4A3046C6E941
:1076D00003577561183AB561F5613562756286E8E0
:1076E0000C01FBF7D1F808B1FAF721F9E66700229F
:1076F0000521F4632520FCF74BFB25208EE74A4A41
:1077000090428DD100201E9101228946CDE90020B2
:107710006846FDF733FA08B1FAF709F9DAF800100C
:1077200041F08001CAF80010DAF8000000F0800093
:107730003390286840F01000286028684D46CDF846
:10774000B8B02EA900F010003390CDE92F69DFF812
:10775000C090CDE9315B4846FCF768F90B21082061
:107760002E90CDE92F65CDE931512EA94846FCF781
:107770005DF92C4E76212448F836183030604FF4ED
:107780000030C6E90115C6E903577561B561C6E960
:10779000075030467562FBF777F808B1FAF7C7F87B
:1077A000DFF888907723184A4846C4F88060303262
:1077B000F463C9F800204FF48032C0E90357C9F8D8
:1077C0001450C9F81850C0E90752C9E90138C9F87E
:1077D0002450FBF759F808B1FAF7A9F8C4F87C90DF
:1077E00000220521C9F83C409C20FCF7D1FA9C20DE
:1077F00014E70000E8440258005000400008025816
:10780000000C02584C1A002470000240007800401E
:10781000001002581004024000100140F0440258C9
:1078200000000258C01B0024001C0140341D00242D
:107830007047704770B50446D0F88800202801D002
:10784000022070BD39B332B3E06F002321652125DA
:10785000A4F85420A4F85620C4F89030C4F88850F6
:10786000D8B115490164E16F14484864E16F1448C8
:107870000865E06F436513462068E56F00F1280254
:10788000216D2846FBF7D6F938B11021C4F89010C5
:107890002020C4F88800012070BD216840200862C3
:1078A0002068083050E8001F41F0800140E80012D5
:1078B000002AF5D1002070BDD3930008139400086E
:1078C000E392000870477047FEE70000F0B5002320
:1078D0000A251C463026372711E000BFB5EB107F84
:1078E00002D906EB107C01E007EB107C01F813C015
:1078F00001EB430C00015B1C8CF80140DBB29342AE
:10790000ECD3F0BD00B587B006491C226846F8F7F5
:10791000C0FE0021684609F037F80349086007B047
:1079200000BD0000EC310108145E002430B5042ACB
:107930000C46034600D300222078DFED290A00F030
:107940000F00186020789FED270A00095860B4F8EE
:10795000010040BA9860E1782579090141EA1511E2
:10796000D9602579617905F00F0541EA0521196192
:1079700010210AF073FB10EE100A0C21D861D868B0
:10798000F3EE0E0ABBEE0E0A0AF068FB164800EB97
:107990008201D1ED000A30EE600A30EE800AF2EE8C
:1079A000040A10EE100A81ED000A18620C21186911
:1079B000BAEE040A0AF052FB10EE100A5862A079DF
:1079C00000EE100AB8EE400A10EE100A1863E079D3
:1079D00000EE100AB8EE400A10EE100A586330BDEF
:1079E000DA0F4941DA0F49C1907600242D4808B5D5
:1079F000016841F002010160016801F0020100919B
:107A0000016841F00101016000680022052100F0D9
:107A1000010000900B20FCF7BBF90B20FCF7AAF942
:107A2000002205210C20FCF7B3F90C20FCF7A2F989
:107A3000002205210D20FCF7ABF90D20FCF79AF987
:107A4000002205210E20FCF7A3F90E20FCF792F985
:107A5000002205210F20FCF79BF90F20FCF78AF983
:107A6000002205211020FCF793F91020FCF782F981
:107A7000002205211120FCF78BF91120FCF77AF97F
:107A8000002205213820FCF783F93820FCF772F931
:107A9000002205213920FCF77BF9BDE80840392098
:107AA000FCF768B9D84402581B4800212DE9F04181
:107AB000816000F11C08174E0422C1600A2506608F
:107AC00013260161012488E864001D264FF0050C8F
:107AD00008230327C0E90C568563C0E90514C0E9F3
:107AE0000F14C0E91113C0E91321C0E91521C0E941
:107AF0001721C0E91913C0E91B12C0E90AC7FBF737
:107B00007DFD002803D0BDE8F041F9F710BFBDE8C6
:107B1000F081000000A00040981200242DE9F041FF
:107B200019480021174F052200F11808012581602E
:107B30000E26C160042401610823076040F2563715
:107B4000416188E8660082622C3080E86400C0E908
:107B50000327C0E90521C0E9073443620622C0E9D2
:107B60000A41C0E90C41C0E90E13C0E910122C38DB
:107B7000FBF744FD002803D0BDE8F041F9F7D7BE7C
:107B8000BDE8F08100A40040441300241B480023FA
:107B90002DE9F041184D012705603B2583600D2636
:107BA000C0E90337C0E905374FF0140CC761C0E9DD
:107BB00008C5022440F61205C0E90C460421016400
:107BC0000822C0E90E450324C0E91112C0E91312CE
:107BD000C0E91514C0E9171242668266C0E91B317C
:107BE000C0E90AC7FBF70AFD002803D0BDE8F04151
:107BF000F9F79DBEBDE8F08100D40040F0130024E9
:107C000000B59DB019491C226846F8F742FD0021D5
:107C1000684608F0B9FE16491C22086007A81349F7
:107C20001C31F8F736FD002107A808F0ADFE05F07D
:107C300099FCF9F7C1FF00F029FFFFF763FE0B493C
:107C40001C220EA83831F8F724FD00210EA808F0F8
:107C50009BFE06491C2215A85431F8F71AFD002195
:107C600015A808F091FE1DB000BD000044300108C9
:107C700000000024F0B587B014216846F8F73BFDFA
:107C80002548016841F010010160016801F0100110
:107C90000591016841F004010160016801F00401EF
:107CA0000591016841F080010160016801F08001E7
:107CB0000591016841F001010160016801F00101D5
:107CC0000591016841F002010160016801F00201C3
:107CD0000591016841F00801016000684FF46046B9
:107CE0000E4F012200F00800314605903846FBF7A0
:107CF000ABFF00250096012469463846CDE90145D1
:107D00000395FBF793FE06486946CDE900450294CA
:107D1000FBF78CFE07B0F0BDE044025800080258A3
:107D2000000002582DE9F041164807264FF0804226
:107D3000DFF84CC00021551105611311C0E902168E
:107D4000C0E907214162171281629411C162C0E942
:107D50000D21C163016441648164C16401654165B1
:107D60008165C0E90543C0E900C7FEF789F900282D
:107D700003D0BDE8F041F9F7DABDBDE8F0810000BD
:107D8000003800409C1400242DE9F0414FF4800796
:107D900015480021134EBD000722AC00C0E90321A5
:107DA000A300C0E9073141629A0081624FF4003CB0
:107DB000C162C0E90D21C163016441648164C16491
:107DC000016541658165C0E9055480E8C010FEF792
:107DD00057F9002803D0BDE8F041F9F7A8BDBDE888
:107DE000F0810000001400582815002410B58AB056
:107DF000002468461C21079408940994F8F77BFC3A
:107E0000164840F2CF71EF22134BC0E902410461E2
:107E10008461C0E90032FEF7B7FE08B1F9F787FDCB
:107E20000E4807A907940994FEF7DCFB08B1F9F79F
:107E30007EFD60206946CDE90004084804220294D2
:107E40000494FEF712FE08B1F9F771FD0348FEF73E
:107E5000E3FD0AB010BD0000001800401C1700240C
:107E600030B587B0174800241549EF220094631EEF
:107E7000019480250294039404940594069480E868
:107E800016008561C0E90334FEF702FC08B1F9F77A
:107E90004EFD4FF4805000900A486946FEF79CFC66
:107EA00008B1F9F744FD074804A904940694FEF7C5
:107EB00099FB002801D0F9F73AFD07B030BD00006A
:107EC00000E400408C1700243EB5104800244FF415
:107ED0007A710D4BF022009401940294C0E90241A2
:107EE0008461C0E90032FEF7D3FB08B1F9F71FFD4A
:107EF0000648694600940294FEF774FB002801D0FE
:107F0000F9F715FD3EBD000000100040AC1600243E
:107F1000184800212DE9F041154A0C24C0E905411B
:107F2000C16101629514144B5614416217158162A8
:107F300080E8EC00FFF754FA08B1F9F7F8FC0D48B7
:107F40000021FFF706F808B1F9F7F1FC0948002114
:107F5000FEF7DBFF08B1F9F7EAFC0648FEF743FF3E
:107F6000002803D0BDE8F041F9F7E1BCBDE8F0819D
:107F700000500040FC170024A08601001848002192
:107F800010B5164C0C224FF4E1330460C0E9013106
:107F9000C160C0E904128161C16101624162816214
:107FA000FFF71EFA08B1F9F7C2FC0D480021FEF7F1
:107FB000D0FF08B1F9F7BBFC09480021FEF7A5FF87
:107FC00008B1F9F7B4FC0648FEF70DFF002803D00E
:107FD000BDE81040F9F7ABBC10BD000000780040D0
:107FE000901800241848002110B5164C0C224FF4AC
:107FF00061230460C0E90131C160C0E904128161FC
:10800000C161016241628162FFF7EAF908B1F9F7E3
:108010008EFC0D480021FEF79CFF08B1F9F787FCA4
:1080200009480021FEF771FF08B1F9F780FC064806
:10803000FEF7D9FE002803D0BDE81040F9F777BC61
:1080400010BD0000001C0140B81900241848002190
:1080500010B5164C0C224FF461230460C0E90131C5
:10806000C160C0E904128161C16101624162816243
:10807000FFF7B6F908B1F9F75AFC0D480021FEF7F1
:1080800068FF08B1F9F753FC09480021FEF73DFFEE
:1080900008B1F9F74CFC0648FEF7A5FE002803D00E
:1080A000BDE81040F9F743BC10BD000000100140CE
:1080B0002419002410490122104810B502F0CCF810
:1080C00008B1F9F734FC0E490C4802F0E4FA08B1A3
:1080D000F9F72DFC0B49094801F056FE08B1F9F7F4
:1080E00026FC064802F05CFB08B1F9F720FCBDE86D
:1080F0001040FCF7E5BB00003C0200242C7C00246F
:1081000010030024A4020024FEE7000010B52DEDAA
:10811000048BDFED441A4449DFED448A30EE608A77
:1081200001EB80009FED420A88EE211AD0ED321A51
:1081300031EE611AB4EEC01AF1EE10FA06DC9FEDD2
:108140003D0AB4EEC01AF1EE10FA01D2B0EE401AB8
:10815000394A31EE810A10EE101A80ED320A91424E
:1081600002DDB1EE040A06E010EE101A334A914225
:1081700003D9B9EE040A80ED320AB0EE061A304C8B
:1081800020EE019AB0EEE00A10EE100AA04204DAE6
:108190009FED2C0A60EE800A07E0B0EE600A09F05D
:1081A0003AFEDFED290A60EE200AB0EEC80A10EEB2
:1081B000100AA04203DA9FED250A68EE008A9FEDBF
:1081C000240A9FED241A244969EE001A81EE810ADF
:1081D00010EE100A884202DD9FED200A06E010EE44
:1081E000100A1F49884201D99FED1E0A9FED1E2AE1
:1081F000DFED1E1A1E4980EE021A41EE210A30EE12
:10820000A80A10EE100A884204DD9FED1A0ABDECA0
:10821000048B10BD10EE100A17498842F7D99FED64
:10822000170AF4E70AD7A33C745E0024000000009C
:10823000CDCC4C3DCDCC4CBD0000A0400000A0C03A
:10824000CDCCCC3D00007A450000C8430000164468
:10825000423E683D1F856B3F6A1357426A1357427F
:108260006A1357C26A1357C29A99993ECDCC4C44AF
:1082700000007A4600007A4600007AC600007AC6FE
:10828000014A082304F0E2BAD8010024FEE7000006
:108290000148FBF70FBF0000289B00242DE9F041A7
:1082A000044680790D462027236801284FF40046B4
:1082B00004F5946203EB4511D3F840C0D1F8080BE4
:1082C00009D0DFF89CE0F4453AD1020433D500BF71
:1082D000C1F8086B40E0234B5FEA007E04D59C4563
:1082E0003AD90004F4D437E05FEA806E02D5C1F8D1
:1082F000087B31E010F0280F2ED19C4501D90004F5
:10830000E6D4D1F8101B05EBC50004EB8000C1F3E7
:108310001201D0F87432A3EB0101C0F8681200F525
:108320001570ADB903691BB1C2681144C1600FE09B
:10833000206801210AE080060AD5C1F8087B07E021
:1083400035B9D4F8640218B90021184602F0A8FD26
:108350002046E9B2FBF797FD0020BDE8F081000060
:108360000A31544F0A30544F2DE9F84F0E46056834
:10837000814601EBC60100EB8104D4E909201434E5
:10838000904202D90120BDE8F88FA168101A8142FD
:1083900000D20846C01C05EB461887081BE000BF4A
:1083A000A268A0EB010A524500D2924699F8061045
:1083B0000AF1030000911FFA8AF3E1688708284652
:1083C000F2B203F0B1F8E16801EB0A00E060616924
:1083D00001EB0A006061D8F8180980B2B84205D3F1
:1083E000D4E90401814201D20028D9D1D4E90401A1
:1083F000884208D8D5F83418012006F00F029040C2
:108400008143C5F834180020BDE7000090B1017821
:1084100000F13C0290ED102AD0ED0F1AC0ED060AD3
:1084200080ED070A30EEC01A82EC031A29B1012947
:1084300044D08AE09FED460A704790ED010A11EEA4
:10844000101A444A20EE012A914280ED092A07DDE4
:1084500090ED0A0AD0ED020A00EE810A80ED0A0AC8
:1084600071EE611AD0ED032AD0ED0A0A90ED050AEB
:10847000D0ED0D3A90ED0C3A22EEA11AF4EEC00ABE
:10848000C0ED0E3AF1EE10FA80ED0D3AC0ED0C1A87
:1084900080ED0B1A09DCB1EE400AF4EEC00AF1EEF1
:1084A00010FA02D390ED0A0A01E080ED0A0A32EEDA
:1084B000000AD0ED040A30EE010A36E071EE610ADE
:1084C00090ED010A244A20EE800AF0EEC10A10EE77
:1084D000901A80ED090A914205DDD0ED020A60EEA6
:1084E000810AC0ED0A0AB0EE005AD0ED0A4A01EE48
:1084F000C51A90ED033AD0ED0D3A70EE241AD0ED86
:10850000082A90ED0C4A31EE021AD0ED040AC0EDB3
:108510000E3A80ED0D4A23EE010A80ED0C1A80ED33
:108520000B0A31EE801A31EE220A80ED080AB4EE11
:10853000E00AF1EE10FA06DCF1EE600AB4EEE00AB1
:10854000F1EE10FA01D2C0ED080A90ED080A70476A
:1085500000000000CDCC4C3D0AD7233C70B5040090
:108560002DED048BDFED2E8A57D02069032831D101
:108570002E489FED2C9ADFED2C9A90ED020AB0EE7A
:10858000491AF0EE690A07F011FFB0EE408A94ED47
:10859000700AB0EE491AF0EE690A07F007FF70EEB4
:1085A000480A234A04F59070F0EEE00A10EE901AA3
:1085B000914216DDB5EEC08AF1EE10FADFED1D0A2C
:1085C00002D278EE200A01E078EE600AFFF71EFF83
:1085D00084ED6D0A20690025C4F86C01206918B18A
:1085E00008E0F0EE480AF1E7C5EBC50004EB8000B7
:1085F000C0ED098AC5EBC50004EB8000D0ED080A88
:1086000090ED090A2846FFF781FD04EB8501681CFF
:10861000C5B2042D81ED2E0AE0D3BDEC048B70BDF4
:1086200000000000DB0F4940DB0F49C0A800002418
:10863000DB0F4940DB0FC940002819D09FED0D0A20
:1086400080ED110A80ED100A80ED0F0A80ED0E0A10
:1086500080ED0D0A80ED0C0A80ED0B0A80ED0A0A10
:1086600080ED090A80ED080A80ED060A80ED070A10
:108670007047000000000000002828D0002A26D003
:108680000170D2ED001A9FED121AC0ED011AD2ED61
:10869000011AC0ED021AD2ED021AC0ED031A80EDE4
:1086A000040AC0ED050A80ED0E1A80ED0D1A80ED6A
:1086B0000C1A80ED081A80ED0B1A80ED0A1A80ED75
:1086C000091A80ED111A80ED101A80ED0F1A70470B
:1086D0000000000070B5AEB0B8216846F8F70BF89E
:1086E0000023182419464FF4004202208DE81C0094
:1086F000C82506ABCDE903502026059083E843004A
:10870000020768461B920991FCF738FA002801D04D
:1087100072B6FEE72EB070BD2DE9F047454D044618
:1087200089464FF0000A2868C04380070AD0414EAE
:10873000283E306820F080603060FBF78BFA0746F7
:10874000B04608E00120BDE8F08700BFFBF782FAE1
:10875000C01B022867D8D8F800000001F6D42068B2
:1087600029684FF4FE0721F47C313E0241EA0030D3
:108770002860207AA389B4F804C040022D4D2D4909
:108780005B1E227CACF1010C1035091DA0F50070B8
:1087900080B2521ECCF3080C07EA034340EA0C00F7
:1087A000184306EA0262104328600868626920F0F4
:1087B000C000104308600A68A06922F0200202434A
:1087C0000A60281D0A6822F010020A6002684FF64B
:1087D000F873E4699A4342EAC40202600868B9F196
:1087E000000F40F010020A6011D00868B9F1010FC3
:1087F00011D040F400100860D8F80000444640F062
:108800008060C8F80000FBF725FA05460DE008680F
:1088100040F40020EFE740F48010ECE7FBF71AFA91
:10882000401B022801D903208DE720680001F5D5FF
:10883000504688E7284402582DE9F047454D044644
:1088400089464FF0000A2868C04380070AD0414E8D
:10885000283E306820F080503060FBF7FBF9074677
:10886000B04608E00120BDE8F08700BFFBF7F2F951
:10887000C01B022867D8D8F800008000F6D42088F2
:1088800029684FF4FE0721F07C713E0241EA005056
:108890002860207AA389B4F804C040022D4D2D49E8
:1088A0005B1E227CACF1010C1835091DA0F500708F
:1088B00080B2521ECCF3080C07EA034340EA0C00D6
:1088C000184306EA0262104328600868626920F4CF
:1088D0004060104308600A68A06922F400720243F5
:1088E0000A60281D0A6822F480720A6002684FF646
:1088F000F873E4699A4342EAC40202600868B9F175
:10890000000F40F480720A6011D00868B9F1010FBD
:1089100011D040F080700860D8F80000444640F064
:108920008050C8F80000FBF795F905460DE008688F
:1089300040F48000EFE740F40000ECE7FBF78AF931
:10894000401B022801D903208DE720688000F5D55F
:10895000504688E7284402580148FDF77FBA0000D6
:108960009C14002410B5026840F26F335169946979
:1089700044F0080494610268946944F0100494611E
:108980000268146824F001041460026814699C43AE
:1089900014610268936823F440439360D0F8842004
:1089A000042A0CD08A060AD5D0F8882042F080022A
:1089B000C0F888200268936943F020039361D0F8DF
:1089C0008420032A0CD04A060AD5D0F8882042F029
:1089D0000402C0F888200268936943F04003936161
:1089E0008A050AD5D0F8882042F00102C0F8882014
:1089F0000268936943F400739361C9050AD5D0F8FE
:108A0000881041F00801C0F8881001688A6942F4B2
:108A100080728A610021A0F86210A0F86A1010BD6F
:108A200010B5C06B00210122A0F86A10A0F86210F6
:108A3000C0F88420FDF711FA10BD00002DE9F041C7
:108A40001C4616460D460746DDF818800AE000BFB2
:108A5000FBF700F9A0EB0800A04202D3601C01D094
:108A60000BE054B13868406935EA000007D00020B7
:108A7000B042EDD00020BDE8F0810320FBE70120EB
:108A8000F6E70178407841EA0020704700B587B0EA
:108A900006491C226846F7F7FCFD0021684607F0EE
:108AA00073FF0349086007B000BD0000D031010822
:108AB0009C000024FFF7FEFA012007F059FFFBE7B6
:108AC000502010B580F31188BFF34F8FBFF36F8F25
:108AD0000AF0DAF918B104494FF08050086000201C
:108AE00080F3118810BD000004ED00E030B59DB0AA
:108AF0004C216846F7F7FFFD202113A8F7F7FBFD8F
:108B00000220FBF7B3FE1E48016821F440410160DA
:108B10000168002401F440411B9101688904FCD5DF
:108B2000022009902122C50328230121CDE9002537
:108B300006910C220A90CDE90B03CDE90D100FA987
:108B400081E8150068461294FCF7F4FE08B172B68D
:108B5000FEE740201A9008230501CDE9163013AB3B
:108B6000CDE918053F21032283E8160013A811461A
:108B7000FCF7A2FC002801D072B6FEE71DB030BDA4
:108B8000184802582748F0B5274A016841F4700197
:108B90000160106800F00F00072804D2106820F070
:108BA0000F00C01D106021490020204C10340B68BC
:108BB0001F4D43F001030B6020600B682B400B60DE
:108BC000136803F00F03072B04D9136823F00F0376
:108BD000DB1D1360154C174A1834174B261D371D23
:108BE0002060124C154D28343060261D3860371D2A
:108BF00023603B1D35601C1D3A60251D2E1D18602D
:108C0000331D22602860326018600A6843F2D20483
:108C1000064B0B4D22F4802260330A6018602C60F2
:108C2000F0BD000088ED00E0002000520044025832
:108C30007FEDF6EA80020101000202020000FF015E
:108C4000004000520148FDF742BE0000B01D002464
:108C50000148FDF73CBE00008C1700240148FDF7D9
:108C600036BE0000AC1600242DE9F0472C4B4FF027
:108C7000804A2C4D026898422B4E2C4F2C4C09D028
:108C8000504507D0A84205D0B04203D0B84201D029
:108C9000A04205D1D1F804C022F070024CEA0202D1
:108CA000DFF890C0DFF890809842DFF8909015D000
:108CB000504513D0A84211D0B0420FD0B8420DD0C9
:108CC000A0420BD0604509D0404507D0484505D0AB
:108CD0001B4DA84202D01B4DA84203D1CD6822F4FF
:108CE00040722A438E684D6922F08002C6620E6887
:108CF0002A439842866207D0A04205D0604503D03F
:108D0000404501D0484501D109690163036801214B
:108D100043F00403036041610260BDE8F087000096
:108D2000000001400004004000080040000C00402A
:108D3000000401400040014000440140004801405F
:108D400000E0004000E4004010B5046A012301F097
:108D50001F018B409C4304628A40016A11430162F7
:108D600010BD42EA032283680A4323F47F410A4389
:108D700082607047034B82681A400A4342F0070141
:108D8000816070478FFFCFFF2DE9F04FDFF88480BF
:108D9000214EDFF88890DFF888B0026A036AB0429B
:108DA000DFF880A022F0020C1F4F23F001020262C4
:108DB000426885698B680C6805EA080525F003059B
:108DC00043EA0C0344EA050407D0484505D058455A
:108DD00003D0504501D0B84205D1CD6823F0080337
:108DE0001D4325F00403B04207D0484505D058453F
:108DF00003D0504501D0B84205D122F44076D1E9E4
:108E0000055235432A4342608461496841630362E5
:108E1000BDE8F08F8FFFFEFF00000140000401401D
:108E2000004001400044014000480140F0B5DFF837
:108E30007CE01F4C1F4D026A036AA04222F020060C
:108E400023F01003036242688369D1F808C00F68F9
:108E500003EA0E0323F4407E46EA0C134EEA07268B
:108E600001D0A84206D1CF6823F0800343EA07135C
:108E700023F04003A0420AD0A84208D00E4CA042E2
:108E800005D00E4CA04202D00D4CA04207D1D1E932
:108E9000054522F4406242EA840242EA85024260C9
:108EA0008661496881630362F0BD0000FF8FFFFEA9
:108EB0000000014000040140004001400044014026
:108EC00000480140F0B5DFF87CE01F4D1F4E026AFC
:108ED000036AA84222F4007723F480730362436894
:108EE000C269D1F808C002EA0E020C6822F0030E33
:108EF00047EA0C2244EA0E0401D0B04206D1CF6802
:108F000022F4006242EA072222F48062A8420AD0D8
:108F1000B04208D00E4DA84205D00E4DA84202D056
:108F20000D4DA84207D1D1E9055623F4405343EA39
:108F3000051343EA06134360C4614968C1630262D2
:108F4000F0BD00008FFFFEFF000001400004014063
:108F5000004001400044014000480140F0B5046A6F
:108F6000026A22F4805202624268C36924F4005407
:108F7000DFF848C08E680D6803EA0C03104F23F435
:108F8000407344EA0634B84243EA05230BD00D4D42
:108F9000A84208D00C4DA84205D00C4DA84202D0E2
:108FA0000B4DA84204D14D6922F4804242EA851259
:108FB0004260C361496801640462F0BDFF8FFFFE37
:108FC0000000014000040140004001400044014015
:108FD00000480140F0B5164F164B026A046A9842E9
:108FE00022F4003524F4803303624268436D0E8915
:108FF0000C6803EA070344EA030445EA06430BD07E
:109000000D4DA84208D00D4DA84205D00C4DA842E8
:1090100002D00C4DA84204D14D6922F4803242EABC
:10902000052242604465496881650362F0BD000025
:109030008FFFFEFF0000014000040140004001409E
:109040000044014000480140F0B5164F164B026A3B
:10905000046A984224F48013036222F400144268E4
:10906000436D0E890D6803EA070344EA065443EA98
:1090700005230BD00D4DA84208D00D4DA84205D0B8
:109080000C4DA84202D00C4DA84204D14D6922F4E7
:10909000802242EA8522426043654968C1650462D4
:1090A000F0BD0000FF8FFFFE000001400004014002
:1090B00000400140004401400048014010B5036AEF
:1090C000046A23F00A0324F00104046284690B4358
:1090D00024F0F00141EA02118161036210BD10B574
:1090E000036A046A23F0A00324F010040462846974
:1090F00043EA011124F4704343EA023282610162BF
:1091000010BD00000148FDF79DBF0000FC170024C2
:109110000148FDF797BF00009018002430B5416E5C
:10912000B9B101680D4B03F108048A688968C2F37C
:109130004262490F5D5C615C2D01B5FBF1F1A0F865
:109140006A10995CA25C0901B1FBF2F1A0F8681009
:1091500030BD0121A0F86A10F8E7000030310108A5
:1091600090F82810090706D50168836B4A6822F435
:1091700000421A434A6090F82810C90706D00168D7
:10918000C36A4A6822F400321A434A6090F82810F1
:10919000890706D50168036B4A6822F480321A43B6
:1091A0004A6090F82810490706D50168436B4A6861
:1091B00022F480221A434A6090F82810C90606D586
:1091C0000168C36B8A6822F480521A438A6090F85F
:1091D0002810890606D50168036C8A6822F40052BB
:1091E0001A438A6090F82810490611D50168436C2B
:1091F0004A6822F480121A434A60416CB1F5801F1C
:1092000006D10168836C4A6822F4C0021A434A609E
:1092100090F82810090606D50168C26C486820F449
:1092200000201043486070472DE9F84300250446AC
:10923000C0F89050FAF70EFD8046206820266FF0A7
:109240007E470068000713D50022434631042046BC
:10925000009700F067FB58B1216851E8000F20F03B
:10926000800041E80002002AF6D1C4F8886021E0BD
:1092700020680068400722D5002243464FF4800151
:109280002046009700F04EFBC8B1206850E8001F50
:1092900021F4907140E80012002AF6D120680830CD
:1092A00050E8001F21F0010140E80012002AF5D12A
:1092B000C4F88C600320C4F88450BDE8F883C4F877
:1092C0008860C4F88C60E56625670020C4F8845087
:1092D000F3E710B5C06B0021A0F85E10FDF760FE4B
:1092E00010BD70B5C46B00252168D4F88800D4F88F
:1092F0008C608968090606D5212804D1A4F8565047
:10930000204600F0B5F820688068400606D5222E79
:1093100004D1A4F85E50204600F080F8D4F8900004
:1093200040F01000C4F890002046FDF739FE70BDF3
:1093300010B5C1690022C06BB1F5807F2DD0A0F8B7
:109340005E20036853E8001F21F4807143E8001495
:10935000002CF6D10168083151E8003F23F00103E9
:1093600041E80034002CF5D10168083151E8003F94
:1093700023F0400341E80034002CF5D12021C0F84F
:109380008C10C16E012908D1016851E8003F23F01B
:10939000100341E80034002CF6D10267C16E0129A8
:1093A00002D0FEF745FA10BDB0F85C10FDF760FD85
:1093B00010BD10B5C06B01210167C16E012902D03B
:1093C000FEF737FA10BDB0F85C104908FDF750FD04
:1093D00010BD10B5C169C06BB1F5807F16D00021FA
:1093E000A0F856100168083151E8002F22F08002E1
:1093F00041E80023002BF5D1026852E8001F41F03C
:10940000400142E80013002BF6D110BDFEF75AFAD6
:1094100010BD10B5C06BFEF756FA10BD10B502684E
:1094200052E8001F21F4907142E80013002BF6D19E
:109430000E4B0268083252E8001F194042E800143F
:10944000002CF6D1C16E012908D1026852E8001F34
:1094500021F0100142E80013002BF6D10021202258
:10946000C0F88C20C166416710BD0000FEFFFFEF11
:10947000026852E8001F21F0C00142E80013002BEF
:10948000F6D10168083151E8002F22F4000241E8CA
:109490000023002BF5D12021C0F888107047000070
:1094A0002DE9F04304468068E24E87B0E24B216824
:1094B000D4E90427D4F81CC010430A68002547EA01
:1094C0000C073843324002430A602068E268416872
:1094D00021F44051114341602268A1699A4201D0B0
:1094E000206A01439668DFF854C3D54FD54806EA91
:1094F0000C060E4396602168666ACA6A22F00F0263
:109500003243CA622268BA420ED1006800F03800C5
:1095100018286FD07ADCB8B308286CD010286BD12B
:109520008BE0282868D18EE0C7498A4209D10068BB
:1095300000F0070006285FD2DFE800F0507D7F8151
:109540008385C2498A4209D1006800F007000628D5
:109550007BD2DFE800F0437072747678BC498A42AF
:1095600009D1006800F0070006286ED2DFE800F09D
:1095700036636567696BB7498A420BD1006800F0B2
:109580000700062861D200E043E0DFE800F027543E
:1095900056585A5CB0498A4206D1006800F038003B
:1095A00018284CD0B7DD31E0AC498A4209D10068B7
:1095B00000F00700062848D2DFE800F0103D3F41E8
:1095C0004345A7498A420BD1006800F007000628EE
:1095D0003BD2DFE800F0033032343638002035E08B
:1095E000A0498A4209D1006800F03800182826D026
:1095F00091DD0BE023E01EE027E09B498A420AD17F
:10960000006800F03800182819D084DD202888D19F
:109610001CE001201AE09A4217D18A48001D006818
:1096200000F00700062810D2DFE800F00305070964
:109630000B0D02200AE0042008E0082006E01020BC
:1096400004E0202002E0402000E080208749DFF88D
:1096500020829A42874A4FF400434FEA21174FF085
:1096600000064ED110281AD006DC022809D00428A2
:109670000BD008287ED10DE020283ED0402879D19B
:109680003DE0FBF725F9014610E06846FBF732F9AB
:1096900001990BE003A8FBF7CFF9049906E01068E5
:1096A000800605D51068C0F3C100C140002970D004
:1096B000606A676838F8102007EB4703B1FBF2F0E7
:1096C000834257D8B0EB073F54D8002308461946C9
:1096D000F6F7ECFE02467808130E120243EA012167
:1096E00010183A4671410023F6F7E0FE624AA0F5F1
:1096F000407191423ED821688FE03946D8E719463B
:10970000D6E7D4F81CC04FF6EF799C4546D108281F
:1097100019D005DC58B101280CD0042875D10DE012
:10972000102815D0202835D040286ED134E0FCF721
:1097300041F801E0FCF750F8014610E06846FBF7FD
:10974000D9F801990BE003A8FBF776F9049906E034
:109750001068800604D51068C0F3C100C140C1B1D3
:10976000636A606838F81330B1FBF3F1490001EB2C
:10977000500100E049E0B1FBF0F0A0F110014945D3
:1097800043D84FF6F0732168C0F3420218401043EB
:1097900043E043E03946E3E71946E1E7082819D0FA
:1097A00005DC58B101280CD004282ED10DE010287A
:1097B00015D020282BD0402827D12AE0FBF7FAFF2C
:1097C00001E0FCF709F8014610E06846FBF792F863
:1097D00001990BE003A8FBF72FF9049906E0106844
:1097E000800604D51068C0F3C100C140B1B1636AFE
:1097F000606838F81330B1FBF3F101EB5001B1FBB5
:10980000F0F0A0F11001494505D9012506E03946DF
:10981000EDE71946EBE7216880B2C8600120A4F8A3
:109820006A00A4F8680028466667A66707B0BDE826
:10983000F0830000F369FFCF000C0058FFF4FF1124
:1098400000100140544402580044004000480040C9
:10985000004C0040005000400014014000780040DF
:10986000007C004000180140001C01400090D00323
:109870001831010800440258FFFC0F0070B504467F
:10988000D0F8800000232225A165A4F85C20C4F84C
:109890009030C4F88C50F0B11F490164D4F88010A6
:1098A0001E484864D4F880101D480865D4F880002C
:1098B00043651346A56D2168D4F880002A462431FB
:1098C000F9F7B8F938B11021C4F890102020C4F885
:1098D0008C00012070BD206940B1216851E8000F63
:1098E00040F4807041E80002002AF6D12068083078
:1098F00050E8001F41F0010140E80012002AF5D1B4
:109900002068083050E8001F41F0400140E8001294
:10991000002AF5D1002070BD31930008B3930008F0
:10992000E39200082DE9F047994617460D46044694
:10993000089E4FF0000833E0701C31D0FAF78AF926
:10994000A0EB0900B04218D8BEB1206801684907F1
:1099500026D5802D24D0402D22D0C169C9430907C6
:109960000DD4082505622046FFF758FDC4F8905035
:109970000120C4F88480BDE8F0870320FBE7C069BC
:10998000C04300050CD421684FF4006008622046F3
:10999000FFF744FD2021C4F89010C4F88480ECE760
:1099A0002068C06935EA000004D00020B842C3D066
:1099B0000020E0E70120F9E70148FDF743BB000084
:1099C000B81900240148FDF73DBB0000241900240C
:1099D000054AD2F88820202A04D10A4601460248C6
:1099E000FDF728BF70470000901800242DE9F041D2
:1099F0000C46D0F8D412D0F8C83200EB8101D1F86F
:109A0000C01229B304F00F02002702EB820500EB1D
:109A10008506B5694DB102EBC20203EB8202D26941
:109A2000B5FBF2F302FB1352A2B1C1F81472D0F8E5
:109A3000D42200EB8200D0F8C40203692BB1D1F824
:109A4000080201F50471224698470020BDE8F08124
:109A50000320FBE7002321461A46B76100F0FDFD15
:109A6000F3E770B50546D0F8D40205EB8000D0F8D6
:109A7000C04294B1284600F0CAFCC4F80C02D5F8E4
:109A8000D40205EB8000D0F8C412D4F80402CA68EE
:109A900004F503719047002070BD032070BD0000E5
:109AA00070B5224D0446297800F0F2FB2878002694
:109AB00000F00F0000EB800004EB8000868420465D
:109AC000697800F0E5FB687800F00F0000EB80009B
:109AD00004EB8000A0F864612046A97800F0D8FB70
:109AE000A87800F00F0000EB800004EB8000868473
:109AF000C684D4F8D40204EB8000D0F8C01299B127
:109B0000D0F8C40240688047D4F8D40204EB800047
:109B1000D0F8C00200F0C9FFD4F8D40204EB8000F2
:109B2000C0F8C062C4F8BC62002070BDBC02002452
:109B300010B5D0F8D41200EB8100D0F8C04284B147
:109B4000D0F8C41259B194F80002FF2807D08B68EE
:109B5000214694F801229847FF2084F80002002053
:109B600010BD032010BD00000A210180004870478D
:109B7000C002002470B5822106460D4800F094FA18
:109B8000012105460A4800F08FFA81210446084861
:109B900000F08AFA0DB11021A9714FF0400104B113
:109BA000A18000B1818043203080014870BD000059
:109BB000CC02002470B5822106460D4800F074FAEC
:109BC000012105460A4800F06FFA81210446084841
:109BD00000F06AFA0DB11021A9714FF4007104B1BF
:109BE000A18000B1818043203080014870BD000019
:109BF000CC02002470B5822106460D4800F054FACC
:109C0000012105460A4800F04FFA81210446084820
:109C100000F04AFA0DB11021A9714FF0400104B1D2
:109C2000A18000B1818043203080014870BD0000D8
:109C3000CC0200242DE9F0474FF40775044628466E
:109C400000F034FF06004FF0000965D02946F6F712
:109C500052FDD4F8D40201273C4D4FF4007A4FF066
:109C6000100804EB8000C0F8C062C4F8BC62206930
:109C7000F0B3297840230222204600F038FC2878EF
:109C8000402300F00F0000EB800004EB800087848D
:109C900002226978204600F02AFC69780823032212
:109CA000204601F00F0101EB810104EB8101A1F8D5
:109CB0006471A97801F00F0101EB810104EB8101CE
:109CC000A1F82680A97800F012FCA978C84601F016
:109CD0000F0101EB810104EB81018F84C6F804922E
:109CE000D4F8D40204EB8000D0F8C402006800E08D
:109CF0001AE006F501768047C6F81080C6F8148091
:109D000032687AB12069F8B140236978204600F0C2
:109D1000FAFB0020BDE8F087D4F8D41204EB8101EF
:109D2000C1F8C0920220F5E7297802225346204666
:109D300000F0DDFB2878534600F00F0000EB8000B8
:109D400004EB80008784A3E75346DEE7BC020024CF
:109D500010B5D0F8D41200EB8101D1F8C01259B17E
:109D60000269084C002AD1F8042207D04023617808
:109D700000F0C9FB002010BD032010BD4FF400739C
:109D8000F5E70000BC02002439B1D0F8D42200EB82
:109D90008200C0F8C4120020704703207047D0F83A
:109DA000D42200EB8200D0F8C00218B1C0F804122F
:109DB0000020704703207047D0F8D43200EB8300B6
:109DC000D0F8C00228B1C0F81022C0F80812002054
:109DD0007047032070472DE9FC410646D0F8D402B5
:109DE0000C46002106EB80000D46D0F8C0728DF8BD
:109DF0000010ADF8041037B1217811F060022CD0BA
:109E0000202A48D102E00320BDE8FC81E288E2B1CB
:109E100009060BD5D0F8C4023946836860789847A4
:109E2000E288072A00D9072239462CE0607887F8B3
:109E30000002E088402800D340203946C2B23046B4
:109E400087F8012200F081F82AE0D0F8C40200224D
:109E5000214683686078984722E0607830B1012815
:109E60001ED00A2809D00B2815D110E096F89C02C4
:109E7000032810D1022201A905E096F89C020328CC
:109E800009D101226946304600F079F808E096F8D9
:109E90009C02032804D02146304600F04BF80325ED
:109EA0002846B1E710B50446D0F8D40204EB80018F
:109EB0000120D1F8C022D2B1D2F81412002915D154
:109EC0000C480121C2F814120178D2F8100201F0F6
:109ED0000F0303EB830304EB830398612046D2F85E
:109EE0001032D2F8082200F0B8FB002010BD032089
:109EF00010BD0000BC02002410B5D0F8B822002428
:109F00005268904700B10324204610BD00207047DE
:109F10000020704713460A46002110B500F0F3FAFE
:109F2000002010BD13460A46002110B500F095FB35
:109F3000002010BD10B58021044600F06FFB2046C4
:109F4000BDE81040002100F069BB10B5C0F85821F1
:109F50000323C0F89432C0F85C2113460A4600215E
:109F600000F0D1FA002010BD10B50521C0F8941200
:109F700000231A46194600F0C6FA002010BD10B59D
:109F800082610223C0F89432C26113460A4600215E
:109F900000F063FB002010BD10B50421C0F894123E
:109FA00000231A46194600F058FB002010BDF8B5F2
:109FB00004460D460020ADF800004888010A062935
:109FC00047D006DC01290FD0022912D0032962D123
:109FD0001DE0072946D00F295DD1D4F8B402C2692B
:109FE00020E0694690473BE0D4F8B41220690A6843
:109FF000F7E7206902260028D4F8B80205D0C16A24
:10A00000684688470146467036E0816AF8E7C0B284
:10A01000062840D2DFE800F003090D111519D4F825
:10A02000B4024268B2B32069DBE7D4F8B4028268B4
:10A03000F8E7D4F8B402C268F4E7D4F8B4020269CD
:10A04000F0E7D4F8B4024269ECE7D4F8B4028269CC
:10A05000E8E72069F0B9D4F8B802416B6846884750
:10A06000014609E02069A8B9D4F8B802016B684636
:10A070008847014607204870EA888AB1BDF8000089
:10A0800040B1824200D902462046ADF80020FFF7D9
:10A0900076FFF8BDFFE729462046FFF74BFFF8E7BC
:10A0A0002046FFF779FFF4E778B542880D4601783E
:10A0B000002604468A4212D9ADF800100AE069462B
:10A0C00000F019F84178052904D181780646A942A3
:10A0D00005D000266188BDF800209142EFD83046B7
:10A0E00078BD002102E0491C401CC9B20278002A58
:10A0F000F9D1084670470A8803781A440A80017823
:10A100000844704770B5002816460D4620D0044616
:10A11000FFF7E7FF02220146100202EB41018142F4
:10A1200004D82046FFF7DDFF4000801C30803378E4
:10A13000032102202B700022697006E0431C295481
:10A14000D8B2411C641C2A54C8B221780029F5D128
:10A1500070BD01004FF0000004D0012901D0022998
:10A1600001D00320704701207047000004A00A4678
:10A17000024910B5FFF7C6FF004810BD087F002454
:10A1800043444320436F6E666967000012200880D5
:10A19000004870476002002404A00A46024910B536
:10A1A000FFF7B0FF004810BD087F00244344432060
:10A1B000496E746572666163650000000420088062
:10A1C000004870475C02002404A00A46024910B50A
:10A1D000FFF798FF004810BD087F002453544D69D5
:10A1E00063726F656C656374726F6E696373000090
:10A1F00004A00A46024910B5FFF784FF004810BDCD
:10A20000087F002453544D333220566972747561AF
:10A210006C20436F6D506F727400000010B51A20EF
:10A2200008800B480A490830021F09680068146852
:10A23000081809D007490822FDF748FB0549042200
:10A2400020461031FDF742FB0248801E10BD000081
:10A2500000E8F11F8202002478B10023C0F8B83270
:10A26000C0F8C432C0F8D03209B1C0F8B41201212C
:10A27000027080F89C1200F0CFB80320704710B530
:10A28000D0F8C802F9F741FEBDE81040FFF761BF02
:10A2900010B5D0F8C802F9F713FEBDE81040FFF77B
:10A2A00058BF2DE9F041174604464FF0000521B193
:10A2B00094F89C02032842D04CE0D4F8941204F1A4
:10A2C0001400022935D1D0E902639E4206D9F21A60
:10A2D000394682602046FFF725FE0FE0B34214D1D5
:10A2E0004068984211D3D4F8981288420DD20022C7
:10A2F00020461146FFF716FEC4F8985200231A466E
:10A300001946204600F0FFF813E094F89C02032859
:10A3100008D1D4F8B802C16821B1C4F8D452C168D8
:10A32000204688478021204600F078F92046FFF734
:10A330001BFE94F8A00268B184F8A0520AE0D4F899
:10A34000B802426932B1C4F8D452426920469047FB
:10A35000002800D10020BDE8F08170B51346044606
:10A360004FF0000221B194F89C02032830D03AE06B
:10A37000D4F8941204F5AA70032934D1D0E902511B
:10A380008D420AD96A1A82600846824200D3024688
:10A3900019462046FFF7BEFD25E094F8AA0210F00A
:10A3A0001F0003D0012802D0022800D0002294F818
:10A3B0009C02032808D1D4F8B802016921B1C4F87D
:10A3C000D4220169204688472046FFF7E5FD0AE0D0
:10A3D000D4F8B802836933B1C4F8D4228269204624
:10A3E0009047002800D1002070BD0020704710B5B4
:10A3F000D0F8B812012280F89C22002429B10379F8
:10A400004A68D9B2904700B10324204610BDD0F865
:10A41000C802F9F7A7BD000070B50178012929D15C
:10A4200015490925154C02230022C1F8E404C0F89F
:10A43000C81208460C600D71CB718A714B728A721A
:10A44000CA720A738A73CA730A74FAF705F908B1F3
:10A45000F7F76DFA08484FF40071F9F7E0FC064889
:10A4600080220021F9F7DFFC034801214FF4BA7282
:10A47000F9F7D9FC002070BD289B0024000004409F
:10A48000D0F8C82201F07F000B0600EBC00002EB01
:10A49000800001D5807D704790F85602704710B556
:10A4A000D0F8D42200EB8202D2F8B82222B190F880
:10A4B0009C32032B02D004E0032010BD126A02B1CB
:10A4C0009047002010BD10B5D0F8D42200EB8202D6
:10A4D000D2F8B82222B190F89C32032B02D004E0CB
:10A4E000032010BD526A02B19047002010BD10B584
:10A4F0001C46D0F8C80213462246F9F73CFDBDE8D9
:10A500001040FFF726BE10B5D0F8C802F9F764FD79
:10A51000BDE81040FFF71DBE2DE9F04104460125BE
:10A520000020D4F8B812064684F89C52C4F894026D
:10A530006060C4F8A40284F8A00231B14A6822B174
:10A5400000212046904700B10326204600224023E8
:10A550001146FFF7CCFF4027A4F8645100223B4688
:10A5600080212046C4F86071FFF7C1FFA584304602
:10A570002762BDE8F08190F89C12042903D190F87D
:10A580009D1280F89C120020704710B590F89C1224
:10A59000032905D1D0F8B81211B1C96901B18847B2
:10A5A000002010BD01610020704710B5D0F8C8022E
:10A5B000FAF708F9BDE81040FFF7CBBD70B50446C7
:10A5C00000F2AA20054600F051F894F8AA020123EF
:10A5D000B4F8B01210F01F02C4F89432C4F8981204
:10A5E0000AD0012A0ED0022A12D000F080012046A3
:10A5F000BDE8704000F012B829462046BDE8704022
:10A6000000F0D0B829462046BDE8704000F013BAEB
:10A6100029462046BDE8704000F05BB910B5D0F87F
:10A62000C802F9F7F3FCBDE81040FFF792BD10B582
:10A63000D0F8C802FAF7E0F8BDE81040FFF789BD8E
:10A6400090F89C12042903D090F89C1280F89D1277
:10A65000042180F89C120020704710B5D0F8C80281
:10A66000F9F70DFDBDE81040FFF773BD70B5054665
:10A6700008788C1C2870487868702046FEF701FA2C
:10A68000A41C68802046FEF7FCF9A880A01CFEF7F9
:10A69000F8F9E88070BD38B504460020ADF8000038
:10A6A000A1B1C4F8B812D4F8D40204EB8000D0F8F9
:10A6B000B802C16A19B168468847C4F8D002D4F814
:10A6C000D802401CC4F8D802002038BD032038BD91
:10A6D000D0F8B83202460020002B02D01B6810468A
:10A6E000184770472DE9F0412C4E04468878002524
:10A6F0008846C1B20129317006D941462046FFF78C
:10A7000019FC0320BDE8F08194F89C02022702287E
:10A710000CD003281DD041462046FFF70BFC3178B2
:10A720002046FFF7E9FB03252846EBE789B32046DF
:10A730006160FFF7CDFF050004D041462046FFF7DA
:10A74000F9FB1DE02046FFF727FC032084F89C025C
:10A75000EAE7C1B1606888421BD0C1B22046FFF76A
:10A76000CBFB317820466160FFF7B2FF050010D0C7
:10A7700041462046FFF7DEFB21792046FFF7BCFB70
:10A7800084F89C72D0E7616084F89C722046FFF7E1
:10A79000B3FB2046FFF700FCC6E70000B802002428
:10A7A000FFF745BF2DE9F0410A784FF0000512F0A0
:10A7B00060020CD0202A01D0402A7DD1D0F8D422CA
:10A7C00000EB8202D2F8B8229268904731E04B78D1
:10A7D000002201260A2B6FD2DFE803F041666E5893
:10A7E0006E08056E2D29FFF7E2FB67E004468888B6
:10A7F000D8B9C888C8B94888802816D294F89C224D
:10A8000000F07F07032A10D03946204684F89E7254
:10A81000FFF7CBFE2046FFF7BFFB1FB1022084F8F5
:10A820009C024BE084F89C6248E0204644E0FFF73D
:10A8300059FF054642E0CB88012B3DD190F89C3270
:10A84000012B04D0022B02D0032B35D104E000F100
:10A8500008018260012216E00122011D13E090F838
:10A860009C22012A03D0022A01D0032A24D1CA88BB
:10A87000022A21D1D0F8A412C66009B10321C16017
:10A88000022200F10C01FFF77AFB17E04A88012A47
:10A8900002D0022A03D00FE0C0F8A46216E0898833
:10A8A000090A80F8A01211E090F89C32012B08D020
:10A8B000022B06D0032B04D0FFF73CFB2846BDE853
:10A8C000F08149880129F9D1C0F8A422FFF764FB7F
:10A8D000F4E72DE9F0410A780E460979054612F0B1
:10A8E00060004FF00008CCB20BD0202801D04028E7
:10A8F0006AD121462846FFF709FBFF2800D0D8B3CC
:10A9000096E07078C8B3012824D003285CD195F86C
:10A910009C02022802D0032856D10CE0002C53D010
:10A92000802C51D021462846FFF778FE802128460A
:10A93000FFF774FE7CE0708840B93CB1802C05D0F4
:10A94000F08818B921462846FFF768FE2846FFF729
:10A9500023FB6DE095F89C020228DFD0032863D129
:10A96000708880BB600603D021462846FFF787FC2D
:10A970002846FFF711FBBCE700E00AE0C5F8D40267
:10A98000D5F8B8028268F2B1314628469047804631
:10A990004EE095F89C020027022802D0032843D1FC
:10A9A00013E00CB1802C3FD1200604F07F0000EBB7
:10A9B000800005EB800101D5143101E001F5AA7199
:10A9C00002220F602CE033E02EE0200604F00F009E
:10A9D00000EB800005EB800009D5808C20B304F0EB
:10A9E0007F0000EB800005EB800614360AE0B0F82B
:10A9F0006401C8B104F07F0000EB800005EB800625
:10AA000006F5AA764CB1802C07D021462846FFF7E0
:10AA100037FD10B10120306000E03760022231467E
:10AA20002846FFF7ACFA03E031462846FFF782FAE2
:10AA30004046BDE8F08170B5054608780E464FF0F7
:10AA4000000410F0600003D0202801D0402827D156
:10AA500095F89C02012803D0022801D003281FD1B9
:10AA6000B088C1B201291AD8C1B22846FFF750FAFE
:10AA7000FF280CD058B9D5F8B8128A683AB1C5F891
:10AA8000D40228468A6831469047044600E00324F1
:10AA9000F088204307D12846FFF77EFA03E03146CD
:10AAA0002846FFF747FA204670BD704700487047B8
:10AAB0000899002470B54D7801230A78012D1C4CAB
:10AAC00002F00F0503FA05F3D0F81C5817D000EB7D
:10AAD000421245EA0343C0F81C38D2F8000B0004C8
:10AAE0000BD40B890979D2F8000BC3F30A0318437E
:10AAF00044EA81410843C2F8000B002070BD9EB2B9
:10AB00003543C0F81C5800EB4213D3F80009000489
:10AB1000F3D40D890979D3F80009C5F30A0589042E
:10AB2000284341EA825108432043C3F80009E4E77F
:10AB300000800010D0F800196FF30A01C0F8001966
:10AB4000D0F8041841F48071C0F804180020704750
:10AB500070B50D460446C2F307211E46049801292C
:10AB600022D0E06840F04000E060204600F03CF871
:10AB7000C6F307210029A16B2ED021F48031A163F7
:10AB8000C5F3074101290ED1E16D154A89B2E1658E
:10AB9000E16D1143E165A16841F00601A160A16882
:10ABA00041F02001A16070BDA26BC3B20D49012B21
:10ABB00022F48030A063E06800EA0100E060E06811
:10ABC00020F44010E06003D1E06840F48010E060C1
:10ABD000204600F009F8D3E741F48031CFE70000C8
:10ABE0000000EE03BFFFBDFF08B500214FF070620B
:10ABF0000091009B5B1C009393420CD80369002BCF
:10AC0000F7DA0091016941F0010101610099491CE5
:10AC10000091914201D9032008BD0169C907F5D10E
:10AC2000002008BD70B50A7801234C78012C00EB98
:10AC300042122CD0D2F8004B002C0BDAD2F8004B89
:10AC400044F00064C2F8004BD2F8004B44F080445A
:10AC5000C2F8004B0C78D0F83C5804F00F0403FA0B
:10AC600004F425EA0444C0F83C480978D0F81C48AC
:10AC700001F00F018B401C4924EA0343C0F81C3843
:10AC8000D2F8000B0840C2F8000B002070BDD2F8CB
:10AC90000049002C0BDAD2F8004944F00064C2F8F5
:10ACA0000049D2F8004944F08044C2F800490D78C8
:10ACB000D0F83C4805F00F050C4E03FA05F5ADB28F
:10ACC000AC43C0F83C48D0F81C48097801F00F01AB
:10ACD0008B4099B28C43C0F81C48D2F80009304030
:10ACE000C2F80009D1E700000078F3EF007833ECF8
:10ACF000D0F8001E21F00301C0F8001ED0F804189F
:10AD000021F00201C0F8041800207047D0F8001E9E
:10AD100021F00301C0F8001ED0F8041841F0020130
:10AD2000C0F80418002070472DE9F04F00250F46A9
:10AD3000904604462E46284604EB8001C1F8045193
:10AD4000401C0F28F8D3C3F307405FEA00092046F0
:10AD500010D0806B40F40011C4F83810C8F30720FD
:10AD6000C4F8005E0128204617D0D0F8001841F042
:10AD7000030119E0D0F8040840F00201C4F80418F7
:10AD8000A06B20F40011A163206840F04001216015
:10AD9000206840F080012160E0E7D4F80018380E08
:10ADA000204601D041F00101C0F80018102100F048
:10ADB0008CFA00B10126204600F06BFA00B10126A2
:10ADC0004FF67F3A4FF0006CC4F810584FF0904B9C
:10ADD000C4F81458C4F81C580020FAB214E000BF9C
:10ADE00004EB4011D1F80039002B06DA10B1C1F89C
:10ADF00000B904E0C4F800C901E0C1F80059C1F885
:10AE00001059C1F808A9401C8242E9D8002013E07B
:10AE100004EB4011D1F8003B002B06DA10B1C1F869
:10AE200000BB04E0C4F800CB01E0C1F8005BC1F84E
:10AE3000105BC1F808AB401C8242E9D8D4F8100876
:10AE4000C7F30742002A6FF0804120F48072C4F8F3
:10AE50001028A561616103D1A06940F01000A061D4
:10AE6000A069C8F30741094A1043A06119B1A0695C
:10AE700040F00800A061B9F1010F03D1A0690449B5
:10AE80000843A0613046BDE8F08F000000383C80E8
:10AE900004000040816821F00101816000207047BA
:10AEA00010B5144C036CA34203D9D0F8003B002B1F
:10AEB0001EDB0023C0F8103B0129D0F8101B41F421
:10AEC0000021C0F8101BD0F8101B41F01801C0F889
:10AED000101BD0F8101B41F0C041C0F8101B07D167
:10AEE000C0F8142BD0F8001B41F08021C0F8001BE3
:10AEF000002010BD0A30544F0B784A78012A00EB2D
:10AF000043100BD0D0F8002B22F40012C0F8002B15
:10AF10000979032914D0022912D017E0D0F80029AA
:10AF200022F40012C0F800290979032901D002296E
:10AF30000CD1D0F8001941F08051C0F8001905E09B
:10AF4000D0F8001B41F08051C0F8001B0020704772
:10AF50000A784B78D1B2012B00EB421012D0D0F816
:10AF6000002B002A06DB29B1D0F8001B21F080411C
:10AF7000C0F8001BD0F8001B41F40011C0F8001B02
:10AF800000207047D0F80029002A06DB29B1D0F84C
:10AF9000001921F08041C0F80019D0F8001941F4DF
:10AFA0000011C0F80019EBE7F8B50B786FF06046B8
:10AFB0004F788C4DDCB2012F00EB43132BD0D3F82C
:10AFC000107B002C07EAC544C3F8104BD3F8104B94
:10AFD00004EA0504C3F8104B7ED00D69002D7CD027
:10AFE0008C6825446D1EB5FBF4F5ADB26C430C6264
:10AFF00006EAC545D3F8104B2C43C3F8104BD3F8E1
:10B00000104B0D6AC5F3120554EA0504C3F8104B42
:10B01000012A73D0CEE00F6907B3D3F810796FF32C
:10B020001207C3F81079D3F8107907EA0507C3F8B7
:10B0300010791CB3D1F810C08D68D3F81079AC44E6
:10B04000ACF1010CBCFBF5F5ADB206EAC5463743E1
:10B05000C3F810790E79012E1CD02AE0D3F81069BC
:10B060002E40C3F81069D3F8105945F40025C3F8F1
:10B070001059D3F810596FF3120520E00E698D684E
:10B08000AE4200D90D61D0F8106946F40026C0F830
:10B0900010690EE0D3F810694FF0C04707EA457712
:10B0A00026F0C046C3F81069D3F810593D43C3F8E1
:10B0B00010590E69D3F81059C6F312063543C3F878
:10B0C0001059012A1BD000EB4413D3F8004944F077
:10B0D0000444C3F8004901E047E05AE00C79012C30
:10B0E0002ED00A695AB30B78D0F83418012203F035
:10B0F0000F039A401143C0F8341871E056E0CA6952
:10B100001AB100EB4413C3F81429097901290ED1AF
:10B11000D0F80818C90500EB4411D1F8002902D471
:10B1200042F0005201E042F08052C1F8002900EBE9
:10B130004410D0F8001941F00441C0F800194FE064
:10B14000D0F80848E405D3F8004902D444F000548C
:10B1500001E044F08054C3F8004900920B8A0A7859
:10B16000C9689BB200F0E0F93AE00C690CB18C6858
:10B170000C618C680C62C4F31205D0F8104B2C43A0
:10B18000C0F8104BD0F8104B44F40024C0F8104B1A
:10B190003EE78D68D3F8104BC5F312052C43C3F876
:10B1A000104BD3F8104B44F400242FE7CA680AB1BF
:10B1B000C3F8142B097901290CD1D0F80808C0056F
:10B1C000D3F8000B02D440F0005001E040F0805072
:10B1D000C3F8000BD3F8000B40F00440C3F8000B99
:10B1E0000020F8BDFFFF07E038B5002242F21074DE
:10B1F000002300920A784D78012D00EB421219D0FD
:10B20000D2F8005B002D3CDAD2F8005B45F0006517
:10B21000C2F8005B0A7800EB4212D2F8005B45F0FE
:10B220008045C2F8005B009A521C0092A24221D9CC
:10B23000012326E0D2F80059002D22DAD2F8005975
:10B2400045F00065C2F800590A7800EB4212D2F8C6
:10B25000005945F08045C2F80059009A521C0092EE
:10B26000A242E5D80A7800EB4212D2F80029002A5F
:10B27000F3DB06E00A7800EB4212D2F8002B002A3A
:10B28000D1DB184638BD816841F0010181600020A2
:10B29000704708B500214FF070620091009B5B1C65
:10B2A000009393420AD80369002BF7DA0091102328
:10B2B00003610099491C0091914201D9032008BD06
:10B2C0000169C906F5D4002008BD18B500224FF069
:10B2D00070630092009C641C00949C420CD804692A
:10B2E000002CF7DA2024009244EA811101610099D0
:10B2F000491C0091994201D9032018BD01698906B2
:10B30000F5D4002018BDD0F8080810F0060004D0CD
:10B31000022803D0062801D00F2070470220704772
:10B32000406900F001007047D0F81818D0F81C08E8
:10B33000084080B27047D0F81818D0F81C080840B0
:10B34000000C704710B5D0F8102801F00F0300EB87
:10B350004114D0F83418D4F80809D94001F001019B
:10B3600042EAC111084010BD00EB4111D1F8081BA1
:10B37000D0F8140808407047416980690840704758
:10B380000346084630B5940802F00301002203F595
:10B39000805303E01D68521C40F8045BA242F9D3BD
:10B3A00000290CD01C680023491EDD00090403F1AC
:10B3B0000103090C24FA05F200F8012BF4D130BD89
:10B3C00070B50446C06801294FF0000520F0C04068
:10B3D000E06001D079B120E0E06840F00050E0602A
:10B3E0000A20F7F771FD60690A3510F0010F10D1DE
:10B3F000C82DF5D30DE0E06840F08040E0600A2001
:10B40000F7F762FD60690A3510F0010F01D0C82D11
:10B41000F5D3C82D01D0002070BD012070BDD0F83B
:10B4200000284FF4FE6303EA011322F4FE62C0F821
:10B430000028D0F800181943C0F800180020704701
:10B44000022A3ED1264A274B0A449A4201D20F21B2
:10B4500038E0254A254B0A449A4201D20E2131E0B8
:10B46000234A244B0A449A4201D20D212AE0224A5F
:10B47000224B0A449A4201D20C2123E0204B214A5C
:10B480000B44934201D20B211CE01F4B1F4A0B447B
:10B49000934201D20A2115E01D4B1E4A0B449342F0
:10B4A0000FD31D4B1D4A0B44934201D2082109E0E2
:10B4B0001B4B1C4A1944914201D2072102E006218C
:10B4C00000E00921C2684FF4705322F47052C26048
:10B4D00003EA8123C1681943C1600020704700005E
:10B4E000405327FF00350C00401E1BFF40420F0059
:10B4F00000DC0BFF804F1200808CF9FE20D6130079
:10B5000060B6E5FE60E3160000D3CEFE40771B0078
:10B51000C05BB3FEC091210000CA91FE20753800C7
:10B52000E05459FEE09C410010B5029C74B900EB58
:10B530000232DB1C00209B0802F5805204E000BFB1
:10B5400051F8044B1460401C9842F9D3002010BD00
:10B55000FEE700000648D0F88800202807D10548FB
:10B560001C22014680EC060A0148FCF763B97047CB
:10B5700024190024F4010024F0B587B000236C46A0
:10B580008DF8183021FA03F5ED0701D0F02600E020
:10B59000C02620FA03F5C3F107077608ED07E65544
:10B5A00001D0F02600E0C02622FA03F5C3F10F0710
:10B5B0007608ED07E65501D0F02500E0C025C3F17F
:10B5C00017066D085B1C082BA555DBDB4FF6FF74D7
:10B5D0000F480022234606A9FAF7E0FE0C4800BFF8
:10B5E000D0F884100129FBD1094818222346694666
:10B5F000FAF7D4FE25460024054801222B4606A969
:10B60000FAF7CCFE641C642CF6DB07B0F0BD00003A
:10B61000281500244100080218BF04200A0E18BF94
:10B6200040F001004FF07F4232EA010108BF40F0D4
:10B630000200012808BF05207047090700284FEACB
:10B64000116104DB00F1E02080F80014704700F085
:10B650000F0000F1E02080F8141D704710B54FF086
:10B660000E412DED028BB0EE408A18EE100A01EB70
:10B670004001B1F1145F5CD24FF0FE41B1EB400FDD
:10B6800024BF9FED400AF0EE400A12D210F0004FA6
:10B6900019BFDFED3D0A9FED3D0ADFED3D0A9FED4D
:10B6A0003D0ADFED3D1A81EE881AB0EE418A18EEB0
:10B6B000100A4FF0FC41B1EB400F1BD210F0004FCD
:10B6C000DFED361A9FED362A1DBF9FED361A70EE5C
:10B6D000E10A30EE420A9FED341A04BF70EEA10A6F
:10B6E00030EE020A38EE412ADFED301A48EE011A38
:10B6F00082EE218ADFED2E1A9FED2E2A28EE081AFF
:10B7000001EE212ADFED2C1A41EE021A9FED2B2AC1
:10B7100001EE212ADFED2A1A41EE021A28EE011A63
:10B7200001EE210A30EE080ABDEC028B30EE200A51
:10B7300010BD4FF0E441B1EB400F0CD918EE100AE8
:10B74000FFF768FF042808BF00F01EFDB0EE480AAE
:10B75000BDEC028B10BD4FF07F41B1EB400F07D223
:10B76000B0EE480ABDEC028BBDE8104000F0F6BC1C
:10B7700010F0004F14BF9FED130A9FED130ABDECAC
:10B78000028B10BD000000000000C9BF22AAFDB955
:10B790000000C93F22AAFD39000080BF0060ED3ED5
:10B7A000C30ACE37000000BF0000003F0000803F0A
:10B7B0002DAD65BD8FB8D53D0FB511BE61C84C3EEE
:10B7C000A8AAAABEDB0FC9BFDB0FC93F10EE101A33
:10B7D00008B5434A6846B2EB410F26D94FF0E64020
:10B7E000B0EB410F94BF00204FF0FF300090009865
:10B7F000DFED3C0A002860DB10F0010F46D060EE60
:10B80000000ADFED391A9FED391A10F0020F00EE31
:10B81000E11ADFED371A40EE811A21EEA01AF0EEA0
:10B82000400A40EE010A2ED041E0324B21F00042A6
:10B8300093423FD911F0004FDFED2F0A20EE201A7E
:10B84000DFED2E0A19BF31EE601A71EE200A31EEDB
:10B85000201A71EE600ABDEEE01A11EE100A9FED9B
:10B86000281A00F0030000EEC10A9FED261A00908E
:10B8700000EEC10A9FED241A00EEC10A9FED231AC3
:10B8800000EEC10AB3E7F1EE600A10E020EE000A14
:10B890009FED1F1ADFED1F1A10F0020F40EE011A84
:10B8A0009FED1D1A00EE211A40EE010AEBD1B0EE19
:10B8B000600A08BD00F070FC99E710EE100A400025
:10B8C000B0F17F4FF3D307D14FF00100F4F742FFFF
:10B8D000BDE8084000F048BCBDE8084000F03EBCB0
:10B8E000B61F927E0000803F336D4C39DA82083CEF
:10B8F000A0AA2ABE490E494683F9223F0000004B08
:10B900000000C93F00A0FD390020A2331A61342C89
:10B91000B93AB2BACA9F2A3DDDFFFFBE10B52DED80
:10B92000088B9FEDFE1A10EE100A10EE901AB0EE82
:10B93000418A0022A0F5000C4FF00073DFEDF89A69
:10B94000BCF1FE4F4FF07F4403EB410C80F0A4812B
:10B95000BCF1804FC0F01882F24901449FEDF23AE9
:10B960009FEDF2AAB1F5005F40F2CA8200F5802196
:10B97000CB0C03F00F0100EE101AC3F307137F3B4B
:10B98000A0EBC350B8EEC02A01EE900A1A44DFEDD6
:10B99000E82AB0EE410A02EE220AF0EE403A31EE19
:10B9A000A30A31EEE32A10EE100A00F500606FF3EF
:10B9B0000B0002EE900A73EEE23A73EEA13AC1EE8A
:10B9C000001A22EE210A10EE100A00F500606FF353
:10B9D0000B0000EE100A00EE622A00EE632A62EE0F
:10B9E000212A70EE221A21EEA12ADFEDD23A02EED0
:10B9F000233A23EE023A20EE012A22EE811A03EEC8
:10BA0000211A32EE010A10EE100A00F500606FF301
:10BA10000B0000EE100A72EE401A31EE812A9FED03
:10BA2000C61A60EE011A9FEDC51A20EE011A9FEDAD
:10BA3000C40A02EE001A31EE810A10EE100A00F577
:10BA400000606FF30B0000EE100ABE4871EEC01AE2
:10BA500031EE812A784400EBC10090ED003AD0ED40
:10BA6000011A100101EE100AF8EEC12A32EE211A75
:10BA700031EE001A31EE031A31EE221A11EE100ADD
:10BA800000F500606FF30B0008EE900A38EEE21A42
:10BA900031EE431A31EE400A30EE610A72EE40AAEE
:10BAA00010EE900A002100F500606FF30B0009EE24
:10BAB000100A084630EEC9BA4FF0000028EE890A95
:10BAC00000F00C01F0EEC00A10EE900AB0F18B4FBE
:10BAD0000FDD10EE900AB4EB400F0AD310EE100AFF
:10BAE0004FF08B42B0EE699A62F31E0008EE900AA6
:10BAF00013E068EE8B0A39EE0B1A4AEE810A30EE3B
:10BB0000201A11EE100A00F500606FF30B0008EE2A
:10BB1000900A30EE680A30EE209A0C204FF00000B8
:10BB200038EE890AB4EEE90AF1EE10FA38BF9FED5B
:10BB300086AA3AEE000ABDEEC00A10EE100A011104
:10BB400000EE101AF8EEC00A00EE100AB8EEC00AB5
:10BB500038EEC00A30EE090ADFED7C1A9FED7C1A40
:10BB600000EE211ADFED7B1A7B4900F00F0040EE5A
:10BB7000011A21EE800A794401EB800191ED001A4F
:10BB80007649794401EB8001D1ED001A744901EE48
:10BB9000801A794401EB8000724990ED000A31EE81
:10BBA000001AB0EEE00A10EE100A884215DA10EE24
:10BBB000100AB4EB400F10D39FED6B0A30EE800AF1
:10BBC000DFED6A0A20EE200A68EE010ABDEC088B60
:10BBD000BCEEC00A20EE200A10BD10EE100A644927
:10BBE000884233DA10EE100AB4EB400F2ED3BDEECC
:10BBF000E00A68EE010A10EE100A00EBD072511054
:10BC0000C90501F17E5100EE101AA0EB6200C005DB
:10BC100060EE200A00F17E5000EE100A60EE808A8D
:10BC200018EE900AB4EB400F25D018EE900A4000B1
:10BC300011D018EE900AFFF7EDFC042808BF00F0C1
:10BC4000A3FAB0EE680ABDEC088B10BDF4EEE90A69
:10BC5000F1EE10FA0FD20220F4F77CFD00F094FA16
:10BC600018EE100A10EE101ABDEC088B61F31E00DE
:10BC700000EE100A10BD0220F4F76CFD00F07CFA13
:10BC800018EE100A10EE101ABDEC088B61F31E00BE
:10BC900000EE100A10BD00BFBCF1804F74D300BF8E
:10BCA00000F1FF43B3F1FE4F24D200BFB0EEC00A53
:10BCB00010EE100AC1F3C7537F2B0DDB972BBFF695
:10BCC0004BAEC3F196034FF0010C0CFA03F3A3F152
:10BCD000010C1CEA010F08D00120F4F73BFDBDEC7C
:10BCE000088BBDE8104000F03FBA0B4218BF9FED33
:10BCF000218A31E643001CBF4FF08073B3EB400F45
:10BD00003CD96FF01A02DFED1C1A20EE210A10EE6A
:10BD1000100A10F0004FC9D11EE635E00000803F48
:10BD200000000000001080C0ABAAAA3E0000003F47
:10BD30000000803D7EE24C3E00B03842D49AB8BB51
:10BD40003BAA3842007C0000000000BFFC5963376A
:10BD5000C9FF753A1872313D9E7B0000D27B00000E
:10BD6000427B00000000FC420000FE420000004B4D
:10BD700000004043000080BF0000004DA0F500031C
:10BD8000B3F1FE4F21D2E7E503EB4103B3F1007FAE
:10BD900011D3F4EE690AF1EE10FA05D1430018BF91
:10BDA000B4EB400F76D87BE701F0004141F0FC5145
:10BDB00000EE901A74E7B3F1807F06D210EE903A4D
:10BDC000A3F5000300EE903A6AE720F000426FF01E
:10BDD000FF4C604C02EB0C03A34210D321F0004354
:10BDE0009C44A4450BD3B0F17E5F18BF5FEA410CC1
:10BDF00050D0B2F1FF4F98BFB3F1FF4F05D9BDEC62
:10BE0000088BBDE8104000F0ACB9B0F1FF4F0FD087
:10BE1000C1F3C7527F2A09DB972A11DAC2F19602D1
:10BE2000012303FA02F2531E0B4205D0002208E060
:10BE300011F0004F55D128E00A4218BF012200D16D
:10BE4000022210F5000F13D028B3B0F1004F26D016
:10BE500010F1814F4FD04FF0FE42B2EB400F94BF34
:10BE600001200020012202EBE171884239D10CE06F
:10BE700011F0004F02D0012A38D032E0012A02BF6F
:10BE80009FED350ABDEC088B10BD9FED340ABDEC6B
:10BE9000088B10BD2FE011F0004F0CD121E0B1F163
:10BEA000FF4F1ED011F5000F05D011F0004F15D037
:10BEB0000AB1012A08D00220F4F74CFCBDEC088B33
:10BEC000BDE8104000F03EB90220F4F743FC00F05A
:10BED00039F9BDEC088BB1EE400A10BD0AB1012A58
:10BEE00004D0B0EE690ABDEC088B10BDBDEC088B28
:10BEF0009FED1B0A10BDBDEC088BB0EE410A10BDD2
:10BF000030EE410A9FED171A9FED182A00EE413AD4
:10BF1000B0EE4A1A60EE001A00EE431A61EEC11A42
:10BF20009FED111A20EE011A20EE020A9FED102A51
:10BF300001EE820A71EE001A11EE900A00F500601F
:10BF40006FF30B0008EE900A31EE681A71EE00AA4A
:10BF5000A6E50000FFFF3F00000080FF0000807F9B
:10BF6000000000800000803E00B0B841D49A38BB89
:10BF70003BAAB84100B510EE101A2DED028B81B02E
:10BF8000524A6846B2EB410F2ED94FF0E640B0EB73
:10BF9000410F94BF00204FF0FF3000900098B0EEAA
:10BFA000408A00286ADB10F0010F4BD068EE080AC7
:10BFB0009FED471A9FED470A00EE810A9FED461A52
:10BFC00000EE801A9FED450A10F0020F00EE810A84
:10BFD00002BF01B0BDEC028B00BD00BF01B0B1EEED
:10BFE000400ABDEC028B00BD3D4B21F00042934264
:10BFF00041D911F0004FDFED3B0A20EE201ADFEDB2
:10C000003A0A19BF31EE601A71EE200A31EE201A99
:10C0100071EE600ABDEEE01A11EE100A9FED331AC0
:10C0200000F0030000EEC10A9FED311A009000EE0F
:10C03000C10A9FED301A00EEC10A9FED2F1A00EEE3
:10C04000C10AABE728EE080A9FED2C1ADFED2C0A97
:10C0500010F0020F40EE410A9FED2A1A00EE201A5E
:10C0600061EE000AB0EE480A08EE200AB6D101B02F
:10C07000BDEC028B00BD00F08FF88FE718EE100AC0
:10C080004000B0F17F4F0DD218EE100AFFF7C2FA50
:10C09000042808BF00F078F8B0EE480A01B0BDEC03
:10C0A000028B00BD09D10120F4F754FB01B0BDECB7
:10C0B000028B5DF804EB00F057B801B0B0EE480A0F
:10C0C000BDEC028B5DF804EB00F048B8B61F927E21
:10C0D000B93AB2BACA9F2A3DDDFFFFBE0000803FD9
:10C0E000490E494683F9223F0000004B0000C93F3A
:10C0F00000A0FD390020A2331A61342C336D4C3975
:10C10000DA82083CA0AA2ABE10B52DED028BB1EE52
:10C11000C08A18EE100A20F00040C0F1FF40C00FA6
:10C120000AD010EE100A20F00040C0F1FF40C00F0E
:10C1300004BF0120F4F70EFBB0EE480ABDEC028B01
:10C1400010BD0000DFED030A9FED031A80EE810AA7
:10C15000704700000000803F0000000030EE000A41
:10C16000704730EE200A7047DFED020A80EEA00A29
:10C1700070470000000000009FED020A20EE000A58
:10C1800070470000000000709FED020A20EE000AD8
:10C1900070470000000000102DE9F0014FF07F42D1
:10C1A000B2EB410F9FBF4FF0FF310160BDE8F001DE
:10C1B00070474FF0004242EA0123C1F3C752783A78
:10C1C000551112F01F0C434CCCF120067C44C1F3F6
:10C1D000C752A2F178024FEA621204EB820254F8CD
:10C1E000254008BFD2E9015612D0556804FA0CF474
:10C1F00025FA06F73C43976805FA0CF527FA06F886
:10C20000D26807FA0CFCF24045EA08054CEA02063F
:10C21000A4FB034CA5FB0352A6FB03631D449D42F4
:10C2200034BF012600261319334416B1934202D9B4
:10C2300003E0934201D2012200E00022624402F1B5
:10C24000200C9206DC0C42EA443200EE102A5B031A
:10C25000DFED210AF8EEC01A00EE103A4FEA9C1CFE
:10C2600011F0004FB8EE400AC0F800C020EE201ACE
:10C2700000EE105ADFED190AB8EE400A20EE200A4F
:10C2800071EE810A70EE800A10EE902A02F50062CB
:10C290006FF30B0200EE902A70EEE11A31EEC11A34
:10C2A000DFED101A30EE411A9FED0D0A20EE800AE4
:10C2B00001EE210A9FED0C1A00EE810A04BFBDE8D1
:10C2C000F0017047CCF180510160BDE8F001B1EEA2
:10C2D000400A7047C8750000000000360000802C3E
:10C2E00022AAFD29DB0FC92F0000C92FB4EEC10A15
:10C2F000F1EE10FA02DDB0EE410A7047B4EEE00A4A
:10C30000F1EE10FAF9D2B0EE600A704710B52DEDDB
:10C31000028BB0EE408AB5EEC08AF1EE10FAB1EEB3
:10C32000480AF7EE008A28FE000AB4EEC10AF1EED0
:10C3300010FA0CD878EEE00AB0EE410AFFF7EEFAF8
:10C34000C8EE000AB0EE600ABDEC028B10BDFFF72C
:10C35000E5FAB5EEC08AF1EE10FAFFEE000A68FECB
:10C36000A00A20EE200AEFE790B389B391ED000A0E
:10C37000002280ED000A91ED010A80ED010A91EDA5
:10C38000020A80ED020A91ED030A80ED030A91EDA5
:10C39000040A80ED040A91ED050AB1EE400A80ED31
:10C3A000050A91ED050A80ED060A91ED060A80ED79
:10C3B000070A91ED070A80ED080A91ED080A80ED61
:10C3C000090A91ED090A80ED0A0AC2621046704717
:10C3D000FFE74FF0FF30FAE790ED010AB5EEC00A33
:10C3E000F1EE10FA11DCC06A80B190ED001AB5EEE2
:10C3F000C01AF1EE10FA09DDD0ED010AF5EEC00A1F
:10C40000F1EE10FA02DD81EE200A70479FED010A7D
:10C410007047000000000000010000B50DD0F4F7E7
:10C42000A5FC81ED210A0846F4F796FC81ED240A6B
:10C430000846F4F7A5FC81ED250A00BD2DE9F0477B
:10C440000E46914605462DED048B30439FED288A1C
:10C45000DDE90C7849D000EE105A9FED269AF7EEF0
:10C46000009AB8EEC00A60EE098A9FED230AB5EE85
:10C47000C00AF1EE10FADFED210A9FED210A15D96D
:10C48000F5EEC00AF1EE10FA10D9B5EEC00AF1EEE1
:10C4900010FA0BD9FFF738FE39EEC01ADFED190A92
:10C4A00081EE200AFFF7DAF8B1EE408A00EE106A5A
:10C4B000B8EEC00A00EE098A06F070FA1248134C72
:10C4C000C0ED008A80ED018AC4E90256A4F81090FC
:10C4D000C4E9067806F082FA01202070F7F7BAFB6B
:10C4E0006060BDEC048BBDE8F087F0EE488AE3E7BE
:10C4F0000000000032EC95329A99794005C58F3DD5
:10C5000025F47A3F05C50F3E90000024205B0024EF
:10C5100010B506F043FA06489FED040A80ED000AC4
:10C5200080ED010ABDE8104006F058BA0000000096
:10C530009000002410B52DED028B06F02FFA05486F
:10C5400090ED018A06F04AFAB0EE480ABDEC028B83
:10C5500010BD00009000002410B52DED028B06F0F8
:10C560001DFA054890ED008A06F038FAB0EE480A48
:10C57000BDEC028B10BD00009000002404484178FF
:10C58000012903D1007808B10120704700207047CD
:10C59000205B0024FFF7BCBF4FF4FA7004F0E8F909
:10C5A000174C01230021237061706160A160E1607C
:10C5B0002182C4E9061101F0C9FD2062FFF7A8FF3E
:10C5C000104C0F48016A21B1898AC90501D50121A2
:10C5D00000E00021227831EA020203D0427832B131
:10C5E0000022427006482170407810B103E0012219
:10C5F000F7E7FFF78DFF012004F0BAF9E1E700004B
:10C60000205B00248C00002410B500F0C1F800F07D
:10C61000DFF800F0FBF80D48F7F7E4F90C48F7F7FE
:10C62000E1F90C48F7F7DEF90B4900220748F6F765
:10C630005DFC074800221021F6F758FC002205484F
:10C64000BDE810400121F6F751BC0000981200240B
:10C6500044130024F01300240100801B70B5002255
:10C6600080F8F0201146002500EB01134E1CF1B2BA
:10C670001A650A29C3E91655F5D370BD2DE9F047AF
:10C6800088B01D46040016460F46DDE911A8DDF806
:10C69000409042D0002F40D0002E3ED0002D3CD004
:10C6A000F822002104F0BAF92760B8F1000F2663E0
:10C6B00028782071C4E90D9A07D0D8F80800D8E985
:10C6C0000012E163C4E9102005E00C22002104F10E
:10C6D0003C0004F0A3F90120A0642046FFF7BEFF50
:10C6E0000F4801AE0EC886E80E00697804AB8DF8DD
:10C6F0000A1007C8009483E8070004F108002179B4
:10C7000001AA054600F0D0F9216828460A7900F010
:10C71000C4F9206B294600F0FAFE08B0BDE8F087A6
:10C72000343301083EB5040016D094F84C000028BC
:10C7300012D002218DF8081002A800258DF80950AA
:10C74000CDE900012179022220682B4600F01AF978
:10C75000002801D084F84C503EBD10B500291C467D
:10C7600015D0022A13D3002C11D0088802280ED12C
:10C770001846FFF773FF226C0120A064002A84F89A
:10C780004C0004D0616C2046BDE81040104710BD3D
:10C7900010B58AB00024022001210194CDE90414CF
:10C7A000CDE90240094801A90694F6F744FC0023AC
:10C7B00006481A4619460094F6F77CFC0122034805
:10C7C0001146F6F70BFC0AB010BD000098120024C9
:10C7D00010B58AB002200024019401A9CDE90240DD
:10C7E000CDE9040408480694F6F725FC0122064822
:10C7F000002311460094F6F75DFC03480122022154
:10C80000F6F7ECFB0AB010BD4413002410B58AB053
:10C810000024022001210194CDE90414CDE9024055
:10C82000094801A90694F6F706FC002306481A46B3
:10C8300019460094F6F73EFC012203481146F6F72C
:10C84000CDFB0AB010BD0000F013002470B5064601
:10C8500019488AB015460024082B0361CDE900145D
:10C86000029403D8184601F00BFB17E00C2B0AD0FA
:10C87000102B0AD0142B0AD0182B0AD0302B0AD038
:10C88000402B0AD00BE0092008E00A2006E00B202C
:10C8900004E00C2002E00E2000E00F2003902A4666
:10C8A0006946304604940594069407940894F6F774
:10C8B00061FB0AB0002070BDA40100242DE9F04303
:10C8C0000500ADF5077D49D02868002846D0A86846
:10C8D000002843D0284601F00FFB00283EDB00EB88
:10C8E00080014FF0010C01EB8010002605EB4003A6
:10C8F000A5271C4693F82D00B3F82E9093F83080AE
:10C9000000F007015A8E04F13403829605EB810191
:10C910008DF8087283968DF809C28DF80A02ADF879
:10C920000C2282AA849685968DF80B82ADF80E9221
:10C93000C868401CC8604FF402718490684603F0D8
:10C94000EEFD030006D029796A46286805F00BFE43
:10C95000002803D184F82C60A4F8B4600DF5077D9D
:10C96000BDE8F0832DE9F04104001D4616460F4650
:10C9700006D04FF49061F3F7BEFE27602671A560E4
:10C98000BDE8F0812DE9F04116460F46DDE90612BB
:10C9900078B3D0F808C0BCF1000F2FD05FF00004CE
:10C9A0005CF8245035B32D78BD4223D1802A25D898
:10C9B00004EB840505EB841400EB440494F82C008C
:10C9C00010B1B4F8B45000E0002584F82D70E6856D
:10C9D000012084F82C0084F83030628621B11AB12D
:10C9E00004F13400F3F710FE0120A4F8B450BDE8C0
:10C9F000F08103E0641CE4B2082CD1D30020F6E7F8
:10CA0000002830B409D00468002C06D00179034610
:10CA10002046034A30BC05F053BD30BC70470000CF
:10CA200095050108F0B5ADF5077D0400DDE98C76CC
:10CA30002DD0206858B30025829501F007004FF0F3
:10CA4000A50C8DF808C24FF0010E04EB8000839511
:10CA50008DF809E28DF80A12ADF80C62849585957F
:10CA60008DF80B323B46ADF80E2282AAC168491CF4
:10CA7000C160684684914FF4027103F050FD0300D9
:10CA800005D021796A46206805F06DFD18B10020B7
:10CA90000DF5077DF0BD0120FAE7002802D0016204
:10CAA00080F82420704770472DE9F04104001D46AE
:10CAB00016460F46DDF8188017D02821F3F71BFE25
:10CAC000277026B196E80700231D83E807002DB1E3
:10CAD00095E8070004F1100383E80700A169C4F892
:10CAE0001C80002901D10248A061BDE8F08100004E
:10CAF000A7CA0008002810B54ED000294CD070EE0F
:10CB0000601A9FED262A70EE200A002221EE020A0A
:10CB100031EEC01A30EEC02A71EE801A30EE800A73
:10CB200081ED001A81ED012AC1ED021A81ED030A9F
:10CB30009FED1B0A00EB8204531CDAB2042A84ED39
:10CB4000000AF7D35FF0000001EB8002D2ED000A8B
:10CB5000F0EEE00AF4EEC00AF1EE10FA01DDB0EEFC
:10CB6000600A401CC0B20428EED310EE100A0D4A31
:10CB7000904211DDB0EE081A5FF00000C1EE000A2D
:10CB800001EB8002401C92ED000AC0B2042820EEA6
:10CB9000200A82ED000AF3D310BD00003046E241C6
:10CBA000000000000000404010B5F4F741F80649CD
:10CBB0000028886007D101224A709FED040A48804E
:10CBC000087081ED010A10BD480300240000000038
:10CBD00070B5294C06000D462DED028B82B09FEDFD
:10CBE000258A8DED008A01D0042D05D30320A06095
:10CBF00002B0BDEC028B70BD607820B9FFF7D4FFA6
:10CC000060780028F4D0C5EBC500DFED1C0A06EB08
:10CC10008000B0F93010806900EE101AB8EEC00A3A
:10CC200020EE200A28B1B0F9020000EE900AB8EE1A
:10CC3000E08A60884FF6FF71114A01EA4001401C0A
:10CC400002EB810180B281ED000A81ED018AFF28AB
:10CC50006080CDD90020694660801046F3F7C4FF9C
:10CC60000028A060C4D19DED000A012084ED010AD6
:10CC70002070BDE700000000480300240000A03A37
:10CC800010A0002470B5002814D0002912D0002A6A
:10CC900010D0002B0ED0194D6C6864B1012C13D04C
:10CCA000022C07D114461A4600F022FA9FED140A0E
:10CCB00084ED000A70BD9FED130A80ED000A81ED3E
:10CCC000000A82ED000A70BD16461C461A4600F0A6
:10CCD0000FFA21680020B1F9041001F11902332A7A
:10CCE00000D3084600EE100AD5ED020AB8EEC00ADD
:10CCF00020EE600A86ED000A70BD0000C40000242A
:10CD00009A99993D00000000F0B500284AD00668C5
:10CD10000023264901220224B57A022D07D090F87B
:10CD2000687127B1032D04D0012D04D007E04A60BB
:10CD300005E04B6003E0F57A022D16D04C600568E3
:10CD4000EE7A022E01D080F86821AE7A022E0CD144
:10CD5000AD8AEE0401D54B600EE0AE0401D54A6009
:10CD60000CE0ED0601D54C600AE04D6825B1012DBF
:10CD700004D0022D04D004E0036102E0026100E06F
:10CD800004610068007DC0F3801008704A7830EAC2
:10CD9000020206D0064B1A681AB1012A03D00122FA
:10CDA0001A604870F0BD0222FAE70000C4000024B7
:10CDB000D000002410B588B00446002143480091FB
:10CDC0000191029103910491059106919FED400A12
:10CDD000079194ED6A1ADFED3F0AB5EEC01AF1EE45
:10CDE00010FA12D0D4ED671AF5EEC01AF1EE10FA6F
:10CDF0000BD121EE001A84ED671AF0EEC11A11EE84
:10CE0000901A814201DCC4ED670A94ED6B1AB5EE0D
:10CE1000C01AF1EE10FA12D0D4ED681AF5EEC01A6D
:10CE2000F1EE10FA0BD121EE001A84ED681AF0EE43
:10CE3000C11A11EE901A814201DCC4ED680A94ED2A
:10CE40006C1AB5EEC01AF1EE10FA13D0D4ED691ACF
:10CE5000F5EEC01AF1EE10FA0CD121EE000A1E49CF
:10CE600084ED690AB0EEC01A11EE100A884201DCA6
:10CE7000C4ED690A04F5CE74694604A8B4EC030A4B
:10CE800084EC030AA4F5D474FFF734FE002069464D
:10CE900001EB8003C0EBC002401C93ED000A04EBE1
:10CEA0008202C0B2042882ED090AF1D3204604F0C0
:10CEB000BDFF2046FBF752FB204600F0E7F80021BB
:10CEC0002046FFF785FE08B010BD0000CDCCCC3D5C
:10CED000C9767E3F000000006F12833A70B50400EF
:10CEE0002DED028B4AD0284A5FF00000DFED250AC5
:10CEF0009FED261AC0EBC001451C04EB810102EB3B
:10CF00008003E8B28E690428B6F9025000EE105A88
:10CF1000F8EEC01A81EEA00A81ED080AD3ED001ADE
:10CF200070EE611A61EE811AC1ED071A83ED000AF5
:10CF3000E0D3E0689FED168ADFED168A90ED000AD7
:10CF4000B0EE481AF0EE680A03F030FA84ED760A83
:10CF5000E068B0EE481AF0EE680A90ED010A03F0BE
:10CF600025FA84ED770AE068B0EE481AF0EE680A18
:10CF700090ED020A03F01AFA84ED780ABDEC028BF8
:10CF800070BD0000A2224A45645E00240000FA43FE
:10CF9000DB0F4940DB0F49C070B504002DED028B5B
:10CFA00062D00020206101F0D1F8206001F098F8F3
:10CFB000E06001F0CFF8606001F0C4F89FED2C8ACA
:10CFC0000025A060284601F093F80146C5EBC50096
:10CFD0006A1C04EB800304EB8500D5B29961042D33
:10CFE00080ED2E8A80ED328AECD3244A0021DFEDD9
:10CFF000210A9FED210A04F59070FBF73DFB1F4AC3
:10D000000021DFED1F0A0C3A9FED1E0A04F1D80043
:10D01000FBF732FB9FED1C8A184904F5B8701439F0
:10D02000B0EE480A01F018F8144904F5C070B0EEEB
:10D03000480A103901F010F8B0EE040AF8EE040ABC
:10D0400084ED720AC4ED730A84ED740AC4ED750AA6
:10D0500000F018FA012084F868012046BDEC028B2C
:10D06000BDE87040FFF73ABFBDEC028B70BD000019
:10D070000000000000007042000016441C3201084D
:10D080000AD7A33B0AD7A33D6F12833A10B50446D3
:10D0900003F0CDFC13484189642910D079B11248BE
:10D0A000027862B900EE101ADFED100A012101705A
:10D0B000B8EE400A001D20EE200A80ED140A00217F
:10D0C00004EB8102C1EBC10092ED2E0A04EB800259
:10D0D000491CBDEEC00A042910EE100A1086EFD3D9
:10D0E00010BD000059620024D4000024CDCC4C3F78
:10D0F00070B514000D4606462DED028B7ED0002E35
:10D100007CD0002D7AD09FED510A2068B0F9022022
:10D1100002F11901332900D20022B0F9001001F107
:10D120001903332B00D20021808A01EE102A01EE70
:10D13000901A9FED472ADFED470AF8EEC12AB8EEB4
:10D14000E11A454BC10762EE828A21EE028A08D0BD
:10D150001978D22901D2491C1970D4ED721AC9B2BA
:10D1600009E0810711D55978D22901D2491C59709B
:10D17000D4ED731AC9B201EE101AB8EE412A82EE4C
:10D18000201A31EE001A61EE218A3349420789786C
:10D1900007D5D22901D2491C99709978D4ED741A17
:10D1A00009E0020711D5D22902D2D978491CD970D9
:10D1B000D978D4ED751A01EE101AB8EE412A82EE34
:10D1C000201A31EE000A20EE218AC2074FF000013A
:10D1D00000D11970820700D45970420700D49970A9
:10D1E000000700D4D97004F5B870B0EE680A00F0FA
:10D1F00015FFB0EE480A04F5C07000E023E000F02F
:10D200000DFF18EE902A154815499FED160A824227
:10D2100005DA18EE902A8A4201D284ED5D0A18EEF2
:10D22000102A824205DA18EE100A884201D284EDF3
:10D23000610A94ED5D0A86ED000A94ED610AB1EE93
:10D24000400A85ED000ABDEC028B70BD9A99993EAB
:10D250006F12833B00009643B4000024CDCCCC3D3C
:10D26000CDCCCCBD0000000010B504002DED028B2C
:10D2700086B05DD09FED478A04AA03468DED018AF2
:10D280008DED008A8DED048A01A86946FFF7FAFC4E
:10D290009DED040AB1EE400A8DED040A20690328D1
:10D2A00014D0C0B33C49012846D0022840D184EDB7
:10D2B000690A9DED010A8DED020A9DED000A8DEDD2
:10D2C000030A94ED700AD1ED010A43E094ED6D0A72
:10D2D000DFED320A324920EE200A84ED690AF0EED1
:10D2E000C00A10EE900A884208DAD4F86C010328CC
:10D2F00004D184ED698A002084F868019DED010A5B
:10D30000DFED280A8DED020A9DED000A8DED030A7E
:10D3100094ED700A1EE0FFE78DED018A84ED678AC7
:10D320008DED008A84ED688A8DED048A84ED698A2A
:10D3300006B0BDEC028B10BD84ED690A9DED010ABB
:10D340008DED020A9DED000A8DED030A94ED700A41
:10D35000D1ED000A02A830EE200A05F06FFC9DED29
:10D36000020A8DED010ADDED030ACDED000A94ED10
:10D37000721AD4ED730A00F08CFE84ED670A94ED06
:10D38000741AD4ED750A9DED000A00F082FE84ED5A
:10D39000680ACDE700000000A800002482A87BB83E
:10D3A0006F12833A3333933F2DED028B40F26510B9
:10D3B00005F06CFB3148FFF7EFFD9FED318A02E08D
:10D3C000022005F063FB012004F02EFE0028F7D1B7
:10D3D000022004F029FE0028F2D1032004F024FEEC
:10D3E0000028EDD1042004F01FFE0028E8D104F04D
:10D3F0001BFE0028E4D12148FFF786FC1F48416945
:10D4000019B102694AB1012904D00269012A04D084
:10D41000022909D0022A03D006E080ED6F8A03E0DA
:10D4200090ED760A80ED6F0A42611448FFF756FDD1
:10D430001248FFF719FF1148FFF7BCFC012004F068
:10D44000F3FD58B1022004F0EFFD38B1032004F0E1
:10D45000EBFD18B1042004F0E7FD50B90748B0F91E
:10D460008430B0F96820B0F94C10B0F93000F3F70F
:10D4700003FF012003F07CFABDE70000745E002486
:10D4800000000000094A00209FED070A02EB80011E
:10D49000431C81ED220A81ED260AD8B2042881EDD1
:10D4A0002A0AF3D37047000000000000745E0024D5
:10D4B00070B51C46154600F00DF8002809D0066925
:10D4C000002E06D0C36922462946B446BDE8704006
:10D4D000604770BD002810B50CD090F820300022B5
:10D4E0000BE000BF50F822402CB124788C4202D1CE
:10D4F00050F8220010BD521CD2B29342F2D8002044
:10D5000010BD002802D02421F3F7F5B8704720B1F0
:10D5100019B190F82020082A01D300207047531C2D
:10D5200080F8203040F822100120704770B50500C7
:10D530000FD0002409E000BF55F8240018B142695B
:10D540000AB1C1699047641CE4B295F82000A0427A
:10D55000F2D870BD884201DA084670479042FCDD7F
:10D560001046704710B5084C88B06068002809D193
:10D5700006491C226846F3F78CF80021684603F040
:10D5800003FA606008B010BD88010024F032010881
:10D59000FAF790FD05F0FEF8F6F75CFB1F4D044628
:10D5A00041F2883602E0012003F0E2F995F89C028E
:10D5B000032804D0F6F74EFB001BB042F3D3184B00
:10D5C0002522184903F12400FFF7CCF9154805F08E
:10D5D000C5F813482430FFF713FA03F023FD00BF0A
:10D5E00005F014F90F4805F037F80F48FFF79AF8DF
:10D5F0000B482430FFF762F90948FFF797FF002036
:10D6000004F05AFC05460C4600F010F82846214666
:10D6100000F02EF9012003F0ABF9E1E72C7C0024A7
:10D62000D069002460030024786E00242DE9F04FB7
:10D630000026814685B08A46374600F0FFF8DFF8BD
:10D64000DC8100283546A8F1380029D083460078CF
:10D65000039068B1DBE90834DFF8C4C10021B9EBFD
:10D6600003026AEB0400BCEB0202814100D30126F5
:10D6700098F800104046B1F1000E0DD0D0E90A4CE8
:10D68000DFF89C810023B9EB04026AEB0C01B8EBD4
:10D6900002028B4100D30127039979B146B10DE015
:10D6A0000021057088F800505E4CC0E90A1170E056
:10D6B0005A49002238390D70C1E90A22BEF1000F23
:10D6C00002D00FB95548057056EA070060D000F047
:10D6D0003DFD040063D04FF0030B4FF00108EFB3A2
:10D6E0004E4F9FED510ADFED513A9FED513ADFED7C
:10D6F000512A9FED512AD7ED021AD7ED030A97ED73
:10D70000041AB8EEE14AF8EEE01AB8EEC11A4FF486
:10D71000257264EE000A21EE800A21EE231AC0EE83
:10D72000831AC0EE220ABDEEE10A10EE100AC1EE25
:10D73000022AFDEEE00A10EE901A0391BDEEE21A05
:10D7400011EE101A00915142FFF704FF4FF42572B9
:10D75000049003985142FFF7FDFE00E03CE04FF4D7
:10D760002572039000985142FFF7F4FE0246DDE96E
:10D770000301218060800220A2807969012911D0F3
:10D78000022912D0032925D0A07284F80B8010E062
:10D79000244C2078002802D000F058F8257005B0FD
:10D7A000BDE8F08FA072E07203E084F80A8084F88C
:10D7B0000BB0A08A20F4C051A18236B31748383884
:10D7C000826812B3C268022A02D00269012A08DD07
:10D7D000012207E05846E5E7258058466580A58088
:10D7E000E0E7002241F40061A18212B184F81280C6
:10D7F0000FE0D0E90A30B3EB090270EB0A0001D365
:10D80000012000E00020A07403E041F48050A082D9
:10D81000A574044981F80080C1E7000078690024FC
:10D82000C0D40100880100246F12833AA96892379E
:10D83000A69BC43BA69BC4BB0AD723BC0248407826
:10D84000012800D000207047205B002410B500F0B4
:10D850007DFC00280BD0838A0021018003224180B7
:10D8600023F4C05381808272C2728174838210BD9E
:10D8700070B51F4D06468EB00C466878002834D02F
:10D88000A87868B9D5E9021051EA000208D0711AE7
:10D890004CF2503264EB0000891A70F1000024D37E
:10D8A0004FF47A7108A800F048F808980290099897
:10D8B00003900A9800900B9808990190BDF83000E9
:10D8C000491E632905D308996439642901D340F0BE
:10D8D0000400ADF8100007486946CDE9066400F081
:10D8E00052FFC5E902640020A8700EB070BD0000B0
:10D8F00088010024706F0024C178006861F31F6004
:10D9000070470346002030B507220146050E45EA60
:10D9100001219C5C521E44EA0020F7D530BD03462D
:10D92000002030B507220146050E45EA01219C5C26
:10D93000521E44EA0020F7D530BD002807D0002150
:10D94000016041600A228160C1600282084670471E
:10D9500010B501700A0A42700B0C83700C0EC47073
:10D9600010BD0A0A0170427070472DE9F041002491
:10D9700015461E460746E20028463146F2F70DFEE0
:10D980003855641C082CF6DBBDE8F0812DE9F04128
:10D99000002415461E460746E20028463146F2F7A7
:10D9A000FCFD3855641C082CF6DBBDE8F0814FF611
:10D9B000FF7200F07FBB00002C49D1F88010E9B362
:10D9C0000968D9B32A4A91423AD0294A1832914279
:10D9D00036D0274A3032914232D0254A48329142DD
:10D9E0002ED0234A603291422AD0214A7832914285
:10D9F00026D01F4A9032914222D01D4AA83291422D
:10DA00001ED01C4A91421BD01A4A1832914217D09C
:10DA1000184A3032914213D0164A483291420FD000
:10DA2000144A603291420BD0124A7832914207D0A8
:10DA3000104A9032914203D00E4A00E013E0A8321F
:10DA40004A680D494B7853B14B689A4201D0C1E9FD
:10DA500001208968401A642805D8012070474A606F
:10DA600001234B708860002070470000FC170024E1
:10DA70001000024010040240B800002410B5044613
:10DA80001348007818B905F0F9F900F027F8122CBE
:10DA90001CD2104804EB440100EBC1042068606014
:10DAA00005F0ECF92060E17C21F06001E17461682F
:10DAB00088420BD9401A00EE100ADFED070AB8EED3
:10DAC000401A80EE810A10EE100A606110BD00005D
:10DAD000B80000245860002400007A44F0B51A4CC5
:10DAE00000271A4B4FEA070202EB4205521C03EBD8
:10DAF000C50134F815C004EB4505D2B20E8A122ACE
:10DB00006CF30B060E82B5F802C0B1F811606CF32D
:10DB10000F16A1F811602E79CD7C66F3440525F02F
:10DB2000800545F06105CD744F61086048608860EC
:10DB3000C860D9D393F8C311012021F0010183F803
:10DB4000C31103490870F0BD283201085860002451
:10DB5000B800002405F092F9FFF7C0FF392004F067
:10DB600095FFDFF87C801F4E05F088F900250746F9
:10DB700005EB450006EBC004E07CC00727D075B973
:10DB80001948D8F80410D0F81600814200D9084688
:10DB900000B130603846FFF70FFF00B137602068F2
:10DBA000218A3A1AC1F30B00824205D9E07C40F089
:10DBB0006000E074A7600AE0E068B4F81110381A59
:10DBC000B0EB111F03D3E07C20F06000E0746D1C0B
:10DBD000EDB2122DCCD30A2004F058FFC4E70000A8
:10DBE000E479002458600024AC7A0024B0EEC00A26
:10DBF000704700002DE9F0418AB0904600240D46A0
:10DC0000402113466A46F5F79FFAB0BBF6F722F8B3
:10DC1000074600982880039800F006F90828044673
:10DC200000D90824009840F201618842A0F2016105
:10DC300050D018DC40F206229042A0F2062138D0E3
:10DC400008DC51281FD053281DD0A0F500700538DE
:10DC500044D12EE001292CD002292AD0A1F540710F
:10DC6000FA393BD136E0102934D007DC012931D014
:10DC700002292FD00F2931D12CE019E0112929D008
:10DC800012292BD126E000F03FFA042826D2154DA8
:10DC9000C2B2154E4146C2EB021006EBC0002A701C
:10DCA000F9F744FE2878C0EB001006EBC00087634C
:10DCB00014E000984146401FC5B20B48403800EBC5
:10DCC0000510064600F02FFA6D1CF760E8B2FFF76A
:10DCD000D5FE03E080B2414602F0AAFE0AB020461B
:10DCE000BDE8F081A401002460770024054A0648BD
:10DCF000A2F10E0110B5FFF77DFF024914398870BB
:10DD000010BD0000B8010024981200242DE9F04154
:10DD10008AB0904600250C46412113466A46F5F725
:10DD200013FA60BBF5F796FF06460098208003982B
:10DD300000F07AF80828054600D9082500981D4CFF
:10DD4000522808D0A0F50070013819D0012817D04A
:10DD500002281ED114E000F0D7F9042819D2C2B26B
:10DD6000154F41462270C2EB021007EBC000F9F7D5
:10DD7000DDFD2078C0EB001007EBC000866308E0F3
:10DD80000098A0F50070013807D0012805D00228BE
:10DD900003D00AB02846BDE8F081074F41466070C5
:10DDA000C03F07EB001000F0BEF9607807EB0010F1
:10DDB000C660EEE7A401002460770024054A064807
:10DDC000A2F1140110B5FFF7A1FF02491C39C87078
:10DDD00010BD0000C00100244413002410B58AB017
:10DDE0000C46402113466A46F5F7AEF910B1002003
:10DDF0000AB010BD0098000A2080039800F014F8C3
:10DE00000828F5D90820F3E7054A0648A2F11A01C7
:10DE100010B5FFF7E3FF02492439087110BD000077
:10DE2000C8010024F0130024102827D2DFE800F0F6
:10DE300026080A0C0E10121416181A1C1E20222472
:10DE4000012070470220704703207047042070476C
:10DE5000052070470620704707207047082070474C
:10DE60000C2070471020704714207047182070470E
:10DE700020207047302070474020704700207047B6
:10DE8000082819D007DC082815D2DFE800F016189A
:10DE90001A1C1E202224182825D006DC0C281CD091
:10DEA00010281CD0142806D11BE020281DD03028B3
:10DEB0001DD040281DD00820704700207047012049
:10DEC00070470220704703207047042070470520E8
:10DED00070470620704707207047092070470A20C6
:10DEE00070470B2070470C2070470D2070470E20A4
:10DEF00070470F2070470000F0B502004FF0FF366A
:10DF000061D09068D8B3340C002011E000EB8001A0
:10DF100001EB801102EB410191F82C3033B1B1F8E3
:10DF2000B430A34202D25B1CA1F8B430401CC0B292
:10DF3000976897F820508542E8D8002330461C4661
:10DF400016E000BF04EB840101EB841102EB4101F8
:10DF500091F82C1051B157F8241039B1897AB0F1E9
:10DF6000FF3F01D0994201D920460B46641CE4B220
:10DF7000A542E7D8411C26D0002421461FE022E01C
:10DF800001EB810C0CEB811C02EB4C0E9EF82CC0BB
:10DF9000BCF1000F11D057F821C0BCF1000F0CD01C
:10DFA0009CF80AC09C4508D2BEF8B4C0BCF10A0F68
:10DFB00003D3A44501D964460E46491CC9B28D421B
:10DFC000DED8002E01DB3046F0BD92F87C44B4FB75
:10DFD000F5F105FB114C00241DE000BF0CEB040122
:10DFE000B1FBF5F605FB1611C9B201EB810606EB94
:10DFF000811602EB460696F82C6056B157F8216060
:10E000003EB1B67A9E4204D1481C82F87C04084690
:10E01000F0BD641CE4B2A542E0D8F0BD10EE101AC9
:10E02000016000EE101A8268C16801EE102A00EE4D
:10E03000901A436831EE202A31EE203A01EE903AF0
:10E04000C1EE022A80EE831A62EEA10A41EE000AB6
:10E0500010EE901A4160704710EE102A0023C26043
:10E0600009688160036043607047012170EE601AA7
:10E070008140491E31EE600A00EE901AF8EEE00A87
:10E0800061EEA00A80EE801ABDEEC10A10EE100A01
:10E090007047B4EEE00AF1EE10FA02D2B0EE600A78
:10E0A0007047B4EEC10AF1EE10FAF9DDB0EE410AA4
:10E0B0007047000010B558B1084C491E0BD310F83A
:10E0C000013B5340DBB234F8133083EA1222F4E709
:10E0D0004FF6FF7010BD104610BD00005834010807
:10E0E00000487047087C002400487047207C0024CA
:10E0F000024900F0030001EB001070472077002474
:10E1000000487047147C0024512806D0522806D0BD
:10E11000532806D04FF0FF30704700207047012091
:10E12000704702207047028802810A8852BA028032
:10E130004A8852BA42808A8852BA8280897981712B
:10E1400070470000004870479C5C002400487047FE
:10E15000AC7A002400487047585B0024002805D0A2
:10E16000002903D0002A01D001F088B9704700F1DE
:10E170000A01152900D2002070470000074A09490A
:10E180009FED070A904202D181ED020A7047064ACC
:10E190009042FBD181ED030A70470000585B0024D8
:10E1A00000000000700100249C5C002410B50400F5
:10E1B0002DED048BF0EE628AF0EE429AB0EE409ABA
:10E1C00004D0F5EEC08AF1EE10FA04D8B0EE490A98
:10E1D000BDEC048B10BD30EEC98AF1EE610A21EE70
:10E1E000080AB0EE611A00F091FED4ED000A29EEA3
:10E1F000A81A30EE600A69EEE80A00F087FED4ED56
:10E20000000AB5EEC08AF1EE10FA30EE800A84ED15
:10E21000000A60EE280A04DDF4EEC80AF1EE10FAF6
:10E2200009DCB5EEC08AF1EE10FA0AD2F4EEC80AA3
:10E23000F1EE10FA05D2F0EE480A9FED030A84EDE4
:10E24000000A39EE200AC3E700000000002830B4BD
:10E2500028D0002926D0002A24D0134B1B68072B76
:10E260001AD2DFE803F004070A0D1016130030BCC1
:10E2700001F05EBC30BC00F019BE30BC00F086B9C5
:10E2800030BCFFF76BBF30BC01F048B930BC00F0C8
:10E29000BDBE30BC01F00EBB9FED040A80ED000A4C
:10E2A00081ED000A30BC70473801002400000000F6
:10E2B00030B5040010D000F017F80A4803680020B9
:10E2C00001210222062B08D2DFE803F0070307032F
:10E2D0000303C4F85421216130BD2061C4F8540106
:10E2E00030BD00003801002470B500285ED03049F0
:10E2F000002203683BB10C68022C90F8B04204D0B5
:10E30000012C09D004E00A604EE00CB1052C4DD17F
:10E310000C68012C02D027E0022044E090ED060AB0
:10E32000244E41F27075B0EEC00A10EE104AB442AD
:10E330000DDA90ED570AB0EEC00A10EE104AB44262
:10E3400005DACC68642C07D2641CCC6004E08C68CD
:10E35000AC4201D2641C8C608C68AC4202D2CC68A6
:10E36000642C21D38A60CA6006249B7A032B06D0D2
:10E37000012B4FF0050504D0022B04D00DE00C60FA
:10E380000CE00D600AE004220A600068808AC30481
:10E39000F5D4C306F5D4800400D50A60486818B9DE
:10E3A000086808B1012008600868486070BD000076
:10E3B00038010024CDCCCC3D70B5DFED210A05003D
:10E3C0000C463AD0C4B395ED101A85ED0C1AD5ED74
:10E3D0000B1A84ED060AC4ED070A94ED102A31EEFB
:10E3E000611A84ED112AD4ED0F1AC4ED101A84EDD0
:10E3F0000F0AD4ED011A61EE801AC4ED091AC4EDBA
:10E400000A0AD4ED030A60EE810AC4ED0B0A01F09A
:10E410009DFAD4ED090A94ED0B1A70EE810A94ED81
:10E42000041A30EE200AF1EE410A00F0E7F984ED1B
:10E43000080A85ED1D0A70BDFFE7B0EE600AFAE735
:10E440000000000070B59FED141A04000D462DED7C
:10E45000028B1DD0E5B1D4ED101A30EEC08AC4EDA8
:10E460000C1A084600F03AFFF0EE408AB0EE480A77
:10E47000204601F06BFA95ED041A30EE280AF1EE11
:10E48000410A00F0BBF984ED1D0ABDEC028B70BDA2
:10E49000B0EE410AF9E70000000000009FED0A0A13
:10E4A000002810D00949884205D190ED100ADFED0F
:10E4B000080A20EE200AD0ED200A90ED121A00EE94
:10E4C000810A80ED1E0A7047000000009C5C002459
:10E4D000CDCCCC3D2349884204D1DFED230A9FED0A
:10E4E000231A03E0DFED220A9FED221AF0EEC01A94
:10E4F0009FED212AF4EEE01AF1EE10FA2ED9B4EED7
:10E50000E01AF1EE10FA04D9F4EEC11AF1EE10FAA5
:10E5100002DBF7EE000A05E071EEE01A31EE601A58
:10E52000C1EE810AB5EEC00AF1EE10FA07DD8842AD
:10E5300002D19FED120A0EE09FED110A0BE0B5EE3D
:10E54000C00AF1EE10FA09D2884202D19FED0D0AFD
:10E5500070479FED0D0A20EE800A7047B0EE420A28
:10E56000704700009C5C00246F12833B6F12033CD9
:10E570006F12033BA69BC43B00000000CDCCCC3DFA
:10E58000295C8F3E00000080295C8FBE00281AD0D5
:10E59000002918D0002A16D092F8B0229FED110A57
:10E5A000DFED110A012A0AD0022A9FED101A0BD0C2
:10E5B000032A0ED0042A0FD080ED000A0EE080ED71
:10E5C000000AC1ED000A704780ED000A81ED001AD3
:10E5D0007047C0ED000A01E080ED001A81ED000AED
:10E5E00070470000000000000000FA450000FAC576
:10E5F0002DE9F04F87B00E4610A999460400154644
:10E60000DDF84CA091E880093BD0002E39D0002DD8
:10E6100037D0002F35D06821F2F76DF8C4E90065D6
:10E6200084F8309004F1340397E80700B8F1000F44
:10E6300083E8070005D01422414604F14000F2F7B8
:10E6400028F8114801ADC4E918BA0EC885E80E00D3
:10E65000149904AB8DF80A1007C8009483E80700EA
:10E6600004F1080094F8301001AA0546FEF71CFAE0
:10E67000216828460A79FEF710FA60682946FEF7F5
:10E6800046FF07B0BDE8F08F0C330108F0B589B044
:10E69000002BDDE90E4EDDE910C715D00CB170CCB2
:10E6A00001E00A4E70CE0796CDE905455C6804B1DD
:10E6B000079405AD5C78CDF808C0CDE90374CDE9C9
:10E6C000005E1B78FFF794FF09B0F0BD243301080A
:10E6D0002DE9F04F050099B011D021B120220EA8EC
:10E6E000F1F7D7FF15E06A6B4AB10EA8A96B904706
:10E6F000002805D0DDE91401084304D009E000201A
:10E7000019B0BDE8F08F296E19B1686E8847CDE960
:10E710001401DDE90E10DDE91463DDE9109A012230
:10E72000834602208DF8182006ACDDF848801F468D
:10E730008DF81900A01CFFF70BF9A01D5946FFF733
:10E7400007F904F10A004946FFF702F904F10E0047
:10E750005146FFF7FDF804F112004146FFF7F8F8C3
:10E7600004F1160032463B46FFF7FFF81E2140F247
:10E77000012206A80023CDE9000195F83010286891
:10E78000FEF700F9BCE7F0B505000C4689B033D0C0
:10E790008CB304218DF8081002208DF8090002AE18
:10E7A0002168B01C4FF40177FFF7D2F86168B01D03
:10E7B000FFF7CEF8A1680DF11200FFF7C9F8E16884
:10E7C0000DF11600FFF7C4F8208A8DF81A00010A2F
:10E7D0008DF81B10D4E9062307A8FFF7C6F81C2004
:10E7E0003A460023CDE9006095F830102868FEF71E
:10E7F000C9F809B0F0BDFFE70020FAE7B4EEC10A9E
:10E80000F1EE10FA02DDB0EE410A7047B4EEE00A14
:10E81000F1EE10FAF9D2B0EE600A704707480168CD
:10E82000012909D00168022906D0016821B10068D8
:10E83000062801D0002070470120704738010024CD
:10E8400010B5040030D0206904F1100120B1012876
:10E8500006D0022808D00AE0084600F045FC06E091
:10E86000084600F0E1FB02E0084600F05BFC00F027
:10E8700051FD010004F5AA700AD0D4F8541159B121
:10E8800001290DD002290FD1BDE8104000F04ABC8B
:10E89000BDE8104000F0B8BDBDE8104000F024BC59
:10E8A000BDE8104000F0C0BB10BD00002DE9F041F4
:10E8B00004462DED048B9FED728AF0EE488A00F03D
:10E8C00029FD064601F0EEF907469FED6E9A002CF1
:10E8D0007ED06068012578B390ED000A84ED0B0AC4
:10E8E00026B16948D0F8940008EE900A01F0C8F902
:10E8F00094F83800D4ED0B0A48B130EEC00A94ED1C
:10E900000D1A30EE410ADFED610A614918E084F822
:10E91000385030EEC00AC4ED0C0AC4ED2D0AC4ED27
:10E920002F0A84ED0D0A84ED068A84ED078A84EDB2
:10E930002C8A84ED2E8A12E03AE000BF30EE600AA5
:10E9400010EE100A8842F9DC524900BF10EE100A9E
:10E95000884202D930EE200AF8E784ED060AC6B3F1
:10E9600094F87C01B0B394ED5E0A94F86C0138EE33
:10E97000C00A84ED5C0A84ED570A60B3D4ED590AED
:10E98000B7EE001A30EE600AF0EE480AC0EE098ACF
:10E990009FED410A00F0BAFAD4ED5A0A94ED571AE5
:10E9A00078EEE01A84ED591A40EE210AC4ED5A0AB5
:10E9B000A068002827D0D0ED020AD4ED0F1A94EDFC
:10E9C000601AC4ED0F0A97ED010A84ED600A03E0B6
:10E9D00019E01CE021E03DE094F84C00C0B370EE7B
:10E9E000E10AC4ED111AC0EE891AC4ED121A00BF73
:10E9F00094F8900168B330EE410A84ED621AC0EEDB
:10EA0000090AC4ED630ABDEC048BBDE8F08184ED16
:10EA10005A8A002084F86C01CAE7C4ED5E8A84ED4E
:10EA20005C8A84ED578A84ED588A84ED7D8A84ED72
:10EA30007F8A84ED598A84ED5A8A84F86C5184F86F
:10EA40007C5184ED5D8A84ED7E8A84ED808AAFE717
:10EA500007E00DE084ED590A84ED5A8A84F86C5180
:10EA6000A6E7C4ED110A84ED128A84F84C50BFE782
:10EA700084ED620A84ED638A84F89051C3E7000054
:10EA8000000000006F12833A60770024DB0FC9405A
:10EA9000DB0F4940DB0F49C0CDCC4C3E002820D0D5
:10EAA00000219FED100A80ED100A80ED110A80ED23
:10EAB000120A80ED130A80ED140A80ED150A80ED2C
:10EAC000160A80F85C1080ED180A80ED190A80EDB6
:10EAD0001A0A80ED1B0A80F8701080ED1E0AFFF7FD
:10EAE0004DBB70470000000000280FD001294FF0F7
:10EAF00000019FED0D0A0AD080F85C1080ED130A2A
:10EB000080ED140A80ED150A80ED160A704780F832
:10EB1000701080ED180A80ED190A80ED1A0A80ED58
:10EB20001B0AFFF72BBB0000000000002DE9F0419D
:10EB300000282DED028BB0EE408ADFED298A38D017
:10EB400001293BD000F14C04261D371D3D1D5C30D2
:10EB5000DFED240A017881B3B7EE001A9FED220A97
:10EB600000F0D4F9D5ED000A9FED201AD4ED001A7B
:10EB700078EE600AB5EEC01AC6ED001AF1EE10FA92
:10EB8000C0EEA81AD4ED000A71EEE01A40EE210A98
:10EB9000C4ED000A96ED000A70EEC00A80EEA80AE5
:10EBA00003DDDFED130A00F0B1F987ED000A85ED12
:10EBB000008ABDEC028BBDE8F08106E000F1600444
:10EBC000261D371D3D1D7030C2E785ED008A0121ED
:10EBD0000170C6ED000AC4ED000AC7ED000AE8E7BF
:10EBE0006F12833A00000000CDCC4C3D0000C842BB
:10EBF0000000C8C2B2EE041AFAEE040AFFF7FEBD26
:10EC000070B5040024D0FFF7A5FA0646FFF79AFA7C
:10EC10000546FFF765FADFED250A9FED250A4FF05F
:10EC20000001BEB1B5B196ED021A21EE001A21EE37
:10EC3000201ABDEEC11A84ED001A95ED021A21EEDC
:10EC4000001A21EE201ABDEEC11A84ED011A03E06C
:10EC5000002070BD21606160F0B190ED001A21EEDE
:10EC6000001A21EE201ABDEEC11A84ED021A90EDB1
:10EC7000011A21EE001A21EE201ABDEEC11A84ED10
:10EC8000031A90ED021A21EE000A20EE200ABDEED2
:10EC9000C00A84ED040A02E02161E160A160002065
:10ECA00003F00AF9C4E90601012070BD83F9A23E10
:10ECB00050A92B4D2DE9F04104002DED028B84B0BD
:10ECC0007DD04FF43371F1F716FDFFF73FFA206066
:10ECD000FFF706FA6060FFF713FAA060FFF704FA87
:10ECE000014600209FED5C8AF0EE001AC4E9031093
:10ECF0006061B0EE482AC4F854019FED581ADFED68
:10ED0000580AC4F8580104F1C400B1EE040A804660
:10ED100000F0F1FAB0EE482ADFED521A9FED521AD8
:10ED2000F0EE480A9FED510A04F58670054600F0A2
:10ED3000E2FAB0EE482AF7EE001A9FED4D1A04F5FC
:10ED40000270F0EE480AB1EE000A064600F0D3FA6F
:10ED5000B0EE482AF0EE001A9FED461AF0EE480A8F
:10ED60009FED450A04F51470074600F0C4FA9FEDC4
:10ED7000430ADFED430A9FED431ADFED431A9FED8F
:10ED8000432ADFED432A84ED290AC4ED2A0A84EDE3
:10ED90007A1AC4ED7B1A84ED242A3E480121C4ED81
:10EDA000752AF9F76DFA3C480221F9F769FA4046ED
:10EDB00000F09CFA284600F099FA304600E046E060
:10EDC00000F094FA384600F091FA2046FFF76EFD05
:10EDD000D4ED0B1A94ED0F5AD4ED605A94ED061A47
:10EDE000D4ED5C0A94ED570AC4ED0C1A84ED071AB1
:10EDF00084ED105AC4ED5D0A84ED580AC4ED615AE1
:10EE0000C4ED2D1AC4ED2F1A84ED2C1A84ED2E1AA0
:10EE1000C4ED7E0AC4ED800A84ED7D0ADFED1F2A71
:10EE20009FED1F3ADFED1F3A84ED7F0AB7EE082A07
:10EE30009FED1D4AF0EE004A04F52D7069468DECF9
:10EE4000042A84EDB14AC4EDB24A00F0EDFE04B0EC
:10EE5000BDEC028BBDE8F08100000000A4703D3FD6
:10EE60000AD7233CCDCC4C3FCDCC4C3E6666E63F2A
:10EE7000CDCC4C3D3333333FCDCC0C41DA0FC93FC1
:10EE8000DA0FC9BFCDCCCC3D8FC235BFF4FD543CA9
:10EE90002E90203B98120024441300240AD7233DCF
:10EEA0000AD7A33C0AE81C41EC51383F002813D094
:10EEB000002911D0002A0FD092ED060A9FED071A03
:10EEC000DFED070A20EE010A80ED000A92ED570AF5
:10EED00020EE200A81ED000A704700000AD7A3BB8C
:10EEE0006F1283BB00280DD0074902680A60426890
:10EEF0004A6002890A81D0E904200A614861886970
:10EF0000401C88617047000070760024B4EEC10A8E
:10EF1000F1EE10FA02DDB0EE410A7047B4EEE00AFD
:10EF2000F1EE10FAF9D2B0EE600A704710B50400A5
:10EF30006AD0606918B1216949B1012804D02169FA
:10EF400001290BD0022822D0022914D01FE094ED11
:10EF5000280A84ED270A84ED250A18E094ED0B0AAF
:10EF6000D4ED0F0A84ED0C0AC4ED100A84ED2D0ACD
:10EF700084ED2F0A0BE094ED060AD4ED0F0A84ED20
:10EF8000070AC4ED100A84ED2C0A84ED2E0A616193
:10EF900000F0C0F980B1D4F8580120B1D4F8541170
:10EFA00081B1012805D0D4F85411012911D00228CB
:10EFB00028D002291AD025E004F5AA70BDE8104037
:10EFC00000F022BA94ED790A84ED780A84ED760A8D
:10EFD00018E094ED5C0AD4ED600A84ED5D0AC4ED9E
:10EFE000610A84ED7E0A84ED800A0BE094ED570AF5
:10EFF000D4ED600A84ED580AC4ED610A84ED7D0AFF
:10F0000084ED7F0AC4F8581110BD0000002807D015
:10F01000002905D09FED030A80ED000A81ED000A6A
:10F02000704700000000000070B504002DED028B59
:10F0300053D094F8B0109FED2A0A11B1D4ED130A01
:10F0400001E0F0EE400A94F8B10010B194ED181A06
:10F0500001E0B0EE401A70EE810AC4ED100A11B161
:10F06000D4ED150A01E0F0EE400A08B194ED1A0A59
:10F070001C4804F1B40530EE800A844284ED120A83
:10F0800094ED070A0AD1D4ED080A30EEC00A00F068
:10F09000ADFC29462046FFF78FF90FE000F0A6FCF3
:10F0A000B0EE408A94ED080A00F0A0FCF0EE400AB1
:10F0B000B0EE480A29462046FFF7C4F92046FFF77C
:10F0C000EDF9D4ED1D0A30EE200A84ED230A84ED1B
:10F0D000220AFFF78FFD84ED240ABDEC028B70BD80
:10F0E00000000000585B002410B5040017D094ED18
:10F0F000210ADFED0B0A84ED230AC4ED1D0AC4EDDD
:10F100001E0AC4ED1F0A002084F8B00084F8B10084
:10F1100084ED220A9434FFF76DFD04ED010A10BD61
:10F120000000000070B504002DED028B4ED094F865
:10F13000B0009FED288A10B194ED130A01E0B0EE03
:10F14000480A94F8B11011B1D4ED180A01E0F0EEBC
:10F15000480A30EE200A84ED100A10B194ED150A29
:10F1600001E0B0EE480A11B1D4ED1A0A01E0F0EE68
:10F17000480A194804F1FC0130EE200A84420D4689
:10F1800084ED120A94ED030AD4ED020A30EE600A0F
:10F190000AD100F02BFCF0EE400AB0EE480A2946F6
:10F1A0002046FFF74FF902E02046FFF705F9204619
:10F1B000FFF774F9D4ED1D0A30EE200A84ED230A1E
:10F1C00084ED220AFFF716FD84ED240ABDEC028BC4
:10F1D00070BD000000000000585B002410B5040062
:10F1E00011D0FEF72BFB00280DD007482022214626
:10F1F000F1F74FFA002002F05FFE034A083A0123BC
:10F20000C2E90A01137010BD8069002400B500280E
:10F2100089B00FD0016800220091416801910189F5
:10F22000ADF80810D0E904100692CDE90410684644
:10F23000FFF758FE09B000BD2DE9F04107003AD0B4
:10F24000FEF7FCFA002836D0002002F035FE1B4CF9
:10F25000182205460E4604F108003946D4F8088005
:10F26000F1F717FAC4E9085601212170386800281F
:10F2700021D07868012804D000281CD1B868012862
:10F2800019DCD7E9040150EA010208D0D4E90C23C3
:10F2900042404B401A430ED0C4E90C0104E0B8F1DF
:10F2A000000F08D1C4E90C5644F62060281846F136
:10F2B0000001C4E90A01BDE8F081000040690024B2
:10F2C00002480121417081707047000088010024CC
:10F2D000B2EE041AFAEE040AFFF718BE08B1F9F705
:10F2E00095B89FED010A704700000000002801D08A
:10F2F000F9F7A2B970470EB5002809D08DEC030AC2
:10F3000000216A46F0EE420AB0EE610AF9F7B4F95C
:10F310000EBD000010B5064CF4F79CFCD4F8B010FC
:10F3200021B1401A642801D8012010BD002010BD71
:10F330006077002470B5002815462DED028BDFEDB7
:10F340002D8A54D000F5AA70044621B1D4ED280AC4
:10F3500030EE808A04E0002194ED028AFFF7C4FBBE
:10F3600094ED251AD4ED260AB0EE480AFFF7CEFD3B
:10F3700084ED280A84ED290A0DB3FDF7DBF8D4EDFE
:10F38000020A94ED251A30EE200AD4ED260AFFF782
:10F39000BDFDF0EE400A1A4894ED2A0AF0EE682A04
:10F3A0009FED152ADFED151AB2EE021AFEF7FEFEEA
:10F3B00094ED251AD4ED260AFFF7A8FD01E094ED9F
:10F3C000280A84ED2A0A84ED2B0A35B194ED2A0A25
:10F3D000D4ED020A30EE600A01E09FED0A0AD4ED96
:10F3E000280A30EE200A84ED030A84ED080ABDECF9
:10F3F000028B70BD6F12833A0A06B242DB0F49419D
:10F400007C0100240000000010B5040032D0FFF79A
:10F4100045FB04F1B400FFF769FF04F1FC00FFF7BE
:10F4200065FFD4ED0B1A94ED071AD4ED020A002003
:10F4300020609FED110A606084ED210A84ED230AAB
:10F4400084ED220A84ED240A84ED1D0A84ED1F0A4E
:10F4500084F8B00084F8B10084ED081AC4ED030A02
:10F46000C4ED0C1A84ED291A84ED2B1AC4ED280A78
:10F47000C4ED2A0A10BD00000000000070B50600AF
:10F4800014460D462DED028B3CD0002D3AD0002CB9
:10F4900038D09FED1E0A86ED000A85ED000A20682F
:10F4A00000282FD0B0F90400FEF761FE08EE100A24
:10F4B0002068B0F90600FEF75AFE00EE100A206838
:10F4C0009FED131AB8EEC00AF8EEC81ADFED110A64
:10F4D000B0F90C10B0F90E0020EE012A61EEA01A6E
:10F4E00000EE101A00EE900ADFED0B2AB8EEC00A0B
:10F4F000F8EEE00A40EE621A00EE812AC6ED001A2C
:10F5000085ED002ABDEC028B70BD000000000000FC
:10F510009C53C9B6ACC5A7B69C53C936002805D0C4
:10F52000002903D0002A01D0FFF7A8BF70470000D0
:10F5300070B505002DED048B3FD0214C95ED280AC8
:10F5400084ED000AFFF7E6FEDFED1E8A90B395ED2D
:10F55000790A84ED010A00BF94ED000AFFF7B8FEB6
:10F56000B0EE408A94ED010AFFF7B2FEB0EE482AF1
:10F57000B0EE688AB0EE409A13480121F0EE481AC6
:10F58000B0EE481AF0EE480AB0EE480AF1F794FEE1
:10F59000B0EE492AF0EE481AB0EE481AF0EE480AEA
:10F5A000B0EE480ABDEC048B02210848BDE870406B
:10F5B000F1F782BEC4ED018ACEE7BDEC048B70BDCD
:10F5C000700100240000000098120024441300245D
:10F5D0002DE9F05F5FEA000A2DED048B7ED0A7498C
:10F5E0000246081FFEF732FEFCF7C8FFDFF88C92D8
:10F5F0000600A9F1140908D099ED040AB5EEC00A75
:10F60000F1EE10FA03D0012702E0012707E00027FE
:10F6100099ED050AB5EEC00AF1EE10FA01D001210C
:10F6200000E000214FF0000B0AF1100488460AF5B3
:10F63000AA75DFED938A9FED939A9FED938ADAF88E
:10F64000100020B1012810D0022823D07FE0FCF761
:10F65000A1FF2046FFF722FA84F8B0B084F8B1B0D9
:10F6600099ED040A84ED210A71E084F8B070324605
:10F6700084F8B160394699ED040A504600F0D0F99B
:10F680002FB10021204694ED290AFFF74FFA94ED9F
:10F690002B0A58E084F8B16084F8B07047B194ED5B
:10F6A000280AD9ED040A30EE200A84ED280A07E082
:10F6B00094ED020A0021204684ED280AFFF714FA8F
:10F6C00094ED251AD4ED260A94ED280AFFF71EFCC6
:10F6D00084ED280A26B3FCF73FFF00E072E0D4ED8A
:10F6E000020AF0EE682A70EE200A94ED2A0A9FEDD5
:10F6F000672A6248F0EE491A0C38B2EE0C1AFEF78F
:10F7000055FD84ED2A0A94ED251AD4ED260AFFF75B
:10F71000FDFBD4ED020A84ED2A0A30EE600A03E014
:10F7200084ED2A0AB0EE480AD4ED280A30EE200A09
:10F7300084ED030A2FB100212046B0EE600AFFF7E6
:10F74000F5F994ED2A0A01212046FFF7EFF9FFF7BA
:10F75000E1FD18B3286840B3012837D0022831D121
:10F7600085F8B080324685F8B160414699ED050ACA
:10F770005046FFF7DFFDB8F1000F05D00021284605
:10F7800095ED280AFFF7D2F995ED2A0A28460121BE
:10F79000BDEC048BBDE8F05FFFF7C8B9BDEC048B8E
:10F7A0002846BDE8F05FFFF72FBEFCF7F3FE2846C2
:10F7B000FFF774F985F8B0B085F8B1B099ED050A96
:10F7C00085ED210ABDEC048BBDE8F09F85F8B160A2
:10F7D0005FEA080085F8B0800ED095ED290AD9EDD2
:10F7E000051A95ED251AD5ED260A30EE210AFFF708
:10F7F0008DFB85ED290A07E095ED070A00212846D3
:10F8000085ED290AFFF770F916B3FCF793FED5EDE5
:10F81000070A1A48F0EE682A70EE200A083895EDBB
:10F820002B0A9FED1B2AF0EE491AB2EE021AFEF7E0
:10F83000BDFC85ED2B0A95ED251AD5ED260AFFF7BF
:10F8400065FBD5ED070A85ED2B0A30EE608A03E0F3
:10F8500095ED290A85ED2B0A95ED290AB8F1000FDF
:10F8600038EE000A85ED080A05D00021284695EDFE
:10F87000290AFFF75BF995ED2B0A87E7840100243D
:10F880006F12833ADB0F4941000000008470D142BF
:10F890000A06B24210B504000BD0FEF709FDFFF7CF
:10F8A00039FD002805D104F5AA70BDE81040FFF726
:10F8B000ABBD10BD7CB59FED0D0A05000C468DED6E
:10F8C000000A8DED010A0FD0002C0DD0002A0BD0BC
:10F8D00001A96846FFF7D2FD9DED000A85ED000AFB
:10F8E0009DED010A84ED000A7CBD000000000000CF
:10F8F0004FF4FA7008B503F0C9F81348FFF7DAF9C6
:10F9000001F026FF03F0BAFA00900F48FFF7C2FF9C
:10F910000D48FEF7CBFF0C48FFF708FB0A48FFF73E
:10F9200057FE0948FEF78CFF074800F04FF90648DC
:10F93000FFF7FEFD01F080FF00F038F80121684676
:10F9400003F0CAF8E1E70000485B002410B5044664
:10F950002DED028BFEF7BEFDB0EE408A4CB10F4894
:10F96000DFED0F0A8442B7EE001A07D19FED0D0AB2
:10F9700006E0B0EE480ABDEC028B10BD9FED0A0A0E
:10F98000FEF73CFFF0EE400A94ED1F0A38EE401AF5
:10F9900000EE810A84ED1F0AEDE700009C5C002464
:10F9A00000000000CDCCCC3DCDCC4C3E0E4830B458
:10F9B000D0F81041D0F83451D0F82411D0F83C21BF
:10F9C000D0F81431D0F80C0101EE104A00EE905A34
:10F9D00030BC02EE901A02EE102A01EE903A00EED0
:10F9E000100AFBF7B7BD0000607700240A49DFED7D
:10F9F000090A01E030EE600A10EE100A8842F9DCD4
:10FA0000064900BF10EE100A884202D930EE200AE3
:10FA1000F8E77047DB0FC940DB0F4940DB0F49C0F7
:10FA200070B5002815460E462DED048BB0EE408AC9
:10FA30009FED3A9A6ED000F1100400F021F9D4ED58
:10FA4000290AF0EE408A94ED090A70EEE80A30EED9
:10FA5000C00A16B130EE088A05E00021204694ED78
:10FA6000028AFFF741F894ED251AD4ED260AB0EE8C
:10FA7000480AFFF74BFAB0EE408A94ED090A84ED8C
:10FA8000288A30EE280A30EE080A84ED290A0DB3E0
:10FA9000FCF762FDD4ED020A94ED251A30EE200A3F
:10FAA000D4ED260AFFF732FAF0EE400A1E4894ED34
:10FAB0002A0AF0EE492A9FED1A2ADFED1A1AB2EE51
:10FAC0000C1AFEF773FB94ED251AD4ED260AFFF706
:10FAD0001DFA01E0B0EE480AD4ED090A84ED2A0AC5
:10FAE00070EEA80A70EE800AC4ED2B0A25B1D4EDA1
:10FAF000020A30EE600A01E09FED0C0AD4ED090A1B
:10FB000030EE080A70EEA80A84ED030A30EE800A8F
:10FB100084ED080ABDEC048B70BD00006F12833ABF
:10FB20008470D142DB0F49417801002400000000BD
:10FB3000002807D0002905D09FED030A80ED000AB8
:10FB400081ED000A704700000000000008B100F0DD
:10FB500005B89FED010A70470000000010B50400D1
:10FB60002DED048BB0EE409A06D094ED000AB5EE70
:10FB7000C00AF1EE10FA04D89FED120ABDEC048B16
:10FB800010BD94ED038AB5EEC08AF1EE10FA01DCE7
:10FB90009FED0D8AB0EE490AFBF718FED4ED010A7D
:10FBA00060EE208AB0EE490AFCF7E4F994ED021AFF
:10FBB000D4ED000A41EE008A20EEC80A20EE280AA1
:10FBC000DCE70000000000000AE81C4170B50028D6
:10FBD00029D090ED5C0A00F52D7500F5AA74284631
:10FBE000FFF7B4FF95ED041AD4ED230A21EE000AC5
:10FBF00030EE800A84ED230AD5ED050AB4EEE00A62
:10FC0000B1EE601AF1EE10FA02DDB0EE600A06E025
:10FC1000B4EEC10AF1EE10FA01D2B0EE410A84ED61
:10FC2000220A84ED240A70BD002810B525D00029D1
:10FC300023D01EC900EE104A80E81E00B5EEC00AAF
:10FC4000F1EE10FA03D89FED0D0A80ED030A90ED56
:10FC5000040AB5EEC00AF1EE10FA03D8B7EE000AB6
:10FC600080ED040A90ED050AB5EEC00AF1EE10FA37
:10FC700003D8B2EE040A80ED050A10BD0AE81C4163
:10FC8000014890ED090A7047C87A002408B500229F
:10FC900003460091024901F5947000F031F908BD66
:10FCA000C87A002400487047147C002408B501225B
:10FCB00003460091024901F1A00000F021F908BDBE
:10FCC0005C7B002470B515460446002210460B5C90
:10FCD000401CC0B21A440A28D2B2F8D3887A8242B1
:10FCE00005D0D4F89000401CC4F8900070BDDFED42
:10FCF0006A1A01269FED690AD4F88C00401CC4F8EA
:10FD00008C004878512806D0DFED650A52283AD099
:10FD1000532837D167E0002D7ED04888A4F86000D2
:10FD20008888A4F86200C888A4F86400B1F90800C3
:10FD3000B3EE001A9FED5B2A00EE900AA4F8800053
:10FD40000020F8EEE00AC0EEA12AC4ED212A00BF8F
:10FD500004EB4001431CB1F9602004EB8001D8B2F0
:10FD600000EE902A0328F8EEE00A60EE800A60EECA
:10FD7000810AC1ED1A0A60EE821AC1ED1D1AE7D39D
:10FD800084F8886057E04888A0868888E086C8881C
:10FD90009FED452A208700200989A4F8541001EE20
:10FDA000101AB8EE411AC1EE212AC4ED162A00BF7E
:10FDB00004EB4001431CB1F9342004EB8001D8B2BC
:10FDC00001EE102A0328B8EEC11A21EE001A21EE26
:10FDD000021A81ED0F1A61EE201AC1ED121AE7D353
:10FDE00084F85C6027E04888208088886080C88824
:10FDF000A08000200989DFED2D1AE185431C34F92C
:10FE0000102004EB8001D8B201EE102A0328B8EECE
:10FE1000C11A21EE001A00E038E021EE211A81ED2E
:10FE2000021A21EE202A81ED052AE7D3204600F0B0
:10FE300097F884F830604DB31D4894ED090A00F13D
:10FE40000C0180ED000A94ED060A00F1180280ED25
:10FE5000010A94ED050A80ED020A94ED120A81ED83
:10FE6000000A94ED130A81ED010A94ED140A81ED64
:10FE7000020A94ED1D0A82ED000A94ED1E0A82ED3D
:10FE8000010A94ED1F0A82ED020A70BD094894ED43
:10FE9000090A80ED000A70BD0000C8420000003869
:10FEA00035FA8E3CCDCC1C410000FA4400003443AE
:10FEB000087C00243802002470B50F4D00249421E2
:10FEC000A5F58070AC62EC622C636C63AC63EC6390
:10FED000F0F711FC9421A5F16C00F0F70CFC074839
:10FEE00004602C646C64AC64EC642C656C65AC657B
:10FEF000EC652C6670BD0000C87B0024380200242D
:10FF00002DE9F0471E0091468A460446089F23D0FB
:10FF100000254FF001081DE0E17A4A46705D11B1FD
:10FF2000012906D007E0552812D1207084F80B80F3
:10FF30000EE0552812D06054E07A2146401CC0B231
:10FF4000E0720B2804D35046FFF7BCFE0021E1729B
:10FF50006D1CADB2BD42DFD3BDE8F0872070F7E77E
:10FF600000281FD090F82C10D0ED070A9FED181A2A
:10FF700069B190ED0A0A174ADFED171A30EEC00A90
:10FF800010EE101A91420EDD30EE610A12E0C0ED63
:10FF90000A0A20EE810AC0ED090A012180F82C101E
:10FFA00080ED080A704710EE101A0C4A914201D9F0
:10FFB00030EE210AD0ED091AC0ED0A0A31EE800AAE
:10FFC00080ED090A60EE010AC0ED080A70470000E2
:10FFD000E02E6542DB0F4940DB0FC940DB0F49C013
:10FFE000DFED050AB1EE401AF4EEC00AF1EE10FAA8
:10FFF00031FE000A704700000000000001481E2189
:020000040801F1
:10000000F0F779BB1C5E002470B50A28049D0FD25E
:100010000A2900D30921074E08E000BF00EB400485
:100020003444401CC0B222726372A5728842F5D972
:1000300070BD0000145E002410B50E4C2DED028B37
:1000400094ED2B0AFFF7CCFFB0EE408A94ED5F0AE7
:10005000FFF7C6FF38EE008A94ED930AFFF7C0FF62
:1000600078EE000AB0EE081ABDEC028B80EE810A31
:1000700010BD0000A466002450B1006840B1C06803
:10008000002804D0081AB0F5967F01D801207047E7
:100090000020704717484FF0AA0CF0B5014680F8D1
:1000A00026C05524022581F8274000216A1C01EB57
:1000B000410303444619D2B287181D7A521C86F8B0
:1000C0002650D2B25D7A00EB020687F82650491C12
:1000D0009B7A02F10102C9B286F826300A29D5B20C
:1000E000E4D3691C4219C9B2084482F8264080F85A
:1000F00026C0F0BD145E002438B500F0E5F8FFF727
:100100007DFF00F065F82E480168042041B1012907
:1001100009D0022918D0002000900423042205E011
:100120000023009001E00423009000220621042017
:10013000FFF76AFF23480068072811D2DFE800F0C4
:1001400007090910100D070000230090E6E70023BF
:1001500004E000230422042105E004230022FAE73E
:10016000002304221946072000F08AF81648006888
:10017000012820D002281BD0002304221146082089
:1001800000F07EF8114C207800F07F00402801D369
:10019000C0F17F003F218000B0FBF1F00022C1B22E
:1001A00009200B4600F06CF82078401C207038BD08
:1001B0000423002201E0002304220021DFE70000E5
:1001C000C800002438010024D0000024A40000242A
:1001D00010B5244C4FF0000394F8480010B10422ED
:1001E000002101E000220421002000F049F894F8E9
:1001F00049004FF0000310B10422002101E0002269
:100200000421012000F03CF894F84A00C0B194F8B1
:100210004B0020B194F84C0028B1042304E00023E3
:100220000422042102E0002304220021022000F025
:1002300027F894F84E0030B10023042219460BE051
:1002400000231A46EDE794F84D004FF0000308B183
:10025000042200E000220421BDE81040032000F049
:100260000FB80000145E002410B5FFF713FFBDE8BF
:10027000104002482221F9F7ABBB00003A5E00248F
:100280000A2810B506D200EB40040348204401724E
:100290004272837210BD0000145E00244FF42F7070
:1002A00000F066FBFFF7AAFEFFF7DEFF054C606873
:1002B00008B9FFF721FFFFF7D7FF322000F058FB06
:1002C000F5E70000145E002432482DE9F04106787D
:1002D0004578002001F0A8FE60B100202E4C0127D7
:1002E0004FF0000884F84800384601F09DFE18B130
:1002F000404606E00120F1E77F1CFFB2042FF3D94E
:10030000012084F84900F3F7A5FC0746014623487D
:10031000FFF7B2FE60B121483946D030FFF7ACFE9E
:1003200030B11F483946FFF7A7FE08B1012000E0B1
:1003300000201A4F84F84A00103F387B30B1FFF795
:100340007BFE10EE100A1749884201DB012000E015
:10035000002084F84B00387B48B1FFF76DFE10EEAB
:10036000100A1149884201DD012000E0002084F8D4
:100370004C002EB1012084F84D00012D08D001E081
:1003800084F84D805FF0000084F84E00BDE8F081F5
:100390000120F9E7205B0024145E0024B4660024E9
:1003A000546800240000C84200004843B4EEE01A3C
:1003B000F1EE10FA0FD371EE601AB4EEC10AF1EE4D
:1003C00010FA03DC08E000BF30EE610AB4EEC10AA7
:1003D000F1EE10FAF8DC7047B4EEE00AF1EE10FA34
:1003E00002D3704730EE210AB4EEE00AF1EE10FAC3
:1003F000F8D37047F3F73CFCF8F778FBF8F76AF9A5
:10040000F7F738FCF7F7F2FAF7F7BEFCF7F71EFE3E
:10041000F7F7B4FDF7F748FBF7F756FDF7F77EFB64
:10042000F7F7E4FCF7F7B2FBF7F772FDF7F7DAFD41
:10043000F7F778FCF7F714FDFCF7E6F810491422FB
:100440001048F6F7F0FC104924221048F6F7EBFCB0
:100450000F4940220F48F6F7E6FC0F4980220F486B
:10046000F6F7E1FC4FF47A70F2F72EFD01F02AFD69
:1004700000F022FBF7F7C4FB00F081FAFEE7000072
:100480005403002424190024C0790024FC170024FC
:10049000187A002490180024587A0024B8190024EF
:1004A000842801464FF0000000D0C81C70472DE999
:1004B000FF4104001E4690460D4623D0102D21D347
:1004C000B8F1000F1ED00E2221466846F0F79CF8C6
:1004D0009DF80000A52815D19DF80100012811D133
:1004E000BDF8041001F11000A8420BD804F10E056C
:1004F0004FF6FF7248190D310788601CFDF7DAFDD1
:10050000874203D0002004B0BDE8F0810E22694686
:100510004046F0F779F806B135600120F3E72DE9A0
:10052000F0410500984614460AD04CB12078A52821
:1005300006D16078012803D1A7881037B94202D2CA
:100540000020BDE8F0810E2221462846F0F75CF835
:10055000B8F1000005F10E0605D0A2881AB10146D7
:100560003046F0F751F8A188681C4FF6FF720D3144
:10057000FDF7A0FDA188020A0F358855A0884255D5
:100580003846DEE718B1416B09B1806B084700209F
:100590000146704710B586B019461046089C002CDD
:1005A00012D0A268002A0FD000226B46009201AA46
:1005B000FFF77DFF002807D0BDF808309DF8061032
:1005C000A068009AFCF774FF06B010BD70B51D005E
:1005D0000C4688B07AD0002C78D0022A76D32088B6
:1005E000A0F50071023915D0A0F50071053904F1AC
:1005F0000A0630D0A0F50071063945D0A0F500718B
:10060000073963D1E96C002960D0186D08B0BDE8E6
:1006100070400847142A59D3A01CFDF76DF90290C9
:10062000A01DFDF769F903906089ADF8100004F191
:100630000C00FDF766F9CDE90601CDE90001BDF832
:100640001020DDE90201FBF7F9FE2A6C002A3DD0FB
:10065000296D02A839E0182A38D3A01CFDF74CF9FF
:100660000090A01DFDF748F901903046FDF744F9D0
:100670000290E089ADF80C0004F11000FDF741F99B
:10068000CDE904016A6C1CE01C2A1FD3A01CFDF7F5
:1006900033F90090A01DFDF72FF901903046FDF7CA
:1006A0002BF9029004F10E00FDF726F90390608A01
:1006B000ADF8100004F11400FDF723F9CDE90601AF
:1006C000AA6C002A02D0296D6846904708B070BD18
:1006D0002DE9F04F0D001C4687B034D0022A32D3EA
:1006E000002C30D0288841F201014E1C88422DD1C7
:1006F0000C2A28D36D881846FFF744FF80468946A8
:100700002046FFF73FFFB246064602A80F46514675
:10071000FDF727F9294602ADA81CFDF722F9281D8F
:1007200042464B46FDF732F905A832463B46FDF7F7
:100730002DF9142052460023CDE9005094F83010D2
:100740002068FCF71FF907B0BDE8F08FB042FAD17E
:10075000142AF8D36F88281DFDF7E1F80E460090A3
:1007600005F10C00FDF7DBF881460D462046FFF74A
:1007700009FF82468B46002004EB0011B1F85810A7
:10078000B94230D104EB00114A46D1E9180C009966
:10079000BAEB00076BEB0C08B9EB010175EB060136
:1007A00006D3009BD21A65EB0603BF1A68EB030859
:1007B000C4F85C72009A131A66EB0C01B9EB0A00DC
:1007C00065EB0B021818514102220023EFF7F8FEE7
:1007D000626C22B10023D21B73EB0803B3D394F8ED
:1007E000702222B108E0401C2028C5DBABE70122C3
:1007F00084F87022C4E99A01D4E99A3604F5187491
:10080000C31A61EB06020027CDE90032D4E90026C5
:100810000923A2FB03C806FB038302FB07361CEB7C
:1008200000003B4671410A22EFF7CAFEC4E900010D
:10083000D4E906060921DDE90023A0FB01C806FB77
:10084000018100FB07111CEB020059413B460A22C3
:10085000EFF7B6FE626B521C6263C4E90601012029
:1008600084F83000C4F82090243484E8200C6AE72F
:100870002DE9F0410C0025D0606B002822D0E06B00
:1008800000281FD0216E21B1606E88470F460646B2
:1008900001E000263746D4E916013D4650EA010240
:1008A0000AD0E26B4FF47A73371A65EB0100A2FBB2
:1008B0000323B91A984105D300212046FDF708FF0C
:1008C000C4E91665BDE8F0812DE9F0430C0085B060
:1008D0004BD094F84000002847D00846FFF752FE5E
:1008E000E76B4FF47A7CD4E9122306460D46A7FB4A
:1008F0000C7C801A61EB0301C01B71EB0C0134D33B
:10090000C4E91265B4F8500041F20109411C804667
:1009100002A8A4F850104946FDF723F802AF41465B
:10092000B81CFDF71EF8381D32462B46FDF72EF891
:1009300094F8581200234A4604EB0111A1F858809C
:1009400094F8580204EB0010C0E9186594F85802B6
:10095000401C00F01F0084F858020C20CDE9007004
:1009600094F830102068FCF70DF805B0BDE8F0836E
:1009700010B500B9012002F089F8002010BD10B5B3
:1009800002F0F0F8002010BD7FB50D464169044625
:10099000806881B1A16971B1FFF782FDD4E90512C8
:1009A0002B468DE807002269D4E9001002F03BFADB
:1009B000039004B070BDFFF773FD03A92B46CDE98A
:1009C0000001228AD4E9001092B202F0FFF9012856
:1009D00001D00020EDE70398EBE730B5002302E0FB
:1009E000CD5CC5545B1C9342FAD330BD30B5884210
:1009F0000AD0002A08D0884207D2002302E0CD5C4A
:100A0000C5545B1C9342FAD330BD8C188318521E18
:100A100014F8014C03F8014CF7D130BDCBB20021E2
:100A200010B501E04354491C9142FBD310BD7047FF
:100A300030B500291ED00A884B888C881C490D8847
:100A400052BA5BBA64BA854201D1012500E00025A3
:100A50004D80B0F5C26F17491FD00CDCB0F5C06FE8
:100A600015D0A0F5C060013813D0012813D002289A
:100A700000D1CA8030BDA0F5C060113810D0012867
:100A800012D00228F6D10A834B838C8330BD0A80B2
:100A900030BD4A8030BD8A8030BD0A814B8130BD77
:100AA0000A828B81CC8130BDCA824B828C8230BD60
:100AB000480100242062002400B58DB006A801F092
:100AC00057FE09491822D1E90001CDE90A0106497A
:100AD00068460831EFF7DDFD04480AAA06A96B460F
:100AE00001F02CFC0DB000BD24300108600300248F
:100AF000F3F7B0B82DE9F041184C0F460546E6680B
:100B00002068001D01F0F8FE38B922680121206933
:100B100092F82C20914088432061681C07D137B19E
:100B20002168BDE8F0410E48091D01F02BBF206887
:100B30003544B5424560216805D2A06B091DBDE86A
:100B4000F04101F007BF606B091D01F003FFA06ACF
:100B5000854200D2A562BDE8F08100001C0000249F
:100B6000FC1E00242DE9F041054601F017FF2E4C34
:100B70002E4FA068401CA060206810B1606940B38F
:100B80002DE02560A068012829D1002606EB86000B
:100B900007EB800001F0D0FE761C072EF6D3234829
:100BA0008C3001F0C9FE2148A03001F0C5FE1F487D
:100BB000B43001F0C1FE1D48C83001F0BDFE1B4835
:100BC000DC3001F0B9FE19488C3060631430A0634A
:100BD00005E0E86A2168C96A814200D825600120E1
:100BE000616A491C6162E96A226988401043206198
:100BF00001EB8100291D07EB800001F0C3FE01F02D
:100C0000EDFE606900280CD02068E96AC06A88425D
:100C100007D207494FF080500860BFF34F8FBFF3F2
:100C20006F8FBDE8F08100001C000024201E00240E
:100C300004ED00E010B5044690F8510058B10128C9
:100C40000CD002280FD0502080F31188BFF34F8FB3
:100C5000BFF36F8FFEE7206B01F0D4FE2046BDE8A6
:100C6000104001F0CFBE10BD11484FF4705110B5C7
:100C7000420706D00E49C01D20F00700411AC1F5F9
:100C800070510C4C002301440839A4F1180221F0E2
:100C90000701C4E900030C1A11604B600B60C0E946
:100CA000001494604FF000415460516110BD000089
:100CB000101F002470000024144E4FF08058144C74
:100CC000DFF85090A6F1C80712E000BF01F066FE01
:100CD000F068C568281D01F00FFEA068401EA060E6
:100CE0006068401E606001F079FE2846FFF7A2FFB1
:100CF00060680028EAD138680128F9D9C9F800806D
:100D0000BFF34F8FBFF36F8FF2E70000E81E0024A0
:100D10001C00002404ED00E02DE9F0479A468146CE
:100D20006FF00303DDE9098403EB8202089E206B68
:100D3000104420F00707780707D0502080F311886F
:100D4000BFF34F8FBFF36F8FFEE74FF0000561B128
:100D5000002023180A5C83F834200A5C12B1401C7E
:100D60001028F6D384F8435001E084F83450072E5D
:100D700000D30626E662201DC4E9116501F0E7FDF7
:100D800004F1180001F0E3FDE564C6F10700A0617D
:100D900084F850505246246149463846646200F057
:100DA000C1F8B8F1000F206001D0C8F80040BDE8DC
:100DB000F087000030B5114900E011460A68824210
:100DC000FBD34B685C18844203D144680846234433
:100DD0004B6043681D18954209D1084C183C2468A3
:100DE000A24209D052681A4442600A68126802603E
:100DF000814200D0086030BD0460F9E77000002433
:100E00000648416B096829B1416BC968C9684968DE
:100E1000816270474FF0FF31FAE700001C000024A8
:100E200008484068401C4FF0500080F3118804D0FF
:100E3000BFF34F8FBFF36F8FFEE7BFF34F8FBFF34B
:100E40006F8FFEE7780000242DE9F041002704466B
:100E500001F0BEFE324E306808B9FFF705FF706939
:100E600004424ED1C4B3083460070ED004F007002A
:100E7000C0F108000444600707D0502080F31188B7
:100E8000BFF34F8FBFF36F8FFEE72CB370688442C0
:100E900037D82348183001460D6801E028460D4632
:100EA0006968A14202D229680029F7D131688D42D0
:100EB00027D007682968016008376868011B102976
:100EC0000FD92819420708D0502080F31188BFF3AA
:100ED0004F8FBFF36F8FFEE713E041606C60FFF749
:100EE00069FF69687068401A7060B268904200D209
:100EF000B060002072691143C5E90001F068401C30
:100F0000F06002F027F8780707D0502080F31188AE
:100F1000BFF34F8FBFF36F8FFEE73846BDE8F08118
:100F20005800002470B5041F094E231F4FF0807530
:100F300021F0010125601C1F1960A0F120010B1F89
:100F4000266044380A606FF002051D6070BD000025
:100F5000210E010870B500280C4647D0002C45D062
:100F60000188C1F30A0525804178A5F5806582785E
:100F7000C90841EA4211C1F30A0161808278A1F5F2
:100F80008061C3780679920942EA830242EA8622A6
:100F9000C2F30A02A2800379A2F5806246795B0857
:100FA00043EAC613C3F30A03E3804679A3F58063DB
:100FB000C6F30116A6724679B609E672C688A681FE
:100FC0000689E68146892682067BA674467BE674FE
:100FD000C689A682008A25806180A0F58060A280F3
:100FE000E3802081F2F736FEC4F8160070BD0000E1
:100FF000322001F04BFDF0F7B9F8FEF75DFF00205D
:10100000F0F7BEF8064C00202060401C206001F084
:1010100047FEF0F7D5F8012001F038FD2068F4E72D
:10102000A000002470B533489CB0FCF76AFA324C3B
:1010300004AE16A8D4E90112CDE9161204F1140188
:101040002EC9009086E82E002A4A04AB02F1240142
:1010500001F2E45000F0BEFF20680025254A1AABDB
:10106000264E02F124011A90CDE9006501F2844078
:101070000295FBF703FB24340DAB94E8070083E8EB
:10108000070004F10C011422243C08A8EFF701FB2F
:10109000D4E9030108AA0DABCDE90265CDE9003220
:1010A000144A18ABCDE9180102F1240101F27C5079
:1010B000FDF7ECFA443410AB07CC83E8070094E862
:1010C000070013AB009583E807000A48022110AA25
:1010D0002838FBF7E9FC074925222431A1F14C000F
:1010E000FBF7DBFC034903482839FCF710FA1CB076
:1010F00070BD0000D069002494320108B91E0108B7
:1011000030EE200AF0EE080A30EE011A81EE200AD5
:101110007047B4EEE00AF1EE10FA02D2B0EE600AC7
:101120007047B4EEC10AF1EE10FAF9DDB0EE410AF3
:10113000704700002DE9F04704002DED048B7DD0B1
:10114000F2F788FD0546014604F11000814600F0E3
:1011500037FCE8B304F1E0002946804600F030FC9B
:10116000B0B304F5D8702946054600F029FC78B3E1
:101170006068012820D0484600F0C4FB404600F0DB
:10118000C1FB284600F0BEFB00209FED6A0AA4F8D0
:10119000C400A4F8C60084ED320AA4F89401A4F8AF
:1011A000960184ED660AA4F86402A4F8660220465B
:1011B00084ED9A0A00F014FE9FED5F0A484684ED24
:1011C0002D0A84ED610A84ED950A00F065FB00E0CC
:1011D0001BE084ED340A94ED610A404600F05CFBAC
:1011E00084ED680A94ED950A284600F055FBB4F8A2
:1011F000C60084ED9C0ADFED518A9FED519A9FED68
:10120000518A3226142738B114E0BDEC048B2046F5
:10121000BDE8F04700F0C4BCF0EE490AB0EE680A41
:10122000484600F0E7FB28B184ED328AA4F8C46098
:10123000A4F8C670B4F8960178B900E075E0F0EE55
:10124000490AB0EE680A404600F0D4FB28B184EDAC
:10125000668AA4F89461A4F89671B4F8660268B935
:10126000F0EE490A9FED380A284600F0C3FB28B18A
:1012700084ED9A8AA4F86462A4F86672B4F8C40093
:1012800038B1484600F0F5FAB4F8C400401EA4F89E
:10129000C400B4F8940138B1404600F0EAFAB4F85A
:1012A0009401401EA4F89401B4F8640238B12846B1
:1012B00000F0DFFAB4F86402401EA4F86402B4F847
:1012C000C60010B1401EA4F8C600B4F8960110B1D3
:1012D000401EA4F89601B4F8660210B1401EA4F8AE
:1012E0006602484600F0ECFA404600F0E9FA28466B
:1012F00000F0E6FA484600F099FB404600F096FB05
:10130000284600F093FBB4F96C22B4F99C11B4F9AF
:10131000CC0000F0B7FB204600F09CFCBDEC048B39
:101320002046BDE8F04700F05BBDBDEC048BBDE896
:10133000F0870000000000000050A0450000964328
:101340009A99593FCDCC4C400000C8432DE9F05F3D
:1013500000282DED048B4DD0816800294AD0897C6E
:1013600009B1012700E000270068012825D00026E8
:10137000D04DF2F76FFCA96B4FF00008CE4C9FEDFB
:10138000CF8AE1B1401A642819D8E8694FF0010A00
:10139000296A227808EE900A09EE901A72B3C849B9
:1013A000DFEDC80A94ED060A38EEC00A10EE100A06
:1013B000884230DD30EE600A34E00126D8E7C5F817
:1013C000448084F80080677084F8028084F8038089
:1013D000A4F80680A4F80880A4F80A8084ED038AA3
:1013E00084ED048A84ED058A84ED068A84ED078AFB
:1013F00084ED088ABDEC048BBDE8F09FC4ED048A3F
:10140000C4ED058AC4ED068AC4ED078A84ED088A16
:1014100084F800A00EE010EE100AAB49884201D912
:1014200030EE200AD4ED070A30EE800A84ED070A78
:10143000C4ED068AC82000F021FB8346502000F04E
:101440001DFBB0EE489A81466EB16078EFB3F8B1FB
:10145000E088584501D2401CE08081B259452DD327
:1014600084F802A02CE094ED070A84ED040A84EDD0
:10147000050AA4F80680A4F80880A4F80A8084ED80
:10148000038A84F8028084F8038084ED088A67E088
:10149000DFED8E0A94ED070AC82030EE200A84EDB5
:1014A000040AA4F8068084F8028084F8038000F01F
:1014B000E5FA2081A4F80A8084ED088AA078E8B3D0
:1014C000B6EE009A84F8038000E00EE094ED070A7F
:1014D00084ED040A84ED050A84ED088AA4F80880E6
:1014E000A4F80A8084ED038A2BE078B1A07868B173
:1014F00084F803A094ED070A84ED040A84ED050A3C
:10150000C4ED068A84F800A084ED088AA4F8068059
:1015100084F80280E07888B194ED070A84ED040A2B
:1015200084ED050A84ED088AB0EE690AFCF75EFBDB
:1015300010EE100AB0F17E5F03DC00E001E084F8F9
:10154000038020896189084308D194ED030AFCF7E0
:101550004DFB10EE100A5E49884201DB012000E0DD
:101560000020A178E278824626EA0100904342D02A
:10157000DFED580A94ED041A94ED050A31EE401A95
:1015800001EE200A84ED050AD4ED070A70EE608AA8
:10159000B0EE680AFCF72AFB10EE100A4E498842AA
:1015A00004DCF0EE488AC4ED088A0FE0BAF1000FBF
:1015B00002D084ED088A09E094ED080AB1EE0E1A13
:1015C000F9EE0E0AFFF7A5FD84ED080A94ED080A6E
:1015D000DFED420ABAF1000F08EEA00A03D1DFEDF9
:1015E000400A09EEA00AB1EE0E1AF9EE0E0AFFF754
:1015F00090FDB0EE409AB0EE480AEEB12089F1EECF
:101600000C0A48B1401EB0EE600A0004000C2081B4
:1016100012D1A4F80A900FE0608968B101EE109A27
:1016200000EE100A401E6081B8EE411AB8EE400A82
:10163000C0EE011A21EEA00AD4ED030A30EE600AD2
:1016400030EE200A84ED030A20896189084308D11D
:10165000FCF7CCFA10EE100A1D49884201DA84ED3D
:10166000038A94ED030AB2EE041AFAEE040A39EE84
:10167000000AFFF74EFDB0EE402A62696A64C5F8C1
:10168000488012EE101AC5F83C80C5F84080E96425
:101690000321B0EE480A67701248F0EE401AB0EE2F
:1016A000401ABDEC048BF0EE400ABDE8F05FEFF7A6
:1016B00003BE0000507800244C010024000000000C
:1016C000DA0F4941DA0FC941DA0F49C1DB0F49404E
:1016D0006F12833A0AD7233C0AD7A33C3333F34033
:1016E000CDCC4CBE98120024DFED040A9FED041A05
:1016F00060EE200A80EE810A704700009A99993EB8
:101700002CA0994100EE100ADFED0F0ADFED0F1A51
:10171000B8EEC01A81EE200AB3EE041AF6EE000A03
:1017200080EE012A22EE210AB5EEC00AF1EE10FA8F
:1017300002DB30EE200A01E030EE600ABDEEC00AA6
:1017400010EE100A00B2704700007A440000804694
:10175000014800F003B80000A466002410B504009E
:101760002DED048B47D04FF42771EEF7C4FFFCF743
:10177000EDFC01469FED218ADFED218A9FED219A44
:1017800000202060C4E901011F4904F11000B0EEFF
:10179000482AF0EE041AB0EE681AF0EE490ABFEEDD
:1017A000000A00F0C1F8184904F1E000B0EE482A40
:1017B0001031F0EE041AB0EE681AF0EE490AB7EEF6
:1017C000000A00F0B1F8104904F5D870B0EE482ACC
:1017D0002031F0EE041AB0EE681AF0EE490AB7EEC6
:1017E000000A00F0A1F8BDEC048B03210748BDE816
:1017F0001040F6F745BDBDEC048B10BD00007A44E7
:1018000042FC4F3C00401C46A07600249812002465
:1018100010EE100A0649884202DDB1EE040A704754
:1018200010EE100A03498842F9D9B9EE040A70474C
:101830000000A0400000A0C00B4810B500F04EF919
:10184000094800F07FFA084C20680128204607D09C
:1018500000F0A6F90448FFF779FD2068606010BD2C
:10186000FFF768FCF6E70000A466002480FE600A2B
:10187000704710B504000DD094ED300AD4ED2E0A57
:1018800094ED2C1A00EE810A84ED300AFFF7C0FFB8
:1018900084ED300A10BD000010B50400F0EE400ADF
:1018A00009D0201D94ED270AEFF742FAD4ED2C0A57
:1018B00020EE800A10BD9FED010A10BD000000005F
:1018C00010B504001BD094ED300AFFF7A1FF9FED87
:1018D0000C1A84ED300AF6EE000A20EE010AB5EE8D
:1018E000C00AF1EE10FA02DB30EE200A01E030EE21
:1018F000600ABDEEC00A10EE100AA4F8BC0010BDCC
:1019000000007A4400280CD090ED300AD0ED2C0A6B
:1019100020EE201A90ED270A001DDFED020AEFF7F6
:101920009BBB70470050A04530B504000D462DED1F
:10193000068BF0EE428AB0EE619AF0EE419AB0EE7C
:1019400060AAF0EE40AA8BB02FD0D021EEF7D3FEE4
:101950009FED192A256007AAB1EE040AC4ED2CAA4E
:101960008DED002A80EE292A8DED01AA9FED118AC6
:10197000DFED120AB6EE001AF5EE001A201D6946D8
:101980008DED022A8DED039A8DED048A8DED050A09
:10199000CDED068AC2EC030AEFF78EFB201DF0EEB8
:1019A000480AB0EE480AEFF7AFFB0BB0BDEC068B70
:1019B00030BD0000000000006F12833A0000F042CA
:1019C00040B1006830B1C268891A642902D88079B0
:1019D000502801D30020704701207047002806D00E
:1019E00090ED270A001DDFED020AEFF78DBB70476F
:1019F00000000000002814D090ED271A9FED0A2A5D
:101A0000D0ED2B1A60EE820A31EEC11AF4EEE01A24
:101A1000F1EE10FA06DBB4EEC01AF1EE10FA01DBBB
:101A200001207047002070470050A04510B5040009
:101A30004FF000001FD0216809B1B1F904009FEDFB
:101A40000E1A00EE100AF3EE040AA4F8BE00B8EE77
:101A5000C00A20EE010A20EE200A84ED310A94ED3E
:101A6000300AFFF741FE84ED320A94ED310AFFF7A8
:101A70003BFE84ED330A10BD00008038002800D101
:101A8000012070477CB515460E46FFF73BFE044625
:101A90003046FFF737FE06462846FFF733FE220A98
:101AA0008DF80020050A8DF8045023468DF80500B6
:101AB0008DF801300823340A8DF8024000228DF899
:101AC0000620054899018DF803608DF807206A46C5
:101AD000FAF7BCFE7CBD00004413002470B504007E
:101AE0001ED0A16800291BD0104B01268A8A988835
:101AF0009A8022EA0000C97AC20500D52673400503
:101B00004FF0000500D52573022902D0032902D029
:101B100002E0267300E02573FCF780FE08B1256023
:101B200070BD207B0028FAD0266070BD4C010024D7
:101B300010B504002DD094ED961AD4ED620A94ED00
:101B40002E0AFFF7DDFA10EE100A1349884220DB57
:101B500094ED2E0AD4ED2B0A104830EE600A10EEF8
:101B6000101A814213DA94ED620AD4ED5F0A30EE66
:101B7000600A10EE101A814209DA94ED960AD4ED4B
:101B8000930A30EE600A10EE101A814201DB012048
:101B900010BD002010BD0000004488450000164420
:101BA0002DE9F04104002DED028B4DD000259FED75
:101BB000288A04F1100084ED2D8A84ED618A84ED79
:101BC000958AA4F8CC508046A4F89C51A4F86C5295
:101BD00084ED348A84ED688A84ED9C8AFFF726FFC1
:101BE00004F1E0000746FFF721FF04F5D870064630
:101BF000FFF71CFF6068A4F8C450A4F8C65084ED39
:101C0000328AA4F89451A4F8965184ED668AA4F817
:101C10006452A4F8665284ED9A8A84F88052A4F83B
:101C2000825240B14046FFF7D9FE3846FFF7D6FE54
:101C30003046FFF7D3FEBDEC028B00221146104662
:101C4000BDE8F041FFF71EBFBDEC028BBDE8F0819F
:101C50000000000010B504006FD094F8800268BB4B
:101C60002046FFF765FF28B3012084F88002142086
:101C7000FFF704FFA4F8820294ED961AD4ED620AED
:101C800094ED2E0AFFF73CFAD4ED2B0AD4ED5F1A3F
:101C900084EDA10A94ED931AC4EDA20AC4EDA31A2F
:101CA00084EDA41AF0EE610A94EDA20AFFF728FA77
:101CB00084EDA50A94F8800200283ED0D4ED2B0ACA
:101CC00094EDA20AFFF7D2FD84EDA20AD4ED5F0ADB
:101CD00094EDA30AFFF7CAFD84EDA30AD4ED930A9D
:101CE00094EDA40AFFF7C2FDB4F88202B0EE401AE8
:101CF00084EDA40A28B1401E0004000CA4F882025E
:101D00001BD1D4EDA30A94EDA20AFFF7F9F9D4EDA3
:101D1000A10A84EDA50A30EEC00AB5EEC00AF1EEC4
:101D200010FA01D29FED050ADFED050A002084F8C4
:101D3000800220EE200A84EDA60A10BD00000000FB
:101D400034487B3C10B5040047D020699FED230A3E
:101D500078B1B0F9020094ED301A00EE900AF8EE76
:101D6000E00A60EE810AC4ED2B0A20EE801A84EDB1
:101D70002C1AD4F8E00078B1B0F9020094ED641A9E
:101D800000EE900AF8EEE00A60EE810AC4ED5F0A08
:101D900020EE801A84ED601AD4F8B00178B1B0F961
:101DA000020094ED981A00EE900AF8EEE00A60EE58
:101DB000810AC4ED930A20EE800A84ED940A04F1AE
:101DC0001000FFF733FE04F1E000FFF72FFE04F5EB
:101DD000D870BDE81040FFF729BE10BDEFFB163BE1
:101DE000002817D090ED2E0AD0ED620A90ED961AD9
:101DF000D0ED2B1A90ED5F2AD0ED932A80ED2F0ABB
:101E0000C0ED630A80ED971AC0ED2E1A80ED622AAC
:101E1000C0ED962A7047B5EEC00AF1EE10FA02DB6B
:101E2000B7EE000A7047BFEE000A70477047000027
:101E3000154810B590F89C12032924D1D0F8BC02A3
:101E4000002820D0D0F8140200281CD172B60F4808
:101E50008488BCB100F040FDC0F50061A14200DA09
:101E60000C46A2B24FF400718A4200D90A4662B60B
:101E7000074901440448F7F79FFFBDE810400248B6
:101E8000F8F710B862B610BD2C7C00249A0200242A
:101E9000089100241CB500290BD0002A09D090B26B
:101EA00040F201120023CDE9001002480221FAF7A6
:101EB000B9FD1CBDF4690024014800F0A4B800007D
:101EC000D86F0024064B002104488A1E196003685D
:101ED0005962006802610148F4F730BC8C17002495
:101EE000F001002470B5EFF3108272B6094B0A4D71
:101EF00029681C68606A2669F643F60705D1B01E9A
:101F00002061491C29601868406A002A00D162B625
:101F100070BD00008C170024F00100240248016805
:101F2000491C016070470000F00100242DE9F04FCA
:101F300087B099460400154611A80E46DDF840808A
:101F400090E8800C40D0002E3ED0002D3CD05FEABF
:101F5000080039D04FF426712046EEF7CCFBC4E9D7
:101F6000006584F83090D8E90010C4E90D100FB96D
:101F70004FF47A77E763BAF1000F01D0012300E054
:101F8000002384F840300022E26404AD04ABC4E9CD
:101F900011220192029203920D4A8DF80AB007CAEB
:101FA000009485E8070004F1080094F8301001AAB5
:101FB0000546FAF779FD216828460A79FAF76DFD9A
:101FC00060682946FBF7A3FA07B0BDE8F08F000070
:101FD0004C3301082DE9FF411C0005460A9E10D034
:101FE000207A677A636803970096CDE901302378F9
:101FF0002846FFF79BFFE068002802D0002D00D0A4
:102000006864BDE8FF8110B504000AD0FEF7BAFA93
:1020100094F89022002A03D0D4E99823101859414B
:1020200010BD0020014610BD10B5044609480078D7
:1020300018B900F023FFFBF751FD122C01D300204B
:1020400010BD054904EB440001EBC000C07CC0F3A7
:10205000401010BDB80000245860002401EE100AA2
:1020600070EEC00A0120B8EEC11A8840401E21EE71
:10207000201A00EE900AF8EEE01AC1EE210A30EEC6
:10208000800A70472DE9F0418D691E4617460C46BF
:10209000069B1DB1E06932463946A8470020206002
:1020A000BDE8F0812DE9F041122915460F4604469E
:1020B00026D32078AA2823D16078552820D1A0786B
:1020C0001026A8700C21E078E870207928716079DA
:1020D0006871E088E8802089288160896881A0890A
:1020E000A881A01CB4F80E80FBF761FC80451CD1D0
:1020F000AA89B2F5807F03D802F11200B84202D952
:102100000520BDE8F0813AB104F1100105F110009D
:10211000FEF763FCAE891036A989A0190E31068836
:10212000A01CFBF744FC864201D00420E9E7002014
:10213000E7E72DE9F04104464FF0AA0C5520DDE910
:102140000658DDE9087684F800C04FF0010CE17014
:1021500000216070A01D84F802C0227161711946CF
:1021600000F09AFD04F10800294600F095FD04F105
:102170000A00414600F090FDB1B204F10C0000F0FD
:102180008BFD0C21A01CFBF712FC04F10E02014692
:10219000104600F081FD4FF0100547B13EB104F14B
:1021A000100032463946FEF718FC06F11005A91E4C
:1021B000A01CFBF7FCFB0146601900F06DFDA81C9C
:1021C000BDE8F081002210B5C2EBC20303EB42135D
:1021D00000EBC3035C6C5CB1B3F848308B4207D1B1
:1021E000C2EBC20101EB421100EBC100443010BD53
:1021F000521C082AE8D3002010BD436A002B01D0EE
:10220000826A1847704700002DE9FC410546D0F866
:10221000D40C0C46401CC5F8D40C284600F0BCF881
:10222000A860002620890227E8802079012814D0A0
:10223000022804F1100823D003282AD004282DD026
:10224000E1788A0738D5E1882846FFF7BBFF01000F
:1022500030D0A0894346009028E0022200960196E3
:102260001146E388284600F04FF9286808B1012894
:1022700020D128462F60BDE8FC412BA1FFF7BDBF50
:1022800028680128DFD128A128462F60FFF7B5FF75
:10229000D9E7009604220196E3883FE0E1882846CA
:1022A000FFF790FF010005D000230096002228468A
:1022B000FFF7E8FEBDE8FC81D5F8C82AC9074FF052
:1022C00000010AD024E000BF01EB410305EB8303CA
:1022D00093F8083A83420BD0491C8A42F4D8E9E7C4
:1022E00001EB410305EB830393F8083A83420ED1D7
:1022F00001EB4100424605EB8000D0F8101A009136
:10230000D0F80C6A2846A389E188B047D2E7491C77
:102310008A42E5D800960F220196E38802212846DA
:1023200000F0F2F8C6E7000068616E647368616BE4
:10233000655F636F6D706C65746564002DE9F041D5
:102340001D4616460F460446002140F6E442FEF7BD
:1023500065FB002044F82C0B8ECF84E88E00D6E974
:102360000012C4E90412A4F12C0435B11822294644
:1023700004F11400EEF78DF909E040F6B832E2619D
:10238000032184F820106061A06184F821000120FD
:10239000A4F8040ABDE8F081C16B09B1006C0847DC
:1023A000002070472DE9F04100264FF400773346B6
:1023B00000F6CC2510E000BFD0F8CC4CBC4208D2CF
:1023C00011F803C004F1010EC0F8CCEC04F805C00C
:1023D00001E0C0F8CC6C5B1C9342EDD3BDE8F0414A
:1023E000AFF3008070B5C6B0044600F6CC26D0F836
:1023F000CC0C5CE0411E002509E0621992F8CC3A51
:10240000AA2B03D192F8CD2A552A07D06D1CA942D8
:10241000F3D80020C4F8CC0C46B070BD5DB1611992
:10242000421B304601F6CC21FEF7E0FAD4F8CC0C82
:10243000401BC4F8CC0CD4F8CC2C102AECD3B4F844
:10244000D80AB0F5807F00F1120509D9921E3046F6
:1024500004F6CE21FEF7CAFAD4F8CC0C801E24E094
:10246000AA42D9D36A4629463046FFF71BFE10B16F
:10247000042805D00DE069462046FFF7C5FE08E0B8
:10248000D4F8D80C0BA1401CC4F8D80C2046FFF798
:10249000B4FED4F8CC0C611901F6CC21421B3046B5
:1024A000FEF7A4FAD4F8CC0C401BC4F8CC0C1228CC
:1024B000A0D2B1E76372635F6572726F7200000051
:1024C00010B5D0F8C84A102C01D3022010BD04EB7F
:1024D000440400EB840484F8081AD0F8C81A01EB0D
:1024E000410100EB8101C1F80C2AD0F8C81A01EBB8
:1024F000410100EB8101C1F8103AD0F8C81A491C1B
:10250000C0F8C81A002010BDF0B5C9B00446C06AB2
:10251000DDE94E7618B3A0884FF0000C451CA5806D
:10252000CDE9000CCDE9027604A8FFF702FEE36ACC
:1025300004A90546A06B2A469847A84211D1216BF1
:1025400009B1A06B8847D4F8D00C401CC4F8D00C5B
:102550002046FFF721FFE060002049B0F0BD0120D8
:10256000FBE70820F9E71CB5B3F5807F01D905200A
:102570001CBDCDE9002300230A461946FFF7C4FF1E
:102580001CBD00002DE9FF5FB3F5807F894605463D
:10259000DDE90E8B03D9052004B0BDE8F09F0027CC
:1025A0004FEA0700C0EBC00101EB401405EBC4018A
:1025B000496C21B1401C0828F4D30220ECE7C0EBA1
:1025C000C00101EB401105EBC1044434F5D0B5F86E
:1025D000046A701CA5F8040AA888411CA980CDE9EA
:1025E0000007CDE9022304F12000334601214A46C9
:1025F0008246FFF79EFDC4F834010246EB6A51465D
:10260000A86B9847D4F83411814202D00820276083
:10261000C2E7296B09B1A86B884701202060A6801A
:10262000B8F1000084F80690E77184F808B000D192
:10263000E869E0602846FFF7AFFE2061606110980E
:10264000A0611198E061D5F8D00C401CC5F8D00C01
:102650002069E86000209FE72DE9FF410446FFF76D
:102660009BFE064620684FF0000801280BD16069E8
:1026700048B12169711A814205D92FA12046C4F8B9
:102680000080FFF7BAFD0027C7EBC70000EB47103B
:1026900004EBC00555F8440F012831D16869E96899
:1026A000301A81422CD8E879297A884217D2401C06
:1026B000E8716E6105F12001E36AD5F83421A06B61
:1026C0009847216B09B1A06B8847D4F8E00C1FA193
:1026D000401CC4F8E00C2046FFF78FFD10E0D4F852
:1026E000DC0C1CA1401CC4F8DC0C2046FFF785FD67
:1026F0000023294603222046CDF80080FFF7C2FCC4
:102700007F1C082FC0D3A069002813D0216802299C
:1027100010D1E168711A81420CD3E1690023CDE93F
:10272000001803211A462046CDF80880CDF80C8009
:10273000FFF728FFBDE8FF8168616E647368616B15
:10274000655F74696D656F75740000007265747201
:102750007900000074696D656F75740001498860C7
:10276000704700009801002470474FF400707047D4
:10277000002807D0044A00210260C1600449034ACE
:10278000C0E901217047000091280108692701086C
:102790006B27010800F06EB82DE9F04300282FD018
:1027A00000292DD0EFF3108372B64FF00009154ABF
:1027B0004FF480684C461EE0958845450AD35588FD
:1027C0006D1C55805588454501D3A2F80290958827
:1027D0006D1E9580075D1688DFF82CC0751C15806E
:1027E0000CF806701588454501D3A2F8009095882D
:1027F0006D1C9580641C8C42DED3002B00D162B628
:10280000BDE8F083980100247072002470B5174C65
:10281000A0B0A068002827D0EFF3108072B6A2887D
:10282000802A02D98022002101E000210EE0638885
:102830000F4E5D1C6580F35C0DF801306388B3F5C5
:10284000806F01D300236380491C89B29142EED38B
:10285000A188891AA18000B962B6002A04D0A068B4
:102860006946FFF79FFDD7E720B070BD98010024AF
:1028700070720024EFF3108072B6002203490A80C0
:102880004A808A80002800D162B6704798010024EF
:102890002DE9F0410F00164605D026B10D4890F8FD
:1028A0009C02032802D00020BDE8F08100244FF4F0
:1028B00000780AE0301B4546A84200D885B2381996
:1028C0002946EEF7C5FD10B92C44B442F2D3204698
:1028D000EAE700002C7C0024064841888088081A1A
:1028E00000F50060C11700EB51516FF30A01401A67
:1028F00080B270479A020024D0E9013201699A60DF
:10290000D0E901235A604A68824201D182684A6054
:10291000002202610868401E0860086870470000D5
:1029200010B5044C8023046004F154000860136067
:1029300010BD0000441000244FF0FF3300F10801E7
:102940000022C0E901130260C160016170470021EB
:102950000161704730B50B685A1C02D000F10802C3
:1029600002E0026904E02246546825689D42FAD9D3
:1029700053684B6099608A60516008610168491C26
:10298000016030BD42684A6093688B60936859600B
:10299000916008610168491C01607047502080F314
:1029A0001188BFF34F8FBFF36F8F0A494868401CEF
:1029B000486001280CD10848006810F0FF0F07D0CC
:1029C000502080F31188BFF34F8FBFF36F8FFEE766
:1029D000704700007800002404ED00E008494868D2
:1029E00028B1401E486001D180F311887047502003
:1029F00080F31188BFF34F8FBFF36F8FFEE70000A6
:102A00007800002470B500282AD0164DA0F10804E3
:102A100061686869014207D1502080F31188BFF3D3
:102A20004F8FBFF36F8FFEE722683AB1502080F3DB
:102A30001188BFF34F8FBFF36F8FFEE78143616053
:102A400000F0C6F860686968084468602046FEF7D0
:102A5000B1F92869401C2861BDE8704000F07ABADD
:102A600070BD0000580000244FF0E02000210161FB
:102A70004FF47A728161072303490968B1FBF2F1CF
:102A8000491E41610361704714000024020010B523
:102A900014D00F48006B38B1502080F31188BFF379
:102AA0004F8FBFF36F8FFEE700F092F800211046C2
:102AB000FEF720F800F04EFA002807D105494FF044
:102AC00080500860BFF34F8FBFF36F8F10BD0000C1
:102AD0001C00002404ED00E070B504000D460BD08E
:102AE00095B11E4A106BB8B1502080F31188BFF326
:102AF0004F8FBFF36F8FFEE7502080F31188BFF335
:102B00004F8FBFF36F8FFEE7502080F31188BFF324
:102B10004F8FBFF36F8FFEE700F05AF82368D2683B
:102B20005919934204D98B420AD9914202D807E03D
:102B30008B42FAD9881A21600021FDF7DBFF00E003
:102B4000216000F007FA002807D105494FF08050B6
:102B50000860BFF34F8FBFF36F8F70BD1C00002460
:102B600004ED00E010B586B0002405AA04A9039482
:102B700003A80494FFF7D4FEDDE9030100940023C9
:102B8000CDE9011010480EA1059A00F04CF90F494B
:102B90000028C86211D0502080F31188BFF34F8FF6
:102BA000BFF36F8F01224FF0FF3088624A61CC6023
:102BB00006B0BDE8104000F08FB806B010BD0000B0
:102BC00049444C4500000000B90C01081C000024D9
:102BD0000248016B491C0163704700001C0000247F
:102BE0001448016B11B10121C16170470021C1611D
:102BF00011490269B2FA82F2C2F11F0202EB8202AB
:102C000051F822306BB101EB820101F108034A68EF
:102C100052684A609A4201D152684A60D1680160A4
:102C20007047502080F31188BFF34F8FBFF36F8F31
:102C3000FEE700001C000024201E002410B5040044
:102C40002DED048B21D0D4ED008A9FED111ADFED1C
:102C5000110AFDF7ABFBB0EE409AF8F7B7FDF0EEC6
:102C6000400AB0EE490AB0EE608AF9F783F968EEDF
:102C7000280A60EE281A94ED011A40EE410A48EE47
:102C8000011AC4ED000AC4ED011ABDEC048B10BD9D
:102C9000DB0F4940DB0F49C00A0A017042707047E0
:102CA00010B50C4CA088401C80B2A08064280FD3C3
:102CB0000020A080A27861782078F8F75DFC207869
:102CC0006278A178801C2070921D62700B31A17017
:102CD00010BD00008400002437481CB53749026845
:102CE0008A4207D1502080F31188BFF34F8FBFF382
:102CF0006F8FFEE731490068491E884207D1502096
:102D000080F31188BFF34F8FBFF36F8FFEE72C491D
:102D1000FF200A780192087008788DF800009DF86D
:102D200000209DF8000002F0F002824207D05020FF
:102D300080F31188BFF34F8FBFF36F8FFEE79DF8CD
:102D4000002007201F4C02F050022270A06005E016
:102D50009DF8002052008DF80020401E9DF80020B4
:102D60001206F5D40328A06007D0502080F3118804
:102D7000BFF34F8FBFF36F8FFEE74FF44070A0603B
:102D8000019808700C482030016841F4700101601E
:102D9000016841F070410160FFF766FE002060604D
:102DA000EDF728FB0848016841F040410160EDF76C
:102DB0000DFB00201CBD000000ED00E071C20F41C2
:102DC00000E400E07800002434EF00E02DE9FF5F2C
:102DD000994616468A4683469000DDE90E87FEF73F
:102DE00033F805001CD05420FEF72EF8040014D050
:102DF0000020256384F851004B46CDE90087CDE9DA
:102E00000240324651465846FDF786FF2046FDF700
:102E1000A9FE012004B0BDE8F09F2846FFF7F2FDAF
:102E20004FF0FF30F6E7F0B585B0DDE90B740A9D91
:102E3000A7B1DCB154262763022684F8516000272D
:102E400003970DF1100C0095CDE901C4FDF764FF67
:102E50002046FDF787FE049805B0F0BD502080F3B2
:102E60001188BFF34F8FBFF36F8FFEE7502080F3C1
:102E70001188BFF34F8FBFF36F8FFEE70148C06823
:102E8000704700001C0000242DE9F0412F4C206BFE
:102E9000002728B1A069401CA0613846BDE8F08138
:102EA000E668761CE66013D1606B006838B150208C
:102EB00080F31188BFF34F8FBFF36F8FFEE7606B16
:102EC000A16B6163A063206A401C2062FDF798FF3C
:102ED000DFF87C80A06A864209D3606B0068A0B1ED
:102EE000606BC068C5686868864211D2A0622068BD
:102EF000C06A00EB800158F82100012800D90127A1
:102F0000E0690028C9D00127C7E74FF0FF30EDE79F
:102F1000281DFFF7F1FCA86A18B105F11800FFF7AA
:102F2000EBFCE96A0120226988401043206101EB33
:102F3000810108EB8100291DFFF724FD2068E96A63
:102F4000C06A8142C9D30127C7E700001C000024E2
:102F5000201E00242DE9F0472C4D286B0024264626
:102F600038B1FFF71BFD286B401E2863286B40B16A
:102F700047E0502080F31188BFF34F8FBFF36F8F6E
:102F8000FEE7234F0120A968D9B3A7F1B409804611
:102F90003868E8B1F868C46804F11800FFF7ACFCC1
:102FA000201DFFF7A9FCE16A2A6908FA01F0104325
:102FB000286101EB810109EB8100211DFFF7E2FC93
:102FC0002968E06AC96A8842E2D3C5F81C80DFE755
:102FD0000CB1FDF715FFAC6944B14746FFF754FF4C
:102FE00000B1EF61641EF9D10020A861E86940B129
:102FF000084901264FF080500860BFF34F8FBFF3A0
:103000006F8FFFF7EBFC3046BDE8F0871C00002413
:10301000D41E002404ED00E04FF04070E1EE100AF1
:1030200070470000F10A01080000000000000000E5
:1030300000000000B80B00000300000000000000CA
:1030400000000000B8370108B58A00080000000041
:1030500000000000800000000000000000000000F0
:10306000C437010899C500080000000000000000F6
:10307000000100000000000000000000D837010837
:1030800055DB0008FEFFFFFF00000000800000008D
:103090000000000000000000D0370108A9D300089C
:1030A000020000000000000000030000000000001B
:1030B00000000000000610160006101600010203B2
:1030C00004050607080C101418203040000000000A
:1030D00000000000000000000000000000000000F0
:1030E00001000000020000000300000004000000D6
:1030F00000000000050000000000000000000000CB
:1031000000000000060000000000000000000000B9
:10311000000000000700000001000200040006009B
:1031200008000A000C001000200040008000000190
:103130000101010307010000080402040801010164
:10314000000000000102030401020304060708094D
:10315000E8036400D0076400B80BC800E80332003D
:1031600000000000A00F640000003200000000001A
:10317000D0072C0100006400A00FC800000064000C
:10318000A00F900100000000A00F6400B80B6400C5
:10319000D0076400E803C80000000000A00F64002E
:1031A00000003200A00F640088139600A00FC80032
:1031B00000000000E0370108F1F8000802000000FC
:1031C00000000000000400000000000000000000FB
:1031D000EC370108F10F0108FEFFFFFF00000000BF
:1031E000000100000000000000000000F8370108A6
:1031F0009D020108FEFFFFFF00000000000100002B
:103200000000000000000000ABAA2A3EABAAAA3EC4
:103210000AD7A33D6F12033B0000000000004844A2
:103220000AD7A33D0000A0411E00000011000A00C3
:1032300000000C000A0000000B000A0000000A0059
:103240000A00000009000200030010000200030051
:103250000F00020003000E00020003000D000A0030
:103260000A0008000200030004000200030003003B
:103270000200030007000500050007002800C80041
:1032800007006400640005000A000A0007006400EB
:103290006400010001020000E51E010800000000BA
:1032A000040300000000000003000000E803000029
:1032B000010100000000000001EC00080000000017
:1032C0000A0000000DF2000839F20008DDF10008E4
:1032D000C1F2000800000000000000000000010032
:1032E00000000000951E0108000000000000000022
:1032F0000438010891D50008FFFFFFFF000000001F
:10330000800200000000000000000000010000003A
:103310000000000000000000CD0501087108010850
:10332000000000000000000000000000000000009D
:10333000000200000100000000000000000000008A
:103340005BC700080000000000000000D106010873
:10335000C908010800000000005EBCE2613FDD8397
:10336000C29C7E20A3FD1F419DC3217FFCA2401E65
:103370005F01E3BD3E6082DC237D9FC1421CFEA055
:10338000E1BF5D0380DE3C62BEE0025CDF81633D45
:103390007C22C09E1D43A1FF4618FAA427799BC535
:1033A00084DA3866E5BB5907DB856739BAE4065825
:1033B0001947A5FB7826C49A653BD987045AB8E615
:1033C000A7F91B45C6987A24F8A6441A99C7257B05
:1033D0003A6486D85B05E7B98CD2306EEDB3510FF5
:1033E0004E10F2AC2F7193CD114FADF3702ECC92E5
:1033F000D38D6F31B2EC0E50AFF1134DCE90722CD5
:103400006D33D18F0C52B0EE326C8ED0530DEFB1C4
:10341000F0AE4C1291CF2D73CA947628ABF51749B4
:103420000856B4EA6937D58B5709EBB536688AD4A4
:1034300095CB2977F4AA4816E9B7550B88D6346A94
:103440002B7597C94A14F6A8742AC896154BA9F784
:10345000B6E80A54D7896B350000891112239B32D4
:103460002446AD573665BF74488CC19D5AAFD3BE54
:103470006CCAE5DB7EE9F7F88110080193331A2264
:10348000A5562C47B7753E64C99C408DDBBF52AE34
:10349000EDDA64CBFFF976E802218B301002991344
:1034A0002667AF763444BD554AADC3BC588ED19F14
:1034B0006EEBE7FA7CC8F5D983310A209112180324
:1034C000A7772E66B5543C45CBBD42ACD99E508FF4
:1034D000EFFB66EAFDD874C904428D5316619F70F4
:1034E0002004A9153227BB364CCEC5DF5EEDD7FCD4
:1034F0006888E1997AABF3BA85520C4397711E60E4
:10350000A1142805B3373A26CDDE44CFDFFD56ECB3
:10351000E9986089FBBB72AA06638F7214409D51C3
:103520002225AB343006B9174EEFC7FE5CCCD5DD93
:103530006AA9E3B8788AF19B87730E6295501C41A3
:10354000A3352A24B1163807CFFF46EEDDDC54CD73
:10355000EBB962A8F99A708B088481951AA793B683
:103560002CC2A5D33EE1B7F04008C919522BDB3A73
:10357000644EED5F766DFF7C899400859BB712A643
:10358000ADD224C3BFF136E0C1184809D33B5A2A53
:10359000E55E6C4FF77D7E6C0AA583B41886919723
:1035A0002EE3A7F23CC0B5D14229CB38500AD91B33
:1035B000666FEF7E744CFD5D8BB502A49996108703
:1035C000AFF326E2BDD034C1C3394A28D11A580B13
:1035D000E77F6E6EF55C7C4D0CC685D71EE597F4D3
:1035E0002880A1913AA3B3B2444ACD5B5669DF78F3
:1035F000600CE91D722FFB3E8DD604C79FF516E4C3
:10360000A9902081BBB332A2C55A4C4BD7795E68D2
:10361000E11C680DF33F7A2E0EE787F61CC495D5A2
:103620002AA1A3B03882B193466BCF7A5448DD59B2
:10363000622DEB3C700EF91F8FF706E69DD414C582
:10364000ABB122A0B9923083C77B4E6AD5585C4992
:10365000E33D6A2CF11E780F00000000000000001E
:103660000000B33FB2BE7D3A00002E40DFCF51389C
:1036700000007E40BF51FABA00E0A44019DAC3BA94
:1036800000E0C840C2ED8AB90040EB40CD1F2CBA23
:10369000001006412AFFFABA00C01541DFCFD1372A
:1036A00000D024419A97703A0050334189478E36B2
:1036B00000404141E75B9D3800B04E41C00A98B9D7
:1036C00000A05B41558F943A00306841DA92C0BA4D
:1036D0000040744162B3C63A0000803F00A0853FBD
:1036E00000908B3F00C0913F0030983F00F09E3F1C
:1036F00000F0A53F0050AD3F0000B53F0000BD3FCA
:103700000060C53F0020CE3F0040D73F00C0E03FF3
:1037100000C0EA3F0020F53F000000007D36AC39D4
:103720007D3C3839EBDCF438320A7E39124C2639CC
:103730009B6AED39A4EE83397F661E39F6398A39E2
:103740002B426539A48211395B991F39C3EECD39FB
:10375000DDE7C637A5A22F390000803FC3AA853F09
:10376000C2958B3FD3C3913FF037983F32F59E3FD0
:10377000D7FEA53F3F58AD3FF304B53FA408BD3F7A
:103780002A67C53F8C24CE3FFD44D73FDFCCE03FC6
:10379000C7C0EA3F7D25F53F000000006E83F9A217
:1037A0002915444ED15727FCC0DD34F5999562DBCD
:1037B0004190433CAB6351FE64656661756C745423
:1037C00061736B006175746F5F61696D000000006B
:1037D0006368617373697300646574656374000082
:1037E00067696D62616C5461736B0000736572761A
:1037F0006963655461736B006C69676874546173C5
:103800006B000000434F4D4D5F41505000000000E1
:10381000009850404138534300705040DF6D53438F
:10382000005C5040DF6D5343005C50407CA3534329
:10383000005C50407CA35343008450401AD953434A
:1038400000D450401AD9534300E85040B80E5443B6
:10385000000B5140B80E544300E35040B80E54439F
:1038600000FC50405001544300E85040B80E54430F
:1038700000E85040B80E544300E8504056445443CA
:1038800000E850405644544300FC50402AA25443A0
:1038900000E8504091AF544300E85040FEFF5443CD
:1038A00000E850409C35554300E850403A6B554382
:1038B00000FC5040D8A0554300FC5040B141564355
:1038C00000D45040B141564300CF50404A34564393
:1038D00000245140130C5643001051404F7756437B
:1038E00000AC50404F77564300985040EDAC5643E3
:1038F00000D45040EDAC564300D45040EDAC56439C
:1039000000D45040EDAC564300705040EDAC5643EF
:1039100000485040EDAC564300BB5040EDAC564320
:1039200000845040EDAC5643008450408BE2564337
:1039300000D450402818574300845040281857435B
:1039400000C0504095685743007F5040339E574316
:1039500000935040D1D3574300D45040D1D3574364
:1039600000F750406F09584300D450406F09584346
:1039700000D450406F09584300D45040AA745843B3
:1039800000FC5040AA74584300C05040AA745843E9
:1039900000D45040AA74584300E85040436758434D
:1039A00000985040AA74584300D45040AA74584319
:1039B00000C05040AA74584300A75040AA7458430E
:1039C00000705040E09C58430084504048AA58433F
:1039D0000098504048AA584300705040E6DF5843D2
:1039E00000485040E6DF5843004850408415594392
:1039F000002050408415594300205040BA3D59439F
:103A0000002F5040224B594300F84F40224B59435E
:103A100000F84F40224B594300F84F40224B594386
:103A200000D04F40BF80594300BC4F402CD1594378
:103A300000D04F402CD1594300D04F40CA065A43C2
:103A400000D04F40002F5A4300E44F40683C5A4397
:103A500000E44F4006725A430020504006725A4319
:103A600000205040A4A75A4300F84F4006725A4322
:103A7000001B5040A4A75A430020504041DD5A4348
:103A800000F84F40DF125B4300205040DF125B43E1
:103A900000F84F407D485B4300A84F40163B5B4316
:103AA00000F34F407D485B4300F84F407D485B4347
:103AB000003450407D485B43008450407D485B4368
:103AC000008450407D485B4300D45040B4705B4359
:103AD00000AC50401B7E5B43009350401B7E5B4319
:103AE00000AC5040B4705B43007050401B7E5B43A1
:103AF000008450401B7E5B4300935040B9B35B434E
:103B000000C05040B9B35B4300E85040B9B35B43D9
:103B100000E85040B9B35B4300E35040C3395C4315
:103B200000E85040616F5C4300D45040FA615C4350
:103B300000FC5040616F5C430084504098975C43A8
:103B400000E85040FFA45C4300D45040FFA45C4315
:103B500000E850409DDA5C4300FC50409DDA5C4335
:103B600000FC504071385D43004C5140D8455D43E6
:103B700000FC5040767B5D4300845040D8455D4357
:103B8000009850403B105D4300845040D8455D4351
:103B900000985040767B5D4300705040767B5D43DB
:103BA00000205040767B5D4300705040767B5D4343
:103BB00000485040D8455D4300205040D8455D4303
:103BC00000205040D8455D430034504014B15D435F
:103BD00000F84F4014B15D4300D04F404AD95D43D7
:103BE00000944F404AD95D4300804F40E80E5E4349
:103BF00000A84F40B2E65D4300BC4F40501C5E43FE
:103C000000D04F404AD95D4300D04F40B2E65D43FB
:103C100000DF4F4014B15D4300A84F40B2E65D4362
:103C200000D04F40B2E65D4300804F40501C5E43E1
:103C300000944F40501C5E4300A84F40B2E65D43E5
:103C400000E44F40501C5E4300D04F40501C5E4388
:103C500000F84F40B2E65D4300BC4F40B2E65D4322
:103C600000A84F40501C5E43007B4F40501C5E43F9
:103C700000804F40BC6C5E43006C4F405AA25E43D4
:103C800000A84F405AA25E4300BC4F405AA25E4378
:103C900000F84F40F8D75E43000750405AA25E43F9
:103CA00000A84F40F8D75E4300F84F40F8D75E4376
:103CB00000F84F40F8D75E4300E44F40F8D75E432A
:103CC00000F84F40F8D75E43002050402E005F437D
:103CD00000345040F8D75E43005C5040960D5F437F
:103CE00000205040960D5F4300E44F402E005F439C
:103CF000005C5040F8D75E4300485040960D5F434B
:103D0000005C504034435F4300935040960D5F4346
:103D10000098504034435F4300D4504034435F43E5
:103D20000093504034435F4300AC5040D2785F432F
:103D300000AC50406A6B5F43005C5040D2785F43F8
:103D40000098504034435F4300D4504034435F43B5
:103D500000E8504034435F4300D4504034435F4355
:103D60000024514034435F4300FC504034435F43E0
:103D70000024514034435F43004C5140960D5F4353
:103D8000004C5140960D5F4300E85040960D5F4354
:103D90000024514034435F430024514034435F4387
:103DA0000024514034435F430038514034435F4363
:103DB00000975140960D5F4300C4514034435F4328
:103DC00000EC514034435F430074514034435F433F
:103DD0000024514034435F430024514034435F4347
:103DE000006051406A6B5F4300D45040D2785F431B
:103DF00000385140D2785F4300245140D2785F436D
:103E0000003851406FAE5F4300FC5040D2785F43B2
:103E100000E85040D2785F4300245140D2785F439D
:103E2000003851406FAE5F43002451406FAE5F4396
:103E3000002451406FAE5F43006F5140AB196043A7
:103E400000245140AB19604300245140AB1960433A
:103E500000105140494F604300245140494F604396
:103E600000245140494F6043001051408077604327
:103E700000FC5040E784604300335140E7846043D6
:103E800000835140E78460430038514053D560437C
:103E90000060514053D5604300885140E78460433F
:103EA0000024514053D560430074514053D56043C2
:103EB000006051408F40614300EC51408F406143AE
:103EC000006F51402D766143009C51408F4061430B
:103ED000009C51402D76614300605140C6686143AB
:103EE000008851408F406143009C51402D766143D2
:103EF00000C451402D76614300385140CBAB614343
:103F000000885140CBAB6143009C5140CBAB614337
:103F100000D85140CBAB614300C4514069E16143DB
:103F20000000524069E1614300145240CBAB614351
:103F30000028524002D461430037524069E1614396
:103F40000028524069E1614300EC5140CBAB614332
:103F500000D8514069E1614300745140CBAB6143EB
:103F6000009C514002D4614300C4514069E1614367
:103F70000028524069E1614300D351400617624373
:103F8000000F52400617624300B05140A44C6243F8
:103F900000BF5140A44C6243009C5140E0B76243D3
:103FA00000885140E0B76243009C51407EED62437F
:103FB00000885140EA3D634300385140EA3D634385
:103FC000001F5140EA3D634300245140887363431E
:103FD0000038514026A9634300F7504026A96343A7
:103FE00000D4504026A9634300485040C4DE6343D8
:103FF00000435040C4DE63430034504062146443C5
:1040000000BC4F40004A644300E44F40004A644310
:1040100000B40240B88EF742003C0240F3F9F74288
:10402000001402402F65F84200280240F3F9F742DD
:10403000002802406BD0F842002802406BD0F842C2
:10404000000002406BD0F842D06602406BD0F842CC
:10405000D03E0240A63BF94200640240A63BF94232
:10406000008C0240A63BF94200640240E2A6F942FD
:1040700000640240E2A6F942003C0240E2A6F94296
:1040800000A00240E2A6F94200500240E2A6F94236
:1040900000A00240F6B5F94200C80240E2A6F9428B
:1040A00000040340E2A6F94200DC0240E2A6F94225
:1040B000D0B60240E2A6F942D0A202401E12FA4255
:1040C000002C03401E12FA4200B402401E12FA42B3
:1040D00000C802401E12FA42000403403221FA4294
:1040E00000040340597DFA42D0F20240597DFA4261
:1040F00000C80240597DFA4200500240597DFA4200
:1041000000500240331EFB4200B40240331EFB420B
:10411000D06602406E89FB4200B40240331EFB426F
:10412000D07A02406E89FB4200A002406E89FB42B9
:10413000005002406E89FB42D07A02406E89FB42F9
:1041400000C802406E89FB42003C02406E89FB427F
:10415000D06602406E89FB42006402406E89FB42D9
:10416000003C0240AAF4FB4200640240AAF4FB4275
:1041700000140240AAF4FB4200640240AAF4FB428D
:10418000003C0240AAF4FB42003C0240AAF4FB427D
:10419000D0020240AAF4FB4200EC0140AAF4FB4228
:1041A00000C40140AAF4FB42009C0140AAF4FB4277
:1041B00000140240AAF4FB4200640240AAF4FB424D
:1041C000D0EE0140E65FFC42D0DA0140E65FFC42FF
:1041D000D0DA0140E65FFC4200B0014021CBFC4256
:1041E00000D8014021CBFC42D0B2014035DAFC427C
:1041F00000D801405D36FD4200C4014099A1FD4256
:1042000000D80140D40CFE4200D8014099A1FD42E3
:10421000D08A0140D40CFE42D0DA0140D40CFE42D8
:1042200000D80140D40CFE4200B001401078FE429C
:10423000004C01401078FE4200B00140E81BFE42F5
:1042400000C401401078FE42D08A01401078FE423E
:1042500000C401404CE3FE4200B001404CE3FE428A
:1042600000880140874EFF4200EC0140874EFF422C
:1042700000EC01402665FF4200C4014061EFFF42AF
:10428000D0DA014061EFFF4200C401404E2D0043EF
:10429000006001404E2D004300740140D8340043BB
:1042A000D04E0140EC62004300380140766A004382
:1042B000D06201408A980043007401408A9800430C
:1042C0000074014028CE00430060014028CE004326
:1042D0000060014028CE0043D08A014028CE004330
:1042E00000740140C6030143D03A0140C6030143B4
:1042F00000B0014063390143004C0140C603014353
:1043000000740140C6030143004C0140633901437E
:10431000002401406339014300FC0040016F014368
:1043200000FC0040016F014300980040016F014311
:1043300000D40040016F0143D09A00409FA4014384
:1043400000700040016F014300980040016F01437D
:10435000D05E00408B760143005C00408B760143C9
:1043600000340040016F0143002000409FA401433E
:10437000000C00409FA4014300C8FF3F9FA40143DD
:104380000028FF3F9FA401430088FE3F3DDA014320
:10439000A065FE3F3DDA01430060FE3F9FA401435C
:1043A00000B0FE3F3DDA0143A005FF3F3DDA014387
:1043B0000060FE3F3DDA01430038FE3F3DDA014335
:1043C0000038FE3F3DDA014300E8FD3F3DDA01439E
:1043D0000010FE3FAA2A0243A0ADFC3FAA2A0243D6
:1043E0000080FC3FAA2A02430008FC3F343202430B
:1043F0000030FC3FE59502430080FC3FE595024319
:104400000008FC3F6F9D02430008FC3FE595024316
:10441000A0BDFB3F83CB02430008FC3F83CB02439C
:104420000068FB3F83CB02430090FB3F83CB0243FA
:104430000068FB3F21010343A06DFB3F21010343C3
:104440000030FC3F210103430090FB3FBF36034394
:1044500000E0FB3F5D6C03430068FB3F5D6C034382
:10446000A0BDFB3FFAA103430040FB3F5D6C03434B
:104470000068FB3F5D6C03430068FB3F5D6C0343DA
:104480000008FC3F5D6C03430090FB3F493E034343
:104490000018FB3FBF36034300B8FB3FAB080343A4
:1044A0000040FB3F2101034300F0FA3F83CB02436E
:1044B00000C8FA3F21010343A0CDFA3FBF360343B2
:1044C00000C8FA3F2101034300C8FA3FBF36034347
:1044D0000018FB3F5D6C034300C8FA3F5D6C03436B
:1044E00000A0FA3FFAA103430068FB3FFAA103438F
:1044F000A01DFB3F5D6C03430078FA3FFAA1034324
:1045000000C8FA3FFAA1034300F0FA3F5D6C034391
:10451000A0A5FA3F5D6C03430050FA3FFAA10343A4
:1045200000C8FA3FFAA103430078FA3F98D7034343
:1045300000A0FA3F98D7034300A0FA3F360D04438A
:104540000050FA3F360D04430018FB3F360D04437C
:1045500000A0FA3FD442044300C8FA3FC014044309
:104560000078FA3FD44204430018FB3FD44204438E
:1045700000A0FA3FD44204430068FB3F4193044348
:104580000068FB3FDEC804430008FC3F419304433E
:1045900000E0FB3FDEC80443A09DFD3FDEC80443AE
:1045A000A0FDFC3FDEC80443A0ADFC3F7CFE0443FD
:1045B0000008FC3F7CFE0443A0E5FB3F7CFE044377
:1045C0000080FC3F7CFE0443A0ADFC3FDEC80443FA
:1045D00000F8FC3F7CFE04430080FC3F7CFE04436B
:1045E0000048FD3F7CFE0443A0ADFC3F1A34054368
:1045F000A0ADFC3F1A340543A0D5FC3F1A34054357
:104600000070FD3FB869054300D0FC3F1A340543F4
:104610000080FC3FB8690543A0ADFC3FB869054385
:104620000020FD3FB86905430020FD3FB869054300
:1046300000A8FC3F569F054300A8FC3F569F05433A
:104640000030FC3F569F05430030FC3FF4D4054347
:104650000030FC3FF4D405430008FC3FF4D405438C
:104660000080FC3FF4D4054300D0FC3FF4D4054364
:104670000048FD3FF4D4054300C0FD3FF4D405439A
:10468000A09DFD3F7EDC05430098FD3F910A064357
:1046900000C0FD3F2F40064300D0FC3F2F400643A3
:1046A00000A8FC3FCD7506430048FD3FCD7506438D
:1046B0000048FD3F577D064300E8FD3FCD750643AA
:1046C0000010FE3FCD7506430038FE3FCD75064312
:1046D0000098FD3FCD75064300E8FD3FCD750643CC
:1046E0000010FE3FCD7506430038FE3F6BAB06431E
:1046F0000038FE3F6BAB06430060FE3FCD750643BE
:104700000060FE3F6BAB06430028FF3F6BAB0643E8
:104710000000FF3F6BAB064300F0FF3F6BAB06436F
:1047200000D8FE3F6BAB064300A0FF3F6BAB0643D8
:10473000A0A5FF3F6BAB064300C8FF3FCD75064306
:104740000028FF3F577D064300D8FE3FCD75064346
:10475000A065FE3FCD7506430038FE3FCD7506438C
:104760000010FE3FB947064300C0FD3F2F400643FF
:104770000070FD3F2F400643A0EDFD3FCD75064381
:104780000038FE3FCD7506430038FE3FCD75064329
:104790000098FD3FCD75064300C0FD3F6BAB06435F
:1047A0000038FE3F6BAB064300C0FD3FCD750643AE
:1047B00000D0FC3FCD75064300D0FC3FCD750643CD
:1047C000A0BDFB3F6BAB06430030FC3F6BAB064329
:1047D0000030FC3F6BAB06430008FC3FD8FB0643B0
:1047E00000A8FC3F753107430018FB3F75310743B4
:1047F00000F0FA3F1367074300F0FA3F13670743DF
:10480000A0A5FA3F9D6E0743A065F93FB19C074301
:1048100010400108103801080001000002000000EB
:1048200015000000BEC5FAC0010000000200000033
:10483000000000C02D000000DF59AEC003000000E2
:1048400004000000000000C013000000E020C84089
:104850000500000006000000000000C01500000078
:10486000374A0FC10700000008000000000000C028
:104870002D000000E0B465BF090000000A00000040
:10488000000000C01400000064D88DC00B000000C0
:104890000C000000000000C02D0000009D602A40B8
:1048A0000D0000000E000000000000C0220000000B
:1048B0006409A4400F00000010000000000000C0C8
:1048C00012000000840F7EC01100000012000000E2
:1048D000000000C0150000009E951CC113000000E0
:1048E00014000000000000C02D000000A0E1A43F63
:1048F0001500000016000000000000C02D000000A0
:104900002874B5C01700000018000000000000C0A7
:104910002D000000A5CBE040190000001A000000A7
:10492000000000C02D0000003B09503E1B000000AD
:104930001C000000000000C0150000003270C340E1
:104940001D0000001E000000000000C0FEFFFFFF71
:10495000000000C0FFFFFFFFFFFFFFFF0E4F894178
:10496000FEFFFFFF000000C0FFFFFFFFFFFFFFFF94
:104970006A8FA041FEFFFFFF000000C0FFFFFFFFA6
:10498000FFFFFFFFC6F74A41FEFFFFFF000000C028
:10499000FFFFFFFFFFFFFFFF73DA9441FEFFFFFF02
:1049A000000000C0FFFFFFFFFFFFFFFFD5A557413D
:1049B000FEFFFFFF000000C0FFFFFFFFFFFFFFFF44
:1049C000378DEB40FEFFFFFF000000C0FFFFFFFF41
:1049D000FFFFFFFFFD4D0640FEFFFFFF000000C090
:1049E000FFFFFFFFFFFFFFFFB16617C0FEFFFFFFE6
:1049F000000000C0FFFFFFFFFFFFFFFFA96C1A418F
:104A0000FEFFFFFF000000C0FFFFFFFFFFFFFFFFF3
:104A10004BEC2540FEFFFFFF000000C0FFFFFFFF43
:104A2000FFFFFFFF989BDA3FFEFFFFFF000000C083
:104A3000FFFFFFFFFFFFFFFF203CCF40FEFFFFFF18
:104A4000000000C0FFFFFFFFFFFFFFFFE602304056
:104A5000FEFFFFFF000000C0FFFFFFFFFFFFFFFFA3
:104A60006D6DF440FEFFFFFF000000C0FFFFFFFF81
:104A7000FFFFFFFFF3BBF440FEFFFFFF000000C09D
:104A8000FFFFFFFFFFFFFFFFF6AD654114000000D1
:104A9000E940F4C02000000021000000000000C038
:104AA000150000009E951CC122000000230000009C
:104AB000000000C0130000009841A5402400000041
:104AC00025000000000000C02D00000047328BC010
:104AD0002600000027000000000000C02D0000009C
:104AE000B4BEB2C02800000029000000000000C0D1
:104AF0002D000000E6C21BC12A0000002B000000B0
:104B0000000000C02D00000006EEC93F2C00000090
:104B10002D000000000000C016000000572FC3C089
:104B20002E0000002F000000000000C02D0000003B
:104B3000801D32C03000000031000000000000C0C5
:104B40001600000034FA4E3F32000000330000002F
:104B5000000000C01600000090711BC1340000006E
:104B600035000000000000C0160000007F5B36C06A
:104B70003600000037000000000000C027000000E1
:104B8000FFFF1EC13800000039000000000000C017
:104B90002D00000049F3E1BE3A0000003B00000098
:104BA000000000C016000000294FE2403C00000059
:104BB0003D000000000000C0FEFFFFFF000000C03D
:104BC000FFFFFFFFFFFFFFFFA8F08D41FEFFFFFF8C
:104BD000000000C0FFFFFFFFFFFFFFFF5C0200417E
:104BE000FEFFFFFF000000C0FFFFFFFFFFFFFFFF12
:104BF0004B783741FEFFFFFF000000C0FFFFFFFFC3
:104C0000FFFFFFFFFC5FB540FEFFFFFF000000C09D
:104C1000FFFFFFFFFFFFFFFF7E4A3741FEFFFFFF61
:104C2000000000C0FFFFFFFFFFFFFFFF323F60C13A
:104C3000FEFFFFFF000000C0FFFFFFFFFFFFFFFFC1
:104C40000A7B3441FEFFFFFF000000C0FFFFFFFFB3
:104C5000FFFFFFFF079AA940FEFFFFFF000000C013
:104C6000FFFFFFFFFFFFFFFFC3162141FEFFFFFF16
:104C7000000000C0FFFFFFFFFFFFFFFFBF3210403B
:104C8000FEFFFFFF000000C0FFFFFFFFFFFFFFFF71
:104C90000F7010C0FEFFFFFF000000C0FFFFFFFF0E
:104CA000FFFFFFFF4A58CB3FFEFFFFFF000000C0A1
:104CB000FFFFFFFFFFFFFFFF9ADCB83FFEFFFFFF94
:104CC000000000C0FFFFFFFFFFFFFFFFF25598400D
:104CD000FEFFFFFF000000C0FFFFFFFFFFFFFFFF21
:104CE00063E0FA40FEFFFFFF000000C0FFFFFFFF90
:104CF000FFFFFFFF6C49604115000000586C95C034
:104D00003F00000040000000000000C02D00000037
:104D10004B80A6C04100000042000000000000C01F
:104D2000140000000B92A540430000004400000066
:104D3000000000C016000000E99B05C1450000000E
:104D400046000000000000C02D0000008B161BC0B4
:104D50004700000048000000000000C02D000000D7
:104D600053A62DC1490000004A000000000000C009
:104D70002D0000000C78BD3F4B0000004C000000EF
:104D8000000000C02D000000B0C9C9C04D000000E7
:104D90004E000000000000C0160000002024A6C045
:104DA0004F00000050000000000000C0160000008E
:104DB0005E430DC15100000052000000000000C021
:104DC0002D000000A0E1A43F5300000054000000AB
:104DD000000000C0160000004A93D3BF5500000039
:104DE00056000000000000C02D000000C584814076
:104DF0005700000058000000000000C02D00000017
:104E0000677D25C0590000005A000000000000C066
:104E100016000000967D5E405B0000005C00000014
:104E2000000000C0FEFFFFFF000000C0FFFFFFFF0B
:104E3000FFFFFFFF29718641FEFFFFFF000000C05A
:104E4000FFFFFFFFFFFFFFFF75745D41FEFFFFFFE8
:104E5000000000C0FFFFFFFFFFFFFFFF312B2741D6
:104E6000FEFFFFFF000000C0FFFFFFFFFFFFFFFF8F
:104E7000A8A9E340FEFFFFFF000000C0FFFFFFFF07
:104E8000FFFFFFFFCB142341FEFFFFFF000000C028
:104E9000FFFFFFFFFFFFFFFF2D556340FEFFFFFFFA
:104EA000000000C0FFFFFFFFFFFFFFFF6FFB883F19
:104EB000FEFFFFFF000000C0FFFFFFFFFFFFFFFF3F
:104EC00054CE3DC0FEFFFFFF000000C0FFFFFFFF0C
:104ED000FFFFFFFF0D84D340FEFFFFFF000000C077
:104EE000FFFFFFFFFFFFFFFF2BB8993FFEFFFFFF14
:104EF000000000C0FFFFFFFFFFFFFFFFA02A523F9F
:104F0000FEFFFFFF000000C0FFFFFFFFFFFFFFFFEE
:104F10008CD63940FEFFFFFF000000C0FFFFFFFFFF
:104F2000FFFFFFFF04C251C0FEFFFFFF000000C0F3
:104F3000FFFFFFFFFFFFFFFFD6665040FEFFFFFFB2
:104F4000000000C0FFFFFFFFFFFFFFFF19ABA33F03
:104F5000FEFFFFFF000000C0FFFFFFFFFFFFFFFF9E
:104F60007D341D4115000000586C95C05E000000A6
:104F70005F000000000000C02D000000CAAC9FC010
:104F80006000000061000000000000C0130000008D
:104F90006593A0406200000063000000000000C0B4
:104FA00016000000E99B05C16400000065000000D8
:104FB000000000C02D00000043CA06C066000000CB
:104FC00067000000000000C02D00000053A62DC1A6
:104FD0006800000069000000000000C02D00000013
:104FE000B79902406A0000006B000000000000C09A
:104FF0002D000000B3FDD2C06C0000006D00000069
:10500000000000C0160000002024A6C06E000000B2
:105010006F000000000000C0160000006BF0DDC053
:105020007000000071000000000000C02D000000B2
:1050300060FBD73F7200000073000000000000C05A
:1050400016000000258701C07400000075000000F4
:10505000000000C02D000000A5CBE040760000005D
:1050600077000000000000C02D00000049F3E1BE01
:105070007800000079000000000000C01600000069
:1050800055A658407A0000007B000000000000C0D8
:10509000FEFFFFFF000000C0FFFFFFFFFFFFFFFF5D
:1050A000D65B6F41FEFFFFFF000000C0FFFFFFFF68
:1050B000FFFFFFFF03194641FEFFFFFF000000C096
:1050C000FFFFFFFFFFFFFFFF4FAA1141FEFFFFFFA2
:1050D000000000C0FFFFFFFFFFFFFFFF3DF1C640E4
:1050E000FEFFFFFF000000C0FFFFFFFFFFFFFFFF0D
:1050F000108BBF40FEFFFFFF000000C0FFFFFFFF5F
:10510000FFFFFFFFE61D1240FEFFFFFF000000C093
:10511000FFFFFFFFFFFFFFFF4FA4463FFEFFFFFF24
:10512000000000C0FFFFFFFFFFFFFFFF70404DC00A
:10513000FEFFFFFF000000C0FFFFFFFFFFFFFFFFBC
:10514000B134CC40FEFFFFFF000000C0FFFFFFFFB7
:10515000FFFFFFFF0F0CA23FFEFFFFFF000000C09C
:10516000FFFFFFFFFFFFFFFFBD62603FFEFFFFFF8E
:10517000000000C0FFFFFFFFFFFFFFFFF7359E406D
:10518000FEFFFFFF000000C0FFFFFFFFFFFFFFFF6C
:105190007E97663FFEFFFFFF000000C0FFFFFFFF9E
:1051A000FFFFFFFFA7F28140FEFFFFFF000000C0EE
:1051B000FFFFFFFFFFFFFFFF2ECEC93FFEFFFFFFF8
:1051C000000000C0FFFFFFFFFFFFFFFF294310416A
:1051D00015000000BF4FF3C07D0000007E000000FE
:1051E000000000C02C0000002D0CB2C07F000000A9
:1051F00080000000000000C012000000A46FBE404C
:105200008100000082000000000000C016000000C5
:10521000D6A100C18300000084000000000000C08F
:10522000160000003AFA2EC185000000860000003A
:10523000000000C01600000045F93FC087000000D4
:1052400088000000000000C0160000001FE0F840C9
:10525000890000008A000000000000C01600000065
:105260003AFA2EC18B0000008C000000000000C044
:105270002C000000F87E00C18D0000008E000000B0
:10528000000000C010000000523C8E408F00000063
:1052900090000000000000C02C0000007D91C73F7E
:1052A0009100000092000000000000C02C000000EF
:1052B000EB88C4C09300000094000000000000C010
:1052C0002C000000E63EBB3D95000000960000006B
:1052D000000000C02C000000BDEE30409700000030
:1052E00098000000000000C02C000000F61A11C059
:1052F000990000009A000000000000C0FEFFFFFFC0
:10530000000000C0FFFFFFFFFFFFFFFFBDE9664198
:10531000FEFFFFFF000000C0FFFFFFFFFFFFFFFFDA
:105320001AB14441FEFFFFFF000000C0FFFFFFFF76
:10533000FFFFFFFFBA181D41FEFFFFFF000000C086
:10534000FFFFFFFFFFFFFFFF0710DD40FEFFFFFF36
:10535000000000C0FFFFFFFFFFFFFFFFA1FE414174
:10536000FEFFFFFF000000C0FFFFFFFFFFFFFFFF8A
:105370005CAD053EFEFFFFFF000000C0FFFFFFFF2A
:10538000FFFFFFFF07C19440FEFFFFFF000000C0CA
:10539000FFFFFFFFFFFFFFFF9DF89FBDFEFFFFFF29
:1053A000000000C0FFFFFFFFFFFFFFFF0977D840AD
:1053B000FEFFFFFF000000C0FFFFFFFFFFFFFFFF3A
:1053C00088CD983FFEFFFFFF000000C0FFFFFFFFFA
:1053D000FFFFFFFF0485C63EFEFFFFFF000000C089
:1053E000FFFFFFFFFFFFFFFF6FA3FF3FFEFFFFFF7A
:1053F000000000C0FFFFFFFFFFFFFFFF6EF632401F
:10540000FEFFFFFF000000C0FFFFFFFFFFFFFFFFE9
:10541000A6BEC640FEFFFFFF000000C0FFFFFFFF6B
:10542000FFFFFFFF05650C40FEFFFFFF000000C00F
:10543000FFFFFFFFFFFFFFFF3EE12B4115000000D4
:10544000731A8DC09C0000009D000000000000C089
:105450002C000000FD6FA7C09E0000009F00000010
:10546000000000C014000000F8E09D40A000000013
:10547000A1000000000000C0160000006BF0DDC0BD
:10548000A2000000A3000000000000C01600000001
:1054900090711BC1A4000000A5000000000000C026
:1054A0002C000000ADA332C1A6000000A700000040
:1054B000000000C02C000000FAF80740A80000001F
:1054C000A9000000000000C02C000000243BBCC06C
:1054D000AA000000AB000000000000C02B0000008C
:1054E00003BEFFC0AC000000AD000000000000C023
:1054F0002B00000022943840AE000000AF000000F6
:10550000000000C02C000000F2ED21C0B00000003F
:10551000B1000000000000C0160000007C5483BEF3
:10552000B2000000B3000000000000C00E00000048
:10553000E2752B3FB4000000B5000000000000C081
:105540002C0000004E0B83C0B6000000B700000026
:10555000000000C0160000003AFA9E40B8000000AB
:10556000B9000000000000C0FEFFFFFF000000C007
:10557000FFFFFFFFFFFFFFFF10D33241FEFFFFFFE2
:10558000000000C0FFFFFFFFFFFFFFFF016EF340C1
:10559000FEFFFFFF000000C0FFFFFFFFFFFFFFFF58
:1055A000217BD940FEFFFFFF000000C0FFFFFFFF8F
:1055B000FFFFFFFF46C98D40FEFFFFFF000000C058
:1055C000FFFFFFFFFFFFFFFF37271741FEFFFFFF32
:1055D000000000C0FFFFFFFFFFFFFFFFDEAE0E4039
:1055E000FEFFFFFF000000C0FFFFFFFFFFFFFFFF08
:1055F000EC812A40FEFFFFFF000000C0FFFFFFFF1D
:10560000FFFFFFFF3B89D83EFEFFFFFF000000C009
:10561000FFFFFFFFFFFFFFFF23064940FEFFFFFFE5
:10562000000000C0FFFFFFFFFFFFFFFFE20550C0CB
:10563000FEFFFFFF000000C0FFFFFFFFFFFFFFFFB7
:105640006DF6B23EFEFFFFFF000000C0FFFFFFFF50
:10565000FFFFFFFFBD2FC23FFEFFFFFF000000C0A6
:10566000FFFFFFFFFFFFFFFF101636C0FEFFFFFF2B
:10567000000000C0FFFFFFFFFFFFFFFF28EA3840E8
:10568000FEFFFFFF000000C0FFFFFFFFFFFFFFFF67
:1056900053D53040FEFFFFFF000000C0FFFFFFFFBB
:1056A000FFFFFFFFF7D9024116000000D6A100C19D
:1056B000BB000000BC000000000000C02D00000086
:1056C000DF59AEC0BD000000BE000000000000C0F9
:1056D000150000009F56A540BF000000C00000005C
:1056E000000000C0160000003AFA2EC1C100000000
:1056F000C2000000000000C0160000003AFA2EC1EF
:10570000C3000000C4000000000000C0150000003D
:10571000ED5944C0C5000000C6000000000000C0F4
:105720002D000000A0E1A43FC7000000C800000059
:10573000000000C0040000009665AFC0C900000072
:10574000CA000000000000C02D000000B0C9C9C0A0
:10575000CB000000CC000000000000C012000000E0
:105760008B58FA3FCD000000CE000000000000C0C2
:105770002D0000004D3055BFCF000000D0000000CC
:10578000000000C02D0000002E109CC0D1000000C1
:10579000D2000000000000C02D000000A5CBE040BA
:1057A000D3000000D4000000000000C02D00000065
:1057B000B0565EC0D5000000D6000000000000C05A
:1057C00016000000294FE240D7000000D80000007A
:1057D000000000C0FEFFFFFF000000C0FFFFFFFF52
:1057E000FFFFFFFF62F18841FEFFFFFF000000C0E6
:1057F000FFFFFFFFFFFFFFFF160B3841FEFFFFFF1C
:10580000000000C0FFFFFFFFFFFFFFFF5EF6244127
:10581000FEFFFFFF000000C0FFFFFFFFFFFFFFFFD5
:10582000C061E340FEFFFFFF000000C0FFFFFFFF7D
:10583000FFFFFFFF8C191541FEFFFFFF000000C0B6
:10584000FFFFFFFFFFFFFFFF2745ABBFFEFFFFFF8F
:10585000000000C0FFFFFFFFFFFFFFFF2EE58E40AF
:10586000FEFFFFFF000000C0FFFFFFFFFFFFFFFF85
:10587000FC8E0D3FFEFFFFFF000000C0FFFFFFFF9B
:10588000FFFFFFFF2D3C9340FEFFFFFF000000C025
:10589000FFFFFFFFFFFFFFFF132A303FFEFFFFFF69
:1058A000000000C0FFFFFFFFFFFFFFFF8627183F3C
:1058B000FEFFFFFF000000C0FFFFFFFFFFFFFFFF35
:1058C00051427A40FEFFFFFF000000C0FFFFFFFFD4
:1058D000FFFFFFFF0F09A4C0FEFFFFFF000000C095
:1058E000FFFFFFFFFFFFFFFF3C86F53FFEFFFFFFCF
:1058F000000000C0FFFFFFFFFFFFFFFFE55FA340C9
:10590000FEFFFFFF000000C0FFFFFFFFFFFFFFFFE4
:10591000AD8F0C4116000000BAE892C0DA0000001A
:10592000DB000000000000C02B000000E19CA1C0D3
:10593000DC000000DD000000000000C014000000DA
:10594000F8E09D40DE000000DF000000000000C025
:1059500016000000E99B05C1E0000000E100000026
:10596000000000C0160000005E430DC1E200000010
:10597000E3000000000000C00B00000068618B3FE6
:10598000E4000000E5000000000000C02B00000063
:1059900033D3B73DE6000000E7000000000000C080
:1059A00014000000E940F4C0E8000000E900000035
:1059B000000000C02B00000003BEFFC0EA00000092
:1059C000EB000000000000C02B00000022943840D3
:1059D000EC000000ED000000000000C02B00000003
:1059E000AC7E2A40EE000000EF000000000000C086
:1059F000160000004F71B4BFF0000000F10000007D
:105A0000000000C01600000021E3223FF200000069
:105A1000F3000000000000C01300000010BE17419A
:105A2000F4000000F5000000000000C016000000B7
:105A30004B45DC40F6000000F7000000000000C00D
:105A4000FEFFFFFF000000C0FFFFFFFFFFFFFFFFA3
:105A5000F8680D41FEFFFFFF000000C0FFFFFFFFE1
:105A6000FFFFFFFF262F3E41FEFFFFFF000000C0AB
:105A7000FFFFFFFFFFFFFFFF707BF040FEFFFFFF18
:105A8000000000C0FFFFFFFFFFFFFFFF5BEA964043
:105A9000FEFFFFFF000000C0FFFFFFFFFFFFFFFF53
:105AA000F319E640FEFFFFFF000000C0FFFFFFFF0D
:105AB000FFFFFFFFA11A023EFEFFFFFF000000C034
:105AC000FFFFFFFFFFFFFFFF13B1D33FFEFFFFFF0D
:105AD000000000C0FFFFFFFFFFFFFFFFBFE122C08C
:105AE000FEFFFFFF000000C0FFFFFFFFFFFFFFFF03
:105AF0004933933FFEFFFFFF000000C0FFFFFFFFA1
:105B0000FFFFFFFF9BABADBDFEFFFFFF000000C02E
:105B1000FFFFFFFFFFFFFFFFA4D5EABDFEFFFFFF72
:105B2000000000C0FFFFFFFFFFFFFFFF4C22F53F1B
:105B3000FEFFFFFF000000C0FFFFFFFFFFFFFFFFB2
:105B40008E6E3B3FFEFFFFFF000000C0FFFFFFFF28
:105B5000FFFFFFFFE4A4BE40FEFFFFFF000000C008
:105B6000FFFFFFFFFFFFFFFF8EBD6340FEFFFFFF54
:105B7000000000C0FFFFFFFFFFFFFFFFDEA4E340C8
:105B8000160000005E3E8AC0F9000000FA00000026
:105B9000000000C02D0000004B80A6C0FB000000EC
:105BA000FC000000000000C02D00000060546A40AE
:105BB000FD000000FE000000000000C01600000014
:105BC000E99B05C1FF00000000010000000000C0CB
:105BD0002D000000D5E69A3F0101000002010000FF
:105BE000000000C02D00000053A62DC103010000DD
:105BF00004010000000000C0160000001D02D33F99
:105C00000501000006010000000000C016000000B1
:105C10003AFA2EC10701000008010000000000C090
:105C20002D000000B21705C1090100000A010000A3
:105C3000000000C02D0000003FEF46C00B01000037
:105C40000C010000000000C02D0000002EDC894087
:105C50000D0100000E010000000000C01600000051
:105C6000F16742BE0F01000010010000000000C0FB
:105C70002800000034891FC111010000120100003A
:105C8000000000C016000000DBB6BDBF130100001D
:105C900014010000000000C0160000003A3BB940AB
:105CA0001501000016010000000000C0FEFFFFFF0C
:105CB000000000C0FFFFFFFFFFFFFFFF036518416B
:105CC000FEFFFFFF000000C0FFFFFFFFFFFFFFFF21
:105CD000B43BFA40FEFFFFFF000000C0FFFFFFFFE4
:105CE000FFFFFFFF8010D340FEFFFFFF000000C05A
:105CF000FFFFFFFFFFFFFFFFDBF97640FEFFFFFF27
:105D0000000000C0FFFFFFFFFFFFFFFFC8921E4023
:105D1000FEFFFFFF000000C0FFFFFFFFFFFFFFFFD0
:105D200007FE063FFEFFFFFF000000C0FFFFFFFF72
:105D3000FFFFFFFF1A561AC0FEFFFFFF000000C062
:105D4000FFFFFFFFFFFFFFFFD8A7CAC0FEFFFFFF57
:105D5000000000C0FFFFFFFFFFFFFFFF53B21E4028
:105D6000FEFFFFFF000000C0FFFFFFFFFFFFFFFF80
:105D70004D4126C0FEFFFFFF000000C0FFFFFFFFF8
:105D8000FFFFFFFF06700FC0FEFFFFFF000000C017
:105D9000FFFFFFFFFFFFFFFF1CEBE53EFEFFFFFFE6
:105DA000000000C0FFFFFFFFFFFFFFFF2F7581C056
:105DB000FEFFFFFF000000C0FFFFFFFFFFFFFFFF30
:105DC000604F633FFEFFFFFF000000C0FFFFFFFFCB
:105DD000FFFFFFFF39A28C40FEFFFFFF000000C065
:105DE000FFFFFFFFFFFFFFFFE0E4FB4016000000A6
:105DF000C605F9C01801000019010000000000C02C
:105E00002D0000008CFEB0C01A0100001B01000034
:105E1000000000C0150000009F56A5401C010000B6
:105E20001D010000000000C021000000F98A8FC0A1
:105E30001E0100001F010000000000C02D00000036
:105E40004D3055BF2001000021010000000000C0BE
:105E50002D000000E6C21BC122010000230100004A
:105E6000000000C02D00000036CAC63D240100001D
:105E700025010000000000C015000000E55A98C090
:105E80002601000027010000000000C00200000001
:105E900077276A402801000029010000000000C0A7
:105EA000100000001824E7BF2A0100002B010000A9
:105EB000000000C02D000000C32652402C0100004D
:105EC0002D010000000000C0160000004F71B4BF9B
:105ED0002E0100002F010000000000C02D00000076
:105EE000FFBAD9403001000031010000000000C0BD
:105EF0002D000000E73D82C03201000033010000A8
:105F0000000000C02D00000065BC9E403401000070
:105F100035010000000000C0FEFFFFFF000000C0D0
:105F2000FFFFFFFFFFFFFFFF69EB1D41FEFFFFFFCC
:105F3000000000C0FFFFFFFFFFFFFFFFF0705741B1
:105F4000FEFFFFFF000000C0FFFFFFFFFFFFFFFF9E
:105F5000AABCC640FEFFFFFF000000C0FFFFFFFF1E
:105F6000FFFFFFFF8411FD40FEFFFFFF000000C0A8
:105F7000FFFFFFFFFFFFFFFF94074240FEFFFFFF11
:105F8000000000C0FFFFFFFFFFFFFFFF1FCECC4060
:105F9000FEFFFFFF000000C0FFFFFFFFFFFFFFFF4E
:105FA000D1C4533FFEFFFFFF000000C0FFFFFFFF13
:105FB000FFFFFFFFE1C489C0FEFFFFFF000000C03C
:105FC000FFFFFFFFFFFFFFFF15868040FEFFFFFF83
:105FD000000000C0FFFFFFFFFFFFFFFFEF4C123D7F
:105FE000FEFFFFFF000000C0FFFFFFFFFFFFFFFFFE
:105FF0000E7CD53EFEFFFFFF000000C0FFFFFFFF4D
:10600000FFFFFFFFCDA13640FEFFFFFF000000C0F5
:10601000FFFFFFFFFFFFFFFFB2EBA3C0FEFFFFFF8D
:10602000000000C0FFFFFFFFFFFFFFFF84B5173F29
:10603000FEFFFFFF000000C0FFFFFFFFFFFFFFFFAD
:10604000465E5540FEFFFFFF000000C0FFFFFFFF60
:10605000FFFFFFFF1EAFCD40160000006F4398C04A
:106060003701000038010000000000C02D000000D2
:106070001F3191C0390100003A010000000000C04A
:106080002D0000000B04DB3E3B0100003C01000042
:10609000000000C02D000000ACAAF6C03D010000C9
:1060A0003E010000000000C02D000000A06570BD92
:1060B0003F01000040010000000000C01600000089
:1060C0000EFB7BBF4101000042010000000000C048
:1060D00016000000EFB49A3F4301000044010000A5
:1060E000000000C0160000004DF8C7C045010000C8
:1060F00046010000000000C01600000090711BC1A6
:106100004701000048010000000000C01600000028
:10611000C605F9C0490100004A010000000000C0A6
:106120002D00000060546A404B0100004C0100004B
:10613000000000C02D000000B21705C14D01000095
:106140004E010000000000C02D000000B77FB9BF65
:106150004F01000050010000000000C016000000C8
:1061600073F49DBF5101000052010000000000C007
:10617000160000001FE0F840530100005401000029
:10618000000000C0FEFFFFFF000000C0FFFFFFFF98
:10619000FFFFFFFF5F52E040FEFFFFFF000000C077
:1061A000FFFFFFFFFFFFFFFF81AFA640FEFFFFFFE6
:1061B000000000C0FFFFFFFFFFFFFFFFE858EA40BD
:1061C000FEFFFFFF000000C0FFFFFFFFFFFFFFFF1C
:1061D0009A0B4640FEFFFFFF000000C0FFFFFFFFDD
:1061E000FFFFFFFF18A03540FEFFFFFF000000C0CB
:1061F000FFFFFFFFFFFFFFFF46A0373FFEFFFFFF50
:10620000000000C0FFFFFFFFFFFFFFFF6FD9A4BF2B
:10621000FEFFFFFF000000C0FFFFFFFFFFFFFFFFCB
:1062200024EAA2C0FEFFFFFF000000C0FFFFFFFF47
:10623000FFFFFFFF45C80E40FEFFFFFF000000C04C
:10624000FFFFFFFFFFFFFFFFC6F1B03EFEFFFFFFB6
:10625000000000C0FFFFFFFFFFFFFFFF784BBFBF45
:10626000FEFFFFFF000000C0FFFFFFFFFFFFFFFF7B
:10627000FB87E13EFEFFFFFF000000C0FFFFFFFFC6
:10628000FFFFFFFF2C6119C0FEFFFFFF000000C0F1
:10629000FFFFFFFFFFFFFFFF40EEBD3EFEFFFFFFE2
:1062A000000000C0FFFFFFFFFFFFFFFFE1E63840F7
:1062B000FEFFFFFF000000C0FFFFFFFFFFFFFFFF2B
:1062C000468ED340160000002024A6C056010000D0
:1062D00057010000000000C02C000000970052C0D1
:1062E0005801000059010000000000C01400000027
:1062F000709355405A0100005B010000000000C08F
:106300002C00000078A6F9C05C0100005D010000CF
:10631000000000C02C00000093E137405E01000047
:106320005F010000000000C01500000080C525C00E
:106330006001000061010000000000C02C000000AE
:106340002FF313BF6201000063010000000000C0D2
:10635000160000006BF0DDC0640100006501000064
:10636000000000C01600000090711BC16601000013
:1063700067010000000000C0160000005E430DC170
:106380006801000069010000000000C02C0000004E
:106390007515B2406A0100006B010000000000C0EA
:1063A0002C00000056CCF4C06C0100006D01000010
:1063B000000000C02C000000FA1DD63F6E01000056
:1063C0006F010000000000C02C000000FA258FC003
:1063D0007001000071010000000000C01600000004
:1063E0001FE0F8407201000073010000000000C0CF
:1063F000FEFFFFFF000000C0FFFFFFFFFFFFFFFFEA
:106400004BCFD540FEFFFFFF000000C0FFFFFFFFA6
:10641000FFFFFFFFBDE69F40FEFFFFFF000000C043
:10642000FFFFFFFFFFFFFFFFA759C940FEFFFFFF70
:10643000000000C0FFFFFFFFFFFFFFFFDDEA3A4063
:10644000FEFFFFFF000000C0FFFFFFFFFFFFFFFF99
:10645000524E6D40FEFFFFFF000000C0FFFFFFFF38
:10646000FFFFFFFF0781EB3EFEFFFFFF000000C0C4
:10647000FFFFFFFFFFFFFFFF9B1EE7BFFEFFFFFFCA
:10648000000000C0FFFFFFFFFFFFFFFF11E996C004
:10649000FEFFFFFF000000C0FFFFFFFFFFFFFFFF49
:1064A00026983C40FEFFFFFF000000C0FFFFFFFFFB
:1064B000FFFFFFFF0535F73EFEFFFFFF000000C0B6
:1064C000FFFFFFFFFFFFFFFF5D9106BEFEFFFFFF27
:1064D000000000C0FFFFFFFFFFFFFFFFE56C673F0D
:1064E000FEFFFFFF000000C0FFFFFFFFFFFFFFFFF9
:1064F000255B4FC0FEFFFFFF000000C0FFFFFFFF56
:10650000FFFFFFFF74647C3EFEFFFFFF000000C042
:10651000FFFFFFFFFFFFFFFF7D5B1140FEFFFFFF5F
:10652000000000C0FFFFFFFFFFFFFFFF3C4BB64036
:106530001600000034E1E3C07501000076010000A0
:10654000000000C02D000000B0565EC077010000C2
:1065500078010000000000C02D000000FFBAD94003
:10656000790100007A010000000000C00A0000006C
:106570004A0FC7C07B0100007C010000000000C082
:106580001800000082C19BC07D0100007E01000058
:10659000000000C02D000000378620C17F010000F0
:1065A00080010000000000C0160000001D02D33F63
:1065B0008101000082010000000000C00000000016
:1065C0001D76A4C08301000084010000000000C00B
:1065D00014000000D093C0C08501000086010000B7
:1065E000000000C01900000071C9A0C087010000B0
:1065F00088010000000000C02D000000CA40203FBC
:10660000890100008A010000000000C0160000009F
:1066100004FB08C08B0100008C010000000000C0DA
:106620002A000000FAE71EC18D0100008E01000063
:10663000000000C0160000007C00EA3D8F01000051
:1066400090010000000000C016000000E7E8C34011
:106650009101000092010000000000C0FEFFFFFF5A
:10666000000000C0FFFFFFFFFFFFFFFF2E5CEA3FBF
:10667000FEFFFFFF000000C0FFFFFFFFFFFFFFFF67
:10668000937ED140FEFFFFFF000000C0FFFFFFFF31
:10669000FFFFFFFF5BC79E40FEFFFFFF000000C043
:1066A000FFFFFFFFFFFFFFFF578DEB40FEFFFFFFE8
:1066B000000000C0FFFFFFFFFFFFFFFF0ED11140F2
:1066C000FEFFFFFF000000C0FFFFFFFFFFFFFFFF17
:1066D000757D2241FEFFFFFF000000C0FFFFFFFFAE
:1066E000FFFFFFFFF6354B3FFEFFFFFF000000C03E
:1066F000FFFFFFFFFFFFFFFFA38EC2BFFEFFFFFFF5
:10670000000000C0FFFFFFFFFFFFFFFF9661584042
:10671000FEFFFFFF000000C0FFFFFFFFFFFFFFFFC6
:10672000C5A4CE3EFEFFFFFF000000C0FFFFFFFF3D
:10673000FFFFFFFF73E132C0FEFFFFFF000000C05C
:10674000FFFFFFFFFFFFFFFFD37FD43EFEFFFFFFF2
:10675000000000C0FFFFFFFFFFFFFFFFF32562C047
:10676000FEFFFFFF000000C0FFFFFFFFFFFFFFFF76
:1067700084C5703FFEFFFFFF000000C0FFFFFFFF6A
:10678000FFFFFFFF47776940FEFFFFFF000000C0EB
:10679000FFFFFFFFFFFFFFFF9B02E9401600000025
:1067A0005E3E8AC09401000095010000000000C018
:1067B0002C000000D8CD9EC096010000970100007B
:1067C000000000C01400000061703040980100001B
:1067D00099010000000000C0110000007A27BDBF31
:1067E0009A0100009B010000000000C02C00000086
:1067F00093E137409C0100009D010000000000C0B3
:1068000016000000027F83409E0100009F010000EF
:10681000000000C02C000000000080BFA0010000AC
:10682000A1010000000000C02C00000078A6F9C003
:10683000A2010000A3010000000000C0240000002D
:10684000549143C1A4010000A5010000000000C054
:106850001600000090711BC1A6010000A7010000F6
:10686000000000C02C000000F53BAC40A801000077
:10687000A9010000000000C02C000000603935C1F3
:10688000AA010000AB010000000000C029000000C8
:106890004C68A8C0AC010000AD010000000000C0C1
:1068A0002C0000008A2DB4C0AE010000AF01000032
:1068B000000000C01600000087F2BA3FB0010000DF
:1068C000B1010000000000C0FEFFFFFF000000C09B
:1068D000FFFFFFFFFFFFFFFF130B8140FEFFFFFFE6
:1068E000000000C0FFFFFFFFFFFFFFFF496B2240DA
:1068F000FEFFFFFF000000C0FFFFFFFFFFFFFFFFE5
:106900006ECB6040FEFFFFFF000000C0FFFFFFFFF7
:10691000FFFFFFFF9457D240FEFFFFFF000000C0C3
:10692000FFFFFFFFFFFFFFFF20478540FEFFFFFF48
:10693000000000C0FFFFFFFFFFFFFFFF918E3D3F04
:10694000FEFFFFFF000000C0FFFFFFFFFFFFFFFF94
:10695000C872E3BFFEFFFFFF000000C0FFFFFFFFA4
:10696000FFFFFFFFD19785C0FEFFFFFF000000C0C3
:10697000FFFFFFFFFFFFFFFF74618E3FFEFFFFFF82
:10698000000000C0FFFFFFFFFFFFFFFFE2DE043E4D
:10699000FEFFFFFF000000C0FFFFFFFFFFFFFFFF44
:1069A000FBFFD3C0FEFFFFFF000000C0FFFFFFFFA3
:1069B000FFFFFFFF0A283640FEFFFFFF000000C078
:1069C000FFFFFFFFFFFFFFFF747663C0FEFFFFFFC7
:1069D000000000C0FFFFFFFFFFFFFFFFC6E387BE11
:1069E000FEFFFFFF000000C0FFFFFFFFFFFFFFFFF4
:1069F000A46B08C0FEFFFFFF000000C0FFFFFFFF09
:106A0000FFFFFFFF80020B4016000000CEE62DC006
:106A1000B3010000B4010000000000C02C00000021
:106A2000655692C0B5010000B6010000000000C02C
:106A30002C0000005099DC3EB7010000B8010000B6
:106A4000000000C02C00000078A6F9C0B9010000C9
:106A5000BA010000000000C02C00000093E13740A4
:106A6000BB010000BC010000000000C016000000D7
:106A7000446A02BFBD010000BE010000000000C06A
:106A8000160000005E43793FBF010000C001000016
:106A9000000000C01600000008ACB6C0C101000034
:106AA000C2010000000000C016000000DA5DCDC089
:106AB000C3010000C4010000000000C01600000077
:106AC000C605F9C0C5010000C6010000000000C0F5
:106AD0002C00000020619C40C7010000C80100009C
:106AE000000000C02C000000573994C0C90100000C
:106AF000CA010000000000C02C0000009B5648C0E6
:106B0000CB010000CC010000000000C0100000001C
:106B10001EBF5040CD010000CE010000000000C0AB
:106B20002C0000003E4BA040CF010000D00100002F
:106B3000000000C0FEFFFFFF000000C0FFFFFFFFDE
:106B4000FFFFFFFFC9698D40FEFFFFFF000000C08F
:106B5000FFFFFFFFFFFFFFFF80F33940FEFFFFFF56
:106B6000000000C0FFFFFFFFFFFFFFFF9E03554037
:106B7000FEFFFFFF000000C0FFFFFFFFFFFFFFFF62
:106B80009CDDB63FFEFFFFFF000000C0FFFFFFFFE0
:106B9000FFFFFFFF6AC40A40FEFFFFFF000000C0C6
:106BA000FFFFFFFFFFFFFFFF4996593EFEFFFFFF7C
:106BB000000000C0FFFFFFFFFFFFFFFF6ADCFABF1E
:106BC000FEFFFFFF000000C0FFFFFFFFFFFFFFFF12
:106BD0007E9675C0FEFFFFFF000000C0FFFFFFFFB5
:106BE000FFFFFFFF95D82E3FFEFFFFFF000000C014
:106BF000FFFFFFFFFFFFFFFFC41913BFFEFFFFFFF3
:106C0000000000C0FFFFFFFFFFFFFFFF2D0B07C0CD
:106C1000FEFFFFFF000000C0FFFFFFFFFFFFFFFFC1
:106C2000726E153EFEFFFFFF000000C0FFFFFFFF7A
:106C3000FFFFFFFF97127D3DFEFFFFFF000000C03A
:106C4000FFFFFFFFFFFFFFFF2E9720C0FEFFFFFFAC
:106C5000000000C0FFFFFFFFFFFFFFFFD683E03F04
:106C6000FEFFFFFF000000C0FFFFFFFFFFFFFFFF71
:106C7000DD3D4E402D000000223A7B40D201000055
:106C8000D3010000000000C016000000FFFA24C07D
:106C9000D4010000D5010000000000C01600000073
:106CA0006A751F40D6010000D7010000000000C037
:106CB0002D00000042958CC0D8010000D9010000D1
:106CC000000000C02D000000153691BEDA01000062
:106CD000DB010000000000C0160000004806B8BE3E
:106CE000DC010000DD010000000000C00800000021
:106CF00069A525C1DE010000DF010000000000C021
:106D00001600000008ACB6C0E0010000E101000080
:106D1000000000C02D0000004A69C4BFE20100006D
:106D2000E3010000000000C0160000002C4462BE19
:106D3000E4010000E5010000000000C016000000B2
:106D4000FA9AE13FE6010000E7010000000000C000
:106D5000100000002720493FE8010000E901000081
:106D6000000000C013000000CA267B40EA010000BA
:106D7000EB010000000000C0060000003C09EAC072
:106D8000EC010000ED010000000000C01600000052
:106D90003AAAC840EE010000EF010000000000C068
:106DA000FEFFFFFF000000C0FFFFFFFFFFFFFFFF30
:106DB00010125140FEFFFFFF000000C0FFFFFFFF69
:106DC000FFFFFFFF3184E23FFEFFFFFF000000C036
:106DD000FFFFFFFFFFFFFFFF62F4ED3EFEFFFFFF3F
:106DE000000000C0FFFFFFFFFFFFFFFFC7BC83BF26
:106DF000FEFFFFFF000000C0FFFFFFFFFFFFFFFFE0
:106E0000FFA0493EFEFFFFFF000000C0FFFFFFFFA5
:106E1000FFFFFFFF5C3096BFFEFFFFFF000000C0DA
:106E2000FFFFFFFFFFFFFFFF755E93BDFEFFFFFF4C
:106E3000000000C0FFFFFFFFFFFFFFFFF688A23F3B
:106E4000FEFFFFFF000000C0FFFFFFFFFFFFFFFF8F
:106E50006FD0DBBEFEFFFFFF000000C0FFFFFFFFA3
:106E6000FFFFFFFF8ADC63C0FEFFFFFF000000C0E2
:106E7000FFFFFFFFFFFFFFFF58E2AE3FFEFFFFFFF8
:106E8000000000C0FFFFFFFFFFFFFFFFDB8652BFD8
:106E9000FEFFFFFF000000C0FFFFFFFFFFFFFFFF3F
:106EA000A92840C1FEFFFFFF000000C0FFFFFFFF59
:106EB000FFFFFFFF1D2827C1FEFFFFFF000000C0EE
:106EC000FFFFFFFFFFFFFFFF7DFB4940FEFFFFFFCE
:106ED000000000C0FFFFFFFFFFFFFFFF3988A34056
:106EE0002D0000000EAB4640F1010000F201000051
:106EF000000000C01500000080C525C0F30100009F
:106F0000F4010000000000C0150000004AAF7C3F03
:106F1000F5010000F6010000000000C02D00000097
:106F2000B0C9C9C0F7010000F8010000000000C0AE
:106F30002D000000DB18AFBEF9010000FA010000CF
:106F4000000000C0150000009A7DB7BFFB010000E3
:106F5000FC010000000000C00800000069A525C178
:106F6000FD010000FE010000000000C00F00000055
:106F70000CB122BEFF01000000020000000000C0B2
:106F80002D0000008F7E3FC00102000002020000C1
:106F9000000000C015000000518462BF0302000021
:106FA00004020000000000C015000000AD76D63FCE
:106FB0000502000006020000000000C015000000ED
:106FC0001EACE8BF0702000008020000000000C07D
:106FD000100000001EBF5040090200000A0200001D
:106FE000000000C0010000005B7DBDBF0B0200007F
:106FF0000C020000000000C01500000057F4C7405C
:107000000D0200000E020000000000C0FEFFFFFFA6
:10701000000000C0FFFFFFFFFFFFFFFFDE6AFE3F33
:10702000FEFFFFFF000000C0FFFFFFFFFFFFFFFFAD
:1070300041CD9440FEFFFFFF000000C0FFFFFFFFB7
:10704000FFFFFFFFC6C3543FFEFFFFFF000000C06D
:10705000FFFFFFFFFFFFFFFF3CD6B5BEFEFFFFFFB8
:10706000000000C0FFFFFFFFFFFFFFFF4792843ECD
:10707000FEFFFFFF000000C0FFFFFFFFFFFFFFFF5D
:10708000989654BFFEFFFFFF000000C0FFFFFFFF08
:10709000FFFFFFFFA36016BEFEFFFFFF000000C062
:1070A000FFFFFFFFFFFFFFFFB6CE7C3FFEFFFFFFAE
:1070B000000000C0FFFFFFFFFFFFFFFF117534C09E
:1070C000FEFFFFFF000000C0FFFFFFFFFFFFFFFF0D
:1070D000713EABBFFEFFFFFF000000C0FFFFFFFFE0
:1070E000FFFFFFFFBC47993EFEFFFFFF000000C00F
:1070F000FFFFFFFFFFFFFFFFA2D70CC0FEFFFFFF58
:10710000000000C0FFFFFFFFFFFFFFFF69FE5CC143
:10711000FEFFFFFF000000C0FFFFFFFFFFFFFFFFBC
:1071200037971AC1FEFFFFFF000000C0FFFFFFFFFF
:10713000FFFFFFFF6922F23FFEFFFFFF000000C0DC
:10714000FFFFFFFFFFFFFFFFF69763401600000001
:107150008C3BBF401002000011020000000000C084
:1071600014000000938149C01202000013020000C5
:10717000000000C02C0000005AA6C6C01402000087
:1071800015020000000000C02C0000008A2DB4C0D1
:107190001602000017020000000000C00B000000F3
:1071A00030D68CBD1802000019020000000000C09B
:1071B0002C000000194214C11A0200001B0200003A
:1071C000000000C02C0000003E4BA0401C0200004C
:1071D0001D020000000000C01600000034FA4E3FFF
:1071E0001E0200001F020000000000C01600000088
:1071F00090711BC12002000021020000000000C0AD
:10720000160000007ABFC7BF220200002302000060
:10721000000000C0160000002F1FF53E24020000F1
:1072200025020000000000C00A0000006666B6BF2C
:107230002602000027020000000000C0120000002B
:10724000862C64BF2802000029020000000000C054
:10725000160000002EC818412A0200002B02000070
:10726000000000C00800000069A525C12C02000034
:107270002D020000000000C0FEFFFFFF000000C064
:10728000FFFFFFFFFFFFFFFF4C5D0040FEFFFFFF22
:10729000000000C0FFFFFFFFFFFFFFFFA89791C0A6
:1072A000FEFFFFFF000000C0FFFFFFFFFFFFFFFF2B
:1072B000315E4D40FEFFFFFF000000C0FFFFFFFFFB
:1072C000FFFFFFFF843A933EFEFFFFFF000000C078
:1072D000FFFFFFFFFFFFFFFFB521CC3EFEFFFFFFDB
:1072E000000000C0FFFFFFFFFFFFFFFFB6E6C5BEC7
:1072F000FEFFFFFF000000C0FFFFFFFFFFFFFFFFDB
:10730000AC6963BEFEFFFFFF000000C0FFFFFFFF90
:10731000FFFFFFFF7EF2373FFEFFFFFF000000C0D0
:10732000FFFFFFFFFFFFFFFF7007F2C0FEFFFFFF41
:10733000000000C0FFFFFFFFFFFFFFFFF7FB33C1AF
:10734000FEFFFFFF000000C0FFFFFFFFFFFFFFFF8A
:10735000276DA7C0FEFFFFFF000000C0FFFFFFFF7B
:10736000FFFFFFFFEAA620C0FEFFFFFF000000C0F6
:10737000FFFFFFFFFFFFFFFF8D399E3FFEFFFFFF77
:10738000000000C0FFFFFFFFFFFFFFFF40ED754063
:10739000FEFFFFFF000000C0FFFFFFFFFFFFFFFF3A
:1073A000A53A0BC1FEFFFFFF000000C0FFFFFFFF7B
:1073B000FFFFFFFFE08596401600000034E1E3C0C8
:1073C0002F02000030020000000000C02D0000006D
:1073D000A004B8C03102000032020000000000C06A
:1073E0002D0000000EAB46403302000034020000C6
:1073F000000000C021000000DF948AC035020000B8
:1074000036020000000000C0160000003AFA2EC14B
:107410003702000038020000000000C02D0000000C
:10742000061513C1390200003A020000000000C036
:10743000160000006A751F403B0200003C0200007D
:10744000000000C015000000374A0FC13D020000D7
:107450003E020000000000C0230000000E4F05BEE9
:107460003F02000040020000000000C029000000B0
:10747000C87199404102000042020000000000C0B3
:1074800005000000FE459940430200004402000050
:10749000000000C01600000034FA4E3F4502000014
:1074A00046020000000000C02A000000F63613C1AA
:1074B0004702000048020000000000C01600000063
:1074C000F3DCBABF490200004A020000000000C01D
:1074D00011000000695074404B0200004C02000093
:1074E000000000C0FEFFFFFF000000C0FFFFFFFF25
:1074F000FFFFFFFF4E7E1C40FEFFFFFF000000C0AD
:10750000FFFFFFFFFFFFFFFFAA08B740FEFFFFFFDF
:10751000000000C0FFFFFFFFFFFFFFFF2BABFA3FA4
:10752000FEFFFFFF000000C0FFFFFFFFFFFFFFFFA8
:107530004F045E40FEFFFFFF000000C0FFFFFFFFA3
:10754000FFFFFFFF57494C40FEFFFFFF000000C058
:10755000FFFFFFFFFFFFFFFF3F352A41FEFFFFFF59
:10756000000000C0FFFFFFFFFFFFFFFF2A5C233F7B
:10757000FEFFFFFF000000C0FFFFFFFFFFFFFFFF58
:1075800077240340FEFFFFFF000000C0FFFFFFFF66
:10759000FFFFFFFF7BC7893FFEFFFFFF000000C02A
:1075A000FFFFFFFFFFFFFFFFC10893C0FEFFFFFFCC
:1075B000000000C0FFFFFFFFFFFFFFFF9D9F06C011
:1075C000FEFFFFFF000000C0FFFFFFFFFFFFFFFF08
:1075D000CE97473DFEFFFFFF000000C0FFFFFFFF0B
:1075E000FFFFFFFFBCDA28C0FEFFFFFF000000C066
:1075F000FFFFFFFFFFFFFFFF0259F03EFEFFFFFF0F
:10760000000000C0FFFFFFFFFFFFFFFF4CD87740E7
:10761000FEFFFFFF000000C0FFFFFFFFFFFFFFFFB7
:1076200021CB15401600000041C655C04E02000097
:107630004F020000000000C02D0000006BB177C0B9
:107640005002000051020000000000C02D000000A8
:10765000A961153F5202000053020000000000C063
:107660002D0000008260FBC05402000055020000A3
:10767000000000C02D000000B41715BE5602000027
:1076800057020000000000C016000000F4CD11BF3A
:107690005802000059020000000000C0160000005F
:1076A000E0A7393F5A0200005B020000000000C062
:1076B000160000004DF8C7C05C0200005D0200002B
:1076C000000000C00E000000F8761EBF5E02000041
:1076D0005F020000000000C006000000A98B894086
:1076E0006002000061020000000000C02D000000E8
:1076F000C58481406202000063020000000000C0F7
:107700002D0000000A9BA8C0640200006502000072
:10771000000000C02D00000064BC2EC06602000006
:1077200067020000000000C016000000867A9ABFC1
:107730006802000069020000000000C0160000009E
:10774000DEBF06416A0200006B020000000000C0BC
:10775000FEFFFFFF000000C0FFFFFFFFFFFFFFFF76
:107760002B155040FEFFFFFF000000C0FFFFFFFF92
:10777000FFFFFFFF302F0C40FEFFFFFF000000C0A7
:10778000FFFFFFFFFFFFFFFF54DB6C3FFEFFFFFF2C
:10779000000000C0FFFFFFFFFFFFFFFFBA2E4640C3
:1077A000FEFFFFFF000000C0FFFFFFFFFFFFFFFF26
:1077B000FB22013CFEFFFFFF000000C0FFFFFFFFB8
:1077C000FFFFFFFFB6B4AE3FFEFFFFFF000000C0AB
:1077D000FFFFFFFFFFFFFFFF9B98A7BFFEFFFFFF1D
:1077E000000000C0FFFFFFFFFFFFFFFF58595AC016
:1077F000FEFFFFFF000000C0FFFFFFFFFFFFFFFFD6
:107800008D41223FFEFFFFFF000000C0FFFFFFFF92
:10781000FFFFFFFFC72FD2BEFEFFFFFF000000C02B
:10782000FFFFFFFFFFFFFFFFB4AECABFFEFFFFFF7A
:10783000000000C0FFFFFFFFFFFFFFFFACC88A3D55
:10784000FEFFFFFF000000C0FFFFFFFFFFFFFFFF85
:107850005F17C9BFFEFFFFFF000000C0FFFFFFFF73
:10786000FFFFFFFF02D1F139FEFFFFFF000000C064
:10787000FFFFFFFFFFFFFFFF07A3AB3FFEFFFFFF81
:10788000000000C0FFFFFFFFFFFFFFFF79AE754064
:107890001600000025D85DC06D0200006E020000D9
:1078A000000000C02D000000347870C06F0200009E
:1078B00070020000000000C02D00000085940D3F04
:1078C0007102000072020000000000C013000000FE
:1078D000228350C07302000074020000000000C048
:1078E0002D0000002B352CBF750200007602000031
:1078F000000000C016000000CBED88BF770200003A
:1079000078020000000000C0160000004B70933E9B
:10791000790200007A020000000000C0230000008D
:10792000BDA86EBE7B0200007C020000000000C00B
:107930000F00000022FEF33F7D0200007E020000E7
:10794000000000C012000000A66ACE3F7F020000C7
:1079500080020000000000C01500000060ED92C031
:107960008102000082020000000000C02D00000023
:10797000642050C08302000084020000000000C0A8
:107980002D000000905EB9BF850200008602000055
:10799000000000C01300000046171D4087020000D1
:1079A00088020000000000C016000000D69D2E4096
:1079B000890200008A020000000000C0FEFFFFFFF5
:1079C000000000C0FFFFFFFFFFFFFFFF1A1C7E3F0C
:1079D000FEFFFFFF000000C0FFFFFFFFFFFFFFFFF4
:1079E00021C81E40FEFFFFFF000000C0FFFFFFFF99
:1079F000FFFFFFFF872A3640FEFFFFFF000000C0A9
:107A0000FFFFFFFFFFFFFFFF4BA4AE40FEFFFFFFA6
:107A1000000000C0FFFFFFFFFFFFFFFFB57FDD3D60
:107A2000FEFFFFFF000000C0FFFFFFFFFFFFFFFFA3
:107A30002DCDAC40FEFFFFFF000000C0FFFFFFFFA9
:107A4000FFFFFFFF1DAE0ABFFEFFFFFF000000C0EB
:107A5000FFFFFFFFFFFFFFFFE204FABFFEFFFFFF94
:107A6000000000C0FFFFFFFFFFFFFFFF6CCBF63EF3
:107A7000FEFFFFFF000000C0FFFFFFFFFFFFFFFF53
:107A8000693048BFFEFFFFFF000000C0FFFFFFFF9F
:107A9000FFFFFFFFB2C162BFFEFFFFFF000000C09B
:107AA000FFFFFFFFFFFFFFFFE25C2E3EFEFFFFFF39
:107AB000000000C0FFFFFFFFFFFFFFFF4B2160BE84
:107AC000FEFFFFFF000000C0FFFFFFFFFFFFFFFF03
:107AD000AE1743C0FEFFFFFF000000C0FFFFFFFF27
:107AE000FFFFFFFFCFEE383FFEFFFFFF000000C0AB
:107AF000FFFFFFFFFFFFFFFF5AFED83F1600000009
:107B000034E1E3C08C0200008D020000000000C0E0
:107B100009000000FE80A3C08E0200008F0200005A
:107B2000000000C0160000008C3BBF409002000027
:107B300091020000000000C0230000008FF908C17E
:107B40009202000093020000000000C02C00000020
:107B5000BDCA2CC09402000095020000000000C0C5
:107B60002C000000F4C111C1960200009702000031
:107B7000000000C02C000000C922D8C098020000FC
:107B800099020000000000C000000000FE150AC1BC
:107B90009A0200009B020000000000C02C000000C0
:107BA0004B9E8AC09C0200009D020000000000C0A5
:107BB00015000000E55A98C09E0200009F020000D8
:107BC000000000C0170000000F1A39C0A00200001A
:107BD000A1020000000000C016000000452C153E68
:107BE000A2020000A3020000000000C02C00000060
:107BF00047194640A4020000A5020000000000C092
:107C00002C000000FD432FC1A6020000A7020000C7
:107C1000000000C02C0000003E4BA040A802000065
:107C2000A9020000000000C0FEFFFFFF000000C02E
:107C3000FFFFFFFFFFFFFFFF4461ED40FEFFFFFF7F
:107C4000000000C0FFFFFFFFFFFFFFFF436F894001
:107C5000FEFFFFFF000000C0FFFFFFFFFFFFFFFF71
:107C60000285333FFEFFFFFF000000C0FFFFFFFF64
:107C7000FFFFFFFF6681A4BEFEFFFFFF000000C004
:107C8000FFFFFFFFFFFFFFFF8C401140FEFFFFFFE4
:107C9000000000C0FFFFFFFFFFFFFFFF189FE54050
:107CA000FEFFFFFF000000C0FFFFFFFFFFFFFFFF21
:107CB0009D030040FEFFFFFF000000C0FFFFFFFF2D
:107CC000FFFFFFFF36B99E3EFEFFFFFF000000C032
:107CD000FFFFFFFFFFFFFFFFC534713FFEFFFFFF08
:107CE000000000C0FFFFFFFFFFFFFFFFFB5F16C0AC
:107CF000FEFFFFFF000000C0FFFFFFFFFFFFFFFFD1
:107D00001A9D1BBDFEFFFFFF000000C0FFFFFFFF2D
:107D1000FFFFFFFF1417DD3EFEFFFFFF000000C066
:107D2000FFFFFFFFFFFFFFFF46880CC1FEFFFFFFC5
:107D3000000000C0FFFFFFFFFFFFFFFFD4BC88C0B3
:107D4000FEFFFFFF000000C0FFFFFFFFFFFFFFFF80
:107D5000D76A8D3FFEFFFFFF000000C0FFFFFFFF5F
:107D6000FFFFFFFF96DD5C401600000049EFCD40AD
:107D7000AB020000AC020000000000C016000000D2
:107D8000CEE62DC0AD020000AE020000000000C033
:107D90002D0000006D1793C0AF020000B00200007C
:107DA000000000C02D000000FF8E7EC0B102000068
:107DB000B2020000000000C02D000000910B043F43
:107DC000B3020000B4020000000000C02D0000005B
:107DD000B21705C1B5020000B6020000000000C0E5
:107DE0002D0000001713A640B7020000B8020000E3
:107DF000000000C01700000017A7F5C0B90200007E
:107E0000BA020000000000C02D0000002B352CBF7E
:107E1000BB020000BC020000000000C01600000011
:107E20002C4462BEBD020000BE020000000000C083
:107E3000160000007C00EA3DBF020000C002000006
:107E4000000000C00C000000F66579C0C10200000F
:107E5000C2020000000000C02D0000003FEBC2C0C5
:107E6000C3020000C4020000000000C003000000C4
:107E7000A6870140C5020000C6020000000000C045
:107E800008000000652316C1C7020000C8020000F8
:107E9000000000C0FEFFFFFF000000C0FFFFFFFF6B
:107EA000FFFFFFFF06411440FEFFFFFF000000C080
:107EB000FFFFFFFFFFFFFFFFFE74753FFEFFFFFFA9
:107EC000000000C0FFFFFFFFFFFFFFFFE1CDBB3D54
:107ED000FEFFFFFF000000C0FFFFFFFFFFFFFFFFEF
:107EE00022E8B0BFFEFFFFFF000000C0FFFFFFFF62
:107EF000FFFFFFFF52CD5F3DFEFFFFFF000000C010
:107F0000FFFFFFFFFFFFFFFFF20EEABEFEFFFFFFD6
:107F1000000000C0FFFFFFFFFFFFFFFF041CAABE21
:107F2000FEFFFFFF000000C0FFFFFFFFFFFFFFFF9E
:107F30009B41563FFEFFFFFF000000C0FFFFFFFF19
:107F4000FFFFFFFF4702D2C0FEFFFFFF000000C09F
:107F5000FFFFFFFFFFFFFFFF5A891BC1FEFFFFFF6F
:107F6000000000C0FFFFFFFFFFFFFFFFD01799C019
:107F7000FEFFFFFF000000C0FFFFFFFFFFFFFFFF4E
:107F800020761CC0FEFFFFFF000000C0FFFFFFFFC8
:107F9000FFFFFFFFCA87EE3FFEFFFFFF000000C0AC
:107FA000FFFFFFFFFFFFFFFF63A6AC3EFEFFFFFFEB
:107FB000000000C0FFFFFFFFFFFFFFFF686603C177
:107FC000FEFFFFFF000000C0FFFFFFFFFFFFFFFFFE
:107FD00035E174402D000000302A25C1CA0200009E
:107FE000CB020000000000C0150000009A7DB7BF62
:107FF000CC020000CD020000000000C02D000000F7
:108000000EAB4640CE020000CF020000000000C0D0
:108010000D00000016A3DFC0D0020000D102000056
:10802000000000C0150000006EA7F23DD202000063
:10803000D3020000000000C02A0000002B062DC162
:10804000D4020000D5020000000000C015000000AE
:108050002E2117BDD6020000D7020000000000C08C
:1080600015000000D9CCC3BFD8020000D90200001F
:10807000000000C00F000000FAD303BFDA020000C6
:10808000DB020000000000C011000000DDD492C03F
:10809000DC020000DD020000000000C0150000004E
:1080A0009FFCF53FDE020000DF020000000000C080
:1080B000150000004EA0EABEE0020000E102000050
:1080C000000000C015000000BC92EBC0E2020000FE
:1080D000E3020000000000C02B0000003B6BE44006
:1080E000E4020000E5020000000000C008000000FB
:1080F00069A525C1E6020000E7020000000000C0FB
:10810000FEFFFFFF000000C0FFFFFFFFFFFFFFFFBC
:108110003DD70940FEFFFFFF000000C0FFFFFFFF4B
:10812000FFFFFFFFE4832941FEFFFFFF000000C0C7
:10813000FFFFFFFFFFFFFFFF7F88533FFEFFFFFFB3
:10814000000000C0FFFFFFFFFFFFFFFF852E2A405A
:10815000FEFFFFFF000000C0FFFFFFFFFFFFFFFF6C
:108160008ECCE83FFEFFFFFF000000C0FFFFFFFFD7
:10817000FFFFFFFFDE034C3CFEFFFFFF000000C0DF
:10818000FFFFFFFFFFFFFFFFBA11A1BFFEFFFFFFD1
:10819000000000C0FFFFFFFFFFFFFFFFEB04CEC0AA
:1081A000FEFFFFFF000000C0FFFFFFFFFFFFFFFF1C
:1081B0003203DFBDFEFFFFFF000000C0FFFFFFFF37
:1081C000FFFFFFFF6C7F0DC0FEFFFFFF000000C040
:1081D000FFFFFFFFFFFFFFFFCBD7803FFEFFFFFF4B
:1081E000000000C0FFFFFFFFFFFFFFFFAAE1353CDB
:1081F000FEFFFFFF000000C0FFFFFFFFFFFFFFFFCC
:1082000079D48FBEFEFFFFFF000000C0FFFFFFFF1D
:10821000FFFFFFFF0A1D14C0FEFFFFFF000000C0AC
:10822000FFFFFFFFFFFFFFFF2A1027C1FEFFFFFF39
:10823000000000C0FFFFFFFFFFFFFFFF4595853FE8
:10824000160000004013AAC0E9020000EA02000084
:10825000000000C02D000000621501C0EB0200000C
:10826000EC020000000000C02D0000008A5A0B4004
:10827000ED020000EE020000000000C0140000004B
:10828000CDB19EC0EF020000F0020000000000C06F
:1082900019000000AF3804C0F1020000F202000033
:1082A000000000C016000000258701C0F302000096
:1082B000F4020000000000C0160000001D02D33FC1
:1082C000F5020000F6020000000000C003000000FC
:1082D0002BD97940F7020000F8020000000000C02E
:1082E000210000002E7685C0F9020000FA0200008D
:1082F000000000C02D00000020A9E63FFB020000A6
:10830000FC020000000000C02D00000002F58D40BE
:10831000FD020000FE020000000000C02900000075
:10832000F8E5CFC0FF02000000030000000000C01D
:108330002D0000004D3055BF010300000203000076
:10834000000000C0160000007DFED6BF0303000041
:1083500004030000000000C0130000006593B24059
:108360000503000006030000000000C0FEFFFFFF41
:10837000000000C0FFFFFFFFFFFFFFFFC05E483FA0
:10838000FEFFFFFF000000C0FFFFFFFFFFFFFFFF3A
:108390002CE7FF3FFEFFFFFF000000C0FFFFFFFFD5
:1083A000FFFFFFFF66856140FEFFFFFF000000C08A
:1083B000FFFFFFFFFFFFFFFFE107F83FFEFFFFFFAB
:1083C000000000C0FFFFFFFFFFFFFFFFC951853F17
:1083D000FEFFFFFF000000C0FFFFFFFFFFFFFFFFEA
:1083E0006FBD16BFFEFFFFFF000000C0FFFFFFFFD5
:1083F000FFFFFFFF8515CEBEFEFFFFFF000000C0A0
:10840000FFFFFFFFFFFFFFFFA2505CC0FEFFFFFF6B
:10841000000000C0FFFFFFFFFFFFFFFF7FED913F68
:10842000FEFFFFFF000000C0FFFFFFFFFFFFFFFF99
:10843000A35C2C3CFEFFFFFF000000C0FFFFFFFF1E
:10844000FFFFFFFFD906BFBEFEFFFFFF000000C019
:10845000FFFFFFFFFFFFFFFF93443F3EFEFFFFFFD5
:10846000000000C0FFFFFFFFFFFFFFFFE91102C098
:10847000FEFFFFFF000000C0FFFFFFFFFFFFFFFF49
:108480006F989C3DFEFFFFFF000000C0FFFFFFFF55
:10849000FFFFFFFFCFADEB3FFEFFFFFF000000C07F
:1084A000FFFFFFFFFFFFFFFF4F324F3F16000000AF
:1084B0004013AAC00803000009030000000000C028
:1084C0002D000000B0565EC00A0300000B03000040
:1084D000000000C016000000A3908B400C030000B9
:1084E0000D030000000000C01400000064D88DC01F
:1084F0000E0300000F030000000000C01700000082
:108500006AF757C01003000011030000000000C00C
:108510002D000000D70D10C112030000130300004E
:10852000000000C02D0000006D1793C01403000070
:1085300015030000000000C0230000006DDB36BE04
:108540001603000017030000000000C01500000023
:10855000702F9BC01803000019030000000000C02A
:1085600008000000A4D0E9401A0300001B0300002B
:10857000000000C02D000000910B043F1C03000010
:108580001D030000000000C01600000013FE6C3F39
:108590001E0300001F030000000000C014000000C4
:1085A0000B92A5402003000021030000000000C042
:1085B0002D0000004A5CE6C02203000023030000F7
:1085C000000000C01F000000308AA4402403000007
:1085D00025030000000000C0FEFFFFFF000000C0F8
:1085E000FFFFFFFFFFFFFFFFCBA9363FFEFFFFFFAF
:1085F000000000C0FFFFFFFFFFFFFFFFAB8FFA3F50
:10860000FEFFFFFF000000C0FFFFFFFFFFFFFFFFB7
:108610002A330740FEFFFFFF000000C0FFFFFFFFFF
:10862000FFFFFFFF5DEB7940FEFFFFFF000000C092
:10863000FFFFFFFFFFFFFFFF4609C93FFEFFFFFFF0
:10864000000000C0FFFFFFFFFFFFFFFF3A05B4BDC2
:10865000FEFFFFFF000000C0FFFFFFFFFFFFFFFF67
:108660005634F3BCFEFFFFFF000000C0FFFFFFFF1A
:10867000FFFFFFFF51E196BFFEFFFFFF000000C0BC
:10868000FFFFFFFFFFFFFFFFA689133FFEFFFFFF76
:10869000000000C0FFFFFFFFFFFFFFFF860A38C09A
:1086A000FEFFFFFF000000C0FFFFFFFFFFFFFFFF17
:1086B000B95F13BDFEFFFFFF000000C0FFFFFFFF1B
:1086C000FFFFFFFF0582EFBFFEFFFFFF000000C0BE
:1086D000FFFFFFFFFFFFFFFF9180C2C0FEFFFFFF14
:1086E000000000C0FFFFFFFFFFFFFFFF8DD732C07C
:1086F000FEFFFFFF000000C0FFFFFFFFFFFFFFFFC7
:10870000D0CA463FFEFFFFFF000000C0FFFFFFFF93
:10871000FFFFFFFFBA5987402D000000B6B4BC40F0
:108720002703000028030000000000C0160000001E
:10873000FFFA24C0290300002A030000000000C043
:108740001600000096E716402B0300002C030000E3
:10875000000000C02D00000042CA66C02D030000CA
:108760002E030000000000C02D0000002B352CBFA0
:108770002F03000030030000000000C013000000C1
:10878000175D30403103000032030000000000C0DC
:108790002D0000004D3C1041330300003403000065
:1087A000000000C0130000006593EDBF350300001A
:1087B00036030000000000C02D000000905EB9BF2D
:1087C0003703000038030000000000C0160000005E
:1087D00067C0783E390300003A030000000000C083
:1087E000160000002FBA28BF3B0300003C03000026
:1087F000000000C01600000012C5943D3D030000BB
:108800003E030000000000C0160000007C00EA3DAE
:108810003F03000040030000000000C0040000000F
:10882000AA2E41414103000042030000000000C0A5
:1088300006000000C08C0241430300004403000016
:10884000000000C0FEFFFFFF000000C0FFFFFFFFB1
:10885000FFFFFFFF315C293FFEFFFFFF000000C06C
:10886000FFFFFFFFFFFFFFFFA5FB0240FEFFFFFF33
:10887000000000C0FFFFFFFFFFFFFFFFFAA06D3CFD
:10888000FEFFFFFF000000C0FFFFFFFFFFFFFFFF35
:108890002CAA5BBFFEFFFFFF000000C0FFFFFFFF31
:1088A000FFFFFFFF182A033DFEFFFFFF000000C08F
:1088B000FFFFFFFFFFFFFFFF1B5575BFFEFFFFFF21
:1088C000000000C0FFFFFFFFFFFFFFFF555A46BF3C
:1088D000FEFFFFFF000000C0FFFFFFFFFFFFFFFFE5
:1088E000F682AB3EFEFFFFFF000000C0FFFFFFFF70
:1088F000FFFFFFFFA2F72BBEFEFFFFFF000000C03F
:10890000FFFFFFFFFFFFFFFF3782813FFEFFFFFFFB
:10891000000000C0FFFFFFFFFFFFFFFFECB971C0C9
:10892000FEFFFFFF000000C0FFFFFFFFFFFFFFFF94
:108930007C5884BFFEFFFFFF000000C0FFFFFFFF69
:10894000FFFFFFFFC8370640FEFFFFFF000000C02B
:10895000FFFFFFFFFFFFFFFFA6E055C1FEFFFFFF88
:10896000000000C0FFFFFFFFFFFFFFFF7C3FE0BEF6
:10897000FEFFFFFF000000C0FFFFFFFFFFFFFFFF44
:10898000BE9867C115000000391F1641460300005C
:1089900047030000000000C02D000000D70D10C1EB
:1089A0004803000049030000000000C00800000068
:1089B000652316C14A0300004B030000000000C0FD
:1089C00016000000B2D1643F4C0300004D030000CC
:1089D000000000C02900000030210CC14E0300003F
:1089E0004F030000000000C0020000003E2B11C039
:1089F0005003000051030000000000C02D000000E3
:108A0000233AFBBF5203000053030000000000C0E4
:108A1000150000009A7DB7BF540300005503000005
:108A2000000000C0160000006651624056030000BE
:108A300057030000000000C016000000B2D1643FE0
:108A40005803000059030000000000C01600000099
:108A5000FB8441405A0300005B030000000000C09B
:108A6000FEFFFFFF000000C0FFFFFFFFFFFFFFFF53
:108A700002F326C1230000009A0B39C15C030000F9
:108A80005D030000000000C02D000000DF59AEC0F3
:108A90005E0300005F030000000000C0160000003D
:108AA0002EC818416003000061030000000000C0F0
:108AB000FEFFFFFF000000C0FFFFFFFFFFFFFFFF03
:108AC0001BAA6B3FFEFFFFFF000000C0FFFFFFFF80
:108AD000FFFFFFFFA061963DFEFFFFFF000000C00B
:108AE000FFFFFFFFFFFFFFFFB7BF0AC0FEFFFFFF53
:108AF000000000C0FFFFFFFFFFFFFFFF83DABFC0E2
:108B0000FEFFFFFF000000C0FFFFFFFFFFFFFFFFB2
:108B10000FD2433FFEFFFFFF000000C0FFFFFFFF3B
:108B2000FFFFFFFF203E01C0FEFFFFFF000000C06F
:108B3000FFFFFFFFFFFFFFFFEF4E0ABDFEFFFFFF3E
:108B4000000000C0FFFFFFFFFFFFFFFF0098083F8E
:108B5000FEFFFFFF000000C0FFFFFFFFFFFFFFFF62
:108B6000F483ECC0FEFFFFFF000000C0FFFFFFFF2B
:108B7000FFFFFFFF59CEBBC0FEFFFFFF000000C09C
:108B8000FFFFFFFFFFFFFFFF2A1F0CC0FEFFFFFFDD
:108B9000000000C0FFFFFFFFFFFFFFFFE2DA1EBD86
:108BA000FEFFFFFF000000C0FFFFFFFFFFFFFFFF12
:108BB000691CB83EFEFFFFFF000000C0FFFFFFFF83
:108BC000FFFFFFFFED545D401600000008ACB6C08B
:108BD0006303000064030000000000C02C000000DC
:108BE000F61A11C06503000066030000000000C013
:108BF00016000000A3908B4067030000680300008C
:108C0000000000C015000000702F9BC06903000029
:108C10006A030000000000C018000000DB7A23C0D7
:108C20006B0300006C030000000000C00C0000009B
:108C30003A0CE2C06D0300006E030000000000C0AB
:108C40002C000000DEBDB6C06F0300007003000002
:108C5000000000C002000000811880C07103000005
:108C600072030000000000C002000000CA0BDEC05A
:108C70007303000074030000000000C00300000044
:108C8000744A45407503000076030000000000C0F0
:108C90002C000000AB7CC640770300007803000086
:108CA000000000C02C000000CD750AC1790300004F
:108CB0007A030000000000C015000000264CF740B9
:108CC0007B0300007C030000000000C014000000D3
:108CD00056B69A407D0300007E030000000000C0ED
:108CE0001E00000039B9AB407F0300008003000084
:108CF000000000C0FEFFFFFF000000C0FFFFFFFFFD
:108D0000FFFFFFFF29616C3EFEFFFFFF000000C078
:108D1000FFFFFFFFFFFFFFFFEF74A53FFEFFFFFF19
:108D2000000000C0FFFFFFFFFFFFFFFF4534BC4016
:108D3000FEFFFFFF000000C0FFFFFFFFFFFFFFFF80
:108D400056212940FEFFFFFF000000C0FFFFFFFF8C
:108D5000FFFFFFFFB2D3273FFEFFFFFF000000C071
:108D6000FFFFFFFFFFFFFFFF43DFFB3FFEFFFFFFB4
:108D7000000000C0FFFFFFFFFFFFFFFF747103BE95
:108D8000FEFFFFFF000000C0FFFFFFFFFFFFFFFF30
:108D9000CCA668C0FEFFFFFF000000C0FFFFFFFF82
:108DA000FFFFFFFFE2D5A53FFEFFFFFF000000C071
:108DB000FFFFFFFFFFFFFFFFE94A39BEFEFFFFFF96
:108DC000000000C0FFFFFFFFFFFFFFFF344ACDBBE5
:108DD000FEFFFFFF000000C0FFFFFFFFFFFFFFFFE0
:108DE000954B22C1FEFFFFFF000000C0FFFFFFFF09
:108DF000FFFFFFFFE9B162C0FEFFFFFF000000C000
:108E0000FFFFFFFFFFFFFFFF3AC241BFFEFFFFFF73
:108E1000000000C0FFFFFFFFFFFFFFFF2A691D3FAB
:108E2000FEFFFFFF000000C0FFFFFFFFFFFFFFFF8F
:108E3000835171402D00000065BC9E4082030000FC
:108E400083030000000000C0160000008A0D18C057
:108E50008403000085030000000000C0160000002D
:108E60007C00EA3D8603000087030000000000C08C
:108E70002D000000D6CA73C08803000089030000DB
:108E8000000000C01500000088DAA8C08A030000B6
:108E90008B030000000000C00F0000003069D13FCC
:108EA0008C0300008D030000000000C016000000CD
:108EB0001FBC24408E0300008F030000000000C090
:108EC00010000000B80CC5BF900300009103000023
:108ED000000000C02D000000A8BAA7BF9203000048
:108EE00093030000000000C01400000067B573C0C9
:108EF0009403000095030000000000C02D00000056
:108F0000C7EB38BF9603000097030000000000C0C5
:108F100016000000C4DEE5BF9803000099030000BE
:108F2000000000C00E000000B3C5D83F9A03000047
:108F30009B030000000000C01500000097524B404A
:108F40009C0300009D030000000000C01100000011
:108F5000695074409E0300009F030000000000C0A1
:108F6000FEFFFFFF000000C0FFFFFFFFFFFFFFFF4E
:108F7000E298FF3EFEFFFFFF000000C0FFFFFFFF83
:108F8000FFFFFFFF605BCD3FFEFFFFFF000000C063
:108F9000FFFFFFFFFFFFFFFF930C003BFEFFFFFF04
:108FA000000000C0FFFFFFFFFFFFFFFF6B8749BF0F
:108FB000FEFFFFFF000000C0FFFFFFFFFFFFFFFFFE
:108FC0009689A440FEFFFFFF000000C0FFFFFFFFE7
:108FD000FFFFFFFF1A697FC0FEFFFFFF000000C018
:108FE000FFFFFFFFFFFFFFFFC41686BEFEFFFFFF70
:108FF000000000C0FFFFFFFFFFFFFFFFD6AB0F3EEB
:10900000FEFFFFFF000000C0FFFFFFFFFFFFFFFFAD
:10901000129711C0FEFFFFFF000000C0FFFFFFFF1F
:10902000FFFFFFFFE5755EBBFEFFFFFF000000C016
:10903000FFFFFFFFFFFFFFFFBED2BFC0FEFFFFFF2E
:10904000000000C0FFFFFFFFFFFFFFFF91C002C055
:10905000FEFFFFFF000000C0FFFFFFFFFFFFFFFF5D
:10906000BC90413FFEFFFFFF000000C0FFFFFFFF7D
:10907000FFFFFFFF10C8F4BFFEFFFFFF000000C0AE
:10908000FFFFFFFFFFFFFFFF841B3340FEFFFFFFDB
:10909000000000C0FFFFFFFFFFFFFFFF51D57A3F39
:1090A00016000000E922BEC0A1030000A2030000D8
:1090B000000000C02D000000621501C0A3030000E5
:1090C000A4030000000000C02D00000065BC9E400D
:1090D000A5030000A6030000000000C0120000006D
:1090E0009DFC86C0A7030000A8030000000000C08C
:1090F00009000000C4061040A9030000AA030000F4
:10910000000000C02D000000D70D10C1AB0300000F
:10911000AC030000000000C0160000001FE0F83F94
:10912000AD030000AE030000000000C0010000001D
:10913000775B7940AF030000B0030000000000C07F
:1091400024000000683C8240B1030000B20300002C
:10915000000000C02D000000C1DC8640B303000009
:10916000B4030000000000C0050000007B731E4136
:10917000B5030000B6030000000000C016000000A8
:109180001D02D33FB7030000B8030000000000C079
:109190002A0000007D440CC1B9030000BA0300009E
:1091A000000000C01500000054D45040BB03000074
:1091B000BC030000000000C00D000000BAE8404001
:1091C000BD030000BE030000000000C0FEFFFFFF63
:1091D000000000C0FFFFFFFFFFFFFFFFC012D93EEE
:1091E000FEFFFFFF000000C0FFFFFFFFFFFFFFFFCC
:1091F000E688C13FFEFFFFFF000000C0FFFFFFFF4A
:10920000FFFFFFFF79C9CE3FFEFFFFFF000000C058
:10921000FFFFFFFFFFFFFFFFF6B96A40FEFFFFFF02
:10922000000000C0FFFFFFFFFFFFFFFFB002AABE6C
:10923000FEFFFFFF000000C0FFFFFFFFFFFFFFFF7B
:10924000B50A31C0FEFFFFFF000000C0FFFFFFFFB7
:10925000FFFFFFFF0D341B3FFEFFFFFF000000C0BC
:10926000FFFFFFFFFFFFFFFF0D9462BFFEFFFFFF49
:10927000000000C0FFFFFFFFFFFFFFFF4D13D03EC8
:10928000FEFFFFFF000000C0FFFFFFFFFFFFFFFF2B
:10929000514C45C0FEFFFFFF000000C0FFFFFFFF75
:1092A000FFFFFFFFC60A89BFFEFFFFFF000000C0EF
:1092B000FFFFFFFFFFFFFFFFEF3D07BDFEFFFFFFCB
:1092C000000000C0FFFFFFFFFFFFFFFF94938B3DF7
:1092D000FEFFFFFF000000C0FFFFFFFFFFFFFFFFDB
:1092E00004A758C0FEFFFFFF000000C0FFFFFFFF04
:1092F000FFFFFFFFDD5C0340FEFFFFFF000000C03B
:10930000FFFFFFFFFFFFFFFF3ED6653F1600000097
:10931000A3908B40C0030000C1030000000000C008
:109320002D000000B3FDD2C0C2030000C303000043
:10933000000000C02D00000027DE80C0C403000034
:10934000C5030000000000C016000000B2D1643F59
:10935000C6030000C7030000000000C015000000A5
:109360003270C340C8030000C9030000000000C001
:109370002D0000006B4ED6C0CA030000CB030000D6
:10938000000000C00E0000000EFE7D40CC03000077
:10939000CD030000000000C0160000004A93D3BFB8
:1093A000CE030000CF030000000000C01500000045
:1093B0000075B4BFD0030000D1030000000000C05E
:1093C000130000009841A540D2030000D303000021
:1093D000000000C00000000024020A40D403000086
:1093E000D5030000000000C0150000000EBE293E9D
:1093F000D6030000D7030000000000C029000000D1
:10940000AE0B1BC1D8030000D9030000000000C050
:109410002D000000A0E1A43FDA030000DB03000000
:10942000000000C0290000009BF0AD40DC030000FC
:10943000DD030000000000C0FEFFFFFF000000C0D1
:10944000FFFFFFFFFFFFFFFF9C973D3FFEFFFFFF7A
:10945000000000C0FFFFFFFFFFFFFFFFE60DEE3D36
:10946000FEFFFFFF000000C0FFFFFFFFFFFFFFFF49
:10947000BBF1A8C0FEFFFFFF000000C0FFFFFFFF21
:10948000FFFFFFFFEA5BE8BFFEFFFFFF000000C039
:10949000FFFFFFFFFFFFFFFF5BDA18BDFEFFFFFFCF
:1094A000000000C0FFFFFFFFFFFFFFFFDD798ABF65
:1094B000FEFFFFFF000000C0FFFFFFFFFFFFFFFFF9
:1094C000102F74C0FEFFFFFF000000C0FFFFFFFF72
:1094D000FFFFFFFF652C48C1FEFFFFFF000000C03B
:1094E000FFFFFFFFFFFFFFFFEBD2CBC0FEFFFFFF41
:1094F000000000C0FFFFFFFFFFFFFFFFE22761C08A
:10950000FEFFFFFF000000C0FFFFFFFFFFFFFFFFA8
:10951000235102BFFEFFFFFF000000C0FFFFFFFF5F
:10952000FFFFFFFFC2C7EDBFFEFFFFFF000000C04F
:10953000FFFFFFFFFFFFFFFF6E1A1B3FFEFFFFFF56
:10954000000000C0FFFFFFFFFFFFFFFF5D421B4069
:10955000FEFFFFFF000000C0FFFFFFFFFFFFFFFF58
:10956000FDFF343EFEFFFFFF000000C0FFFFFFFFD6
:10957000FFFFFFFF1EB4054015000000391F164114
:10958000DF030000E0030000000000C01600000040
:10959000DD6975C0E1030000E2030000000000C0C7
:1095A0000E00000058B53941E3030000E403000059
:1095B000000000C02D00000044E40FC0E5030000DF
:1095C000E6030000000000C02D00000020A9E63FD7
:1095D000E7030000E8030000000000C02D000000C9
:1095E000801DF2BFE9030000EA030000000000C094
:1095F00008000000C7DFEEBFEB030000EC03000033
:10960000000000C0130000009B6C68C0ED03000068
:10961000EE030000000000C02D0000002265234082
:10962000EF030000F0030000000000C00D00000088
:1096300016A3DFC0F1030000F2030000000000C029
:1096400016000000A6D7F6BDF3030000F4030000E7
:10965000000000C00F000000F4F5323EF5030000EA
:10966000F6030000000000C0160000002EC81841DC
:10967000F7030000F8030000000000C00D00000028
:109680009BBEAD40F9030000FA030000000000C0DB
:1096900005000000DF4018C0FB030000FC030000D1
:1096A000000000C0FEFFFFFF000000C0FFFFFFFF43
:1096B000FFFFFFFFC4E9C23EFEFFFFFF000000C046
:1096C000FFFFFFFFFFFFFFFFDF38B93FFEFFFFFF98
:1096D000000000C0FFFFFFFFFFFFFFFF43C327BEE7
:1096E000FEFFFFFF000000C0FFFFFFFFFFFFFFFFC7
:1096F000E02A9FBFFEFFFFFF000000C0FFFFFFFF4B
:10970000FFFFFFFF9BE35C3FFEFFFFFF000000C089
:10971000FFFFFFFFFFFFFFFF7E60D7BDFEFFFFFFE4
:10972000000000C0FFFFFFFFFFFFFFFFD387BBBEAE
:10973000FEFFFFFF000000C0FFFFFFFFFFFFFFFF76
:10974000EDE7123FFEFFFFFF000000C0FFFFFFFF3D
:10975000FFFFFFFF41E48ABEFEFFFFFF000000C0E5
:10976000FFFFFFFFFFFFFFFF7FF54E40FEFFFFFF04
:10977000000000C0FFFFFFFFFFFFFFFFC610AD3E70
:10978000FEFFFFFF000000C0FFFFFFFFFFFFFFFF26
:10979000C49F2E40FEFFFFFF000000C0FFFFFFFF41
:1097A000FFFFFFFF1254A3C0FEFFFFFF000000C039
:1097B000FFFFFFFFFFFFFFFF6BDAE1C0FEFFFFFFD0
:1097C000000000C0FFFFFFFFFFFFFFFFE2BDF73F0C
:1097D000FEFFFFFF000000C0FFFFFFFFFFFFFFFFD6
:1097E0003652C2BF16000000DEBF0641FE03000075
:1097F000FF030000000000C02D000000B21705C1EB
:109800000004000001040000000000C02D00000062
:109810003FEF46C00204000003040000000000C047
:1098200016000000A6D7F6BD0404000005040000E1
:10983000000000C016000000FB8441400604000048
:1098400007040000000000C0150000007534CD4082
:109850000804000009040000000000C00E00000021
:109860004AF9CC400A0400000B040000000000C0CC
:109870002D000000714D3EC10C0400000D040000DD
:10988000000000C015000000E87ADFC00E040000F0
:109890000F040000000000C015000000D6926440D4
:1098A0001004000011040000000000C02D000000A2
:1098B000642050C01204000013040000000000C027
:1098C0000E0000006FBC3CC0140400001504000032
:1098D000000000C02A0000003C9117C116040000DF
:1098E00017040000000000C015000000AC23B340C6
:1098F0001804000019040000000000C0030000006C
:10990000BD2511C01A0400001B040000000000C0A7
:10991000FEFFFFFF000000C0FFFFFFFFFFFFFFFF94
:10992000A03034BDFEFFFFFF000000C0FFFFFFFFBF
:10993000FFFFFFFFDE8D303FFEFFFFFF000000C096
:10994000FFFFFFFFFFFFFFFF5FA05241FEFFFFFF92
:10995000000000C0FFFFFFFFFFFFFFFFCD7592BFBC
:10996000FEFFFFFF000000C0FFFFFFFFFFFFFFFF44
:10997000EC4436BDFEFFFFFF000000C0FFFFFFFF0D
:10998000FFFFFFFF0E1BC8BFFEFFFFFF000000C070
:10999000FFFFFFFFFFFFFFFFDD56DDBFFEFFFFFF05
:1099A000000000C0FFFFFFFFFFFFFFFF4D09C83EA3
:1099B000FEFFFFFF000000C0FFFFFFFFFFFFFFFFF4
:1099C000E9F2C3C0FEFFFFFF000000C0FFFFFFFF82
:1099D000FFFFFFFFE2A93FC0FEFFFFFF000000C046
:1099E000FFFFFFFFFFFFFFFF0E8221BEFEFFFFFF15
:1099F000000000C0FFFFFFFFFFFFFFFFC2A5BFBFCA
:109A0000FEFFFFFF000000C0FFFFFFFFFFFFFFFFA3
:109A1000535C0F41FEFFFFFF000000C0FFFFFFFF90
:109A2000FFFFFFFFA5571340FEFFFFFF000000C030
:109A3000FFFFFFFFFFFFFFFF3D526AC0FEFFFFFF7A
:109A4000000000C0FFFFFFFFFFFFFFFF9AFE2E3F59
:109A500016000000572FC3C01D0400001E040000A4
:109A6000000000C00900000008FCA5C01F040000A1
:109A700020040000000000C02D000000EF79174016
:109A80002104000022040000000000C02D0000009E
:109A90004A5CE6C02304000024040000000000C06B
:109AA0002D000000A7135AC0250400002604000062
:109AB000000000C016000000252ECDBF27040000C6
:109AC00028040000000000C0160000003EF838BF67
:109AD000290400002A040000000000C0100000005B
:109AE00064448FC02B0400002C040000000000C060
:109AF0001600000090711BC12D0400002E04000010
:109B0000000000C02D0000000A9BA8C02F04000028
:109B100030040000000000C0120000000E74733F0B
:109B20003104000032040000000000C02D000000DD
:109B300090A2D6BF3304000034040000000000C02F
:109B40002D00000082ED9FBF3504000036040000A8
:109B5000000000C0130000001BC44D3E370400008D
:109B600038040000000000C0160000001FBC2440A4
:109B7000390400003A040000000000C0FEFFFFFFAF
:109B8000000000C0FFFFFFFFFFFFFFFF448A283FE8
:109B9000FEFFFFFF000000C0FFFFFFFFFFFFFFFF12
:109BA000B3ED1440FEFFFFFF000000C0FFFFFFFF0A
:109BB000FFFFFFFFD76037C0FEFFFFFF000000C0C0
:109BC000FFFFFFFFFFFFFFFFB4BD5BBEFEFFFFFF18
:109BD000000000C0FFFFFFFFFFFFFFFF2A1E563FF0
:109BE000FEFFFFFF000000C0FFFFFFFFFFFFFFFFC2
:109BF000F422E63FFEFFFFFF000000C0FFFFFFFF73
:109C0000FFFFFFFF58A25A3EFEFFFFFF000000C00B
:109C1000FFFFFFFFFFFFFFFF98AADA3FFEFFFFFFF6
:109C2000000000C0FFFFFFFFFFFFFFFF16E9843EBB
:109C3000FEFFFFFF000000C0FFFFFFFFFFFFFFFF71
:109C400020824EBFFEFFFFFF000000C0FFFFFFFFAE
:109C5000FFFFFFFF6C7DB7BEFEFFFFFF000000C0EF
:109C6000FFFFFFFFFFFFFFFF6027B63DFEFFFFFF87
:109C7000000000C0FFFFFFFFFFFFFFFFC076E2BE56
:109C8000FEFFFFFF000000C0FFFFFFFFFFFFFFFF21
:109C9000B1B1EDBFFEFFFFFF000000C0FFFFFFFFFF
:109CA000FFFFFFFF09A67B3EFEFFFFFF000000C095
:109CB000FFFFFFFFFFFFFFFF6071723F2D000000FD
:109CC000A0EAFEC03C0400003D040000000000C00B
:109CD00015000000D2FD68BF3E0400003F040000F4
:109CE000000000C02D00000060FBD73F40040000D2
:109CF00041040000000000C010000000647003BFB9
:109D00004204000043040000000000C015000000F1
:109D1000F03F38404404000045040000000000C04B
:109D20002B000000CE8E01C1460400004704000055
:109D3000000000C0150000005427D9BE48040000F0
:109D400049040000000000C00C0000003A0CE2C012
:109D50004A0400004B040000000000C00E00000098
:109D6000758406C14C0400004D040000000000C0D2
:109D70002B00000003BEFFC04E0400004F04000093
:109D8000000000C02B000000936336C150040000A7
:109D900051040000000000C028000000B79237C145
:109DA0005204000053040000000000C0070000003F
:109DB000035F03405404000055040000000000C08D
:109DC000150000009E9F98BF560400005704000035
:109DD000000000C02A0000001FCFEBBC58040000A8
:109DE00059040000000000C0FEFFFFFF000000C09B
:109DF000FFFFFFFFFFFFFFFF0A98853FFEFFFFFF0A
:109E0000000000C0FFFFFFFFFFFFFFFFC060803EBC
:109E1000FEFFFFFF000000C0FFFFFFFFFFFFFFFF8F
:109E200037FE5941FEFFFFFF000000C0FFFFFFFFAC
:109E3000FFFFFFFF12CCC63FFEFFFFFF000000C088
:109E4000FFFFFFFFFFFFFFFF7C6CCDBEFEFFFFFFAC
:109E5000000000C0FFFFFFFFFFFFFFFF4204914033
:109E6000FEFFFFFF000000C0FFFFFFFFFFFFFFFF3F
:109E700008D07AC0FEFFFFFF000000C0FFFFFFFF19
:109E8000FFFFFFFF5B5FF2BFFEFFFFFF000000C0B0
:109E9000FFFFFFFFFFFFFFFF33FC42BEFEFFFFFFA0
:109EA000000000C0FFFFFFFFFFFFFFFF4496C3BF9E
:109EB000FEFFFFFF000000C0FFFFFFFFFFFFFFFFEF
:109EC00038B2D9BDFEFFFFFF000000C0FFFFFFFF5B
:109ED000FFFFFFFFEFFF0A3EFEFFFFFF000000C095
:109EE000FFFFFFFFFFFFFFFF26BA50BFFEFFFFFF90
:109EF000000000C0FFFFFFFFFFFFFFFFB33C0DBEF0
:109F0000FEFFFFFF000000C0FFFFFFFFFFFFFFFF9E
:109F100046E60240FEFFFFFF000000C0FFFFFFFF1C
:109F2000FFFFFFFFC719A53E16000000DA5DCDC098
:109F30005B0400005C040000000000C00900000099
:109F4000D0DFACC05D0400005E040000000000C073
:109F50002D000000B6B4BC405F04000060040000A7
:109F6000000000C01D00000027F2A2C06104000034
:109F700062040000000000C0210000007F9075C056
:109F80006304000064040000000000C00A00000038
:109F90001CB999C06504000066040000000000C000
:109FA00016000000A6D7F6BD670400006804000094
:109FB000000000C02C00000056CCF4C06904000072
:109FC0006A040000000000C00200000088522CC09B
:109FD0006B0400006C040000000000C015000000CD
:109FE000374A0FC16D0400006E040000000000C07D
:109FF0000A000000E007B6406F0400007004000093
:10A00000000000C02D000000FB63493F7104000008
:10A0100072040000000000C00F00000094F2E14054
:10A020007304000074040000000000C02C00000055
:10A0300087AEE2407504000076040000000000C016
:10A0400016000000BF39D6407704000078040000F5
:10A05000000000C0FEFFFFFF000000C0FFFFFFFF89
:10A06000FFFFFFFF5B707840FEFFFFFF000000C0B6
:10A07000FFFFFFFFFFFFFFFFCCC4453FFEFFFFFFD9
:10A08000000000C0FFFFFFFFFFFFFFFF7F4892BE01
:10A09000FEFFFFFF000000C0FFFFFFFFFFFFFFFF0D
:10A0A0005D5CAA3FFEFFFFFF000000C0FFFFFFFF57
:10A0B000FFFFFFFF08A1193FFEFFFFFF000000C0E8
:10A0C000FFFFFFFFFFFFFFFFCD911440FEFFFFFFEB
:10A0D000000000C0FFFFFFFFFFFFFFFF3C40F43E1A
:10A0E000FEFFFFFF000000C0FFFFFFFFFFFFFFFFBD
:10A0F0005547CC3FFEFFFFFF000000C0FFFFFFFF02
:10A10000FFFFFFFFE6ED6B3EFEFFFFFF000000C01C
:10A11000FFFFFFFFFFFFFFFFE0292540FEFFFFFFDE
:10A12000000000C0FFFFFFFFFFFFFFFF2D380ABD4B
:10A13000FEFFFFFF000000C0FFFFFFFFFFFFFFFF6C
:10A140009DEE56BFFEFFFFFF000000C0FFFFFFFFB8
:10A15000FFFFFFFF9A1E8F3CFEFFFFFF000000C0C5
:10A16000FFFFFFFFFFFFFFFF2D4D12C0FEFFFFFFB0
:10A17000000000C0FFFFFFFFFFFFFFFFB139093FF5
:10A18000FEFFFFFF000000C0FFFFFFFFFFFFFFFF1C
:10A19000359CDF3F2A000000A84D13417A040000DF
:10A1A0007B040000000000C02C00000024C538C162
:10A1B0007C0400007D040000000000C00C000000D2
:10A1C000EA8F343F7E0400007F040000000000C0DE
:10A1D000160000001FE0F83F80040000810400002A
:10A1E000000000C0160000002EC8184182040000C4
:10A1F00083040000000000C0000000007BC7944002
:10A200008404000085040000000000C01600000067
:10A21000665162408604000087040000000000C010
:10A220002D000000E5B33CC1880400008904000053
:10A23000000000C02D0000004F7029C18A040000FA
:10A240008B040000000000C012000000D52A184155
:10A250008C0400008D040000000000C02D000000F0
:10A260008F7E3FC08E0400008F040000000000C0FD
:10A27000FEFFFFFF000000C0FFFFFFFFFFFFFFFF2B
:10A28000FA6D15C1FEFFFFFF000000C0FFFFFFFFDA
:10A29000FFFFFFFFBAD744C114000000701138401F
:10A2A0009004000091040000000000C00C000000B9
:10A2B0006867933F9204000093040000000000C010
:10A2C000FEFFFFFF000000C0FFFFFFFFFFFFFFFFDB
:10A2D000B7E5883BFEFFFFFF000000C0FFFFFFFF68
:10A2E000FFFFFFFF9C608D3FFEFFFFFF000000C0EF
:10A2F000FFFFFFFFFFFFFFFFBD45BFC0FEFFFFFFEA
:10A30000000000C0FFFFFFFFFFFFFFFF584734C002
:10A31000FEFFFFFF000000C0FFFFFFFFFFFFFFFF8A
:10A32000CC69843BFEFFFFFF000000C0FFFFFFFF82
:10A33000FFFFFFFF8FB0A4BFFEFFFFFF000000C0C4
:10A34000FFFFFFFFFFFFFFFF38A583BFFEFFFFFFFB
:10A35000000000C0FFFFFFFFFFFFFFFFB675E23FF9
:10A36000FEFFFFFF000000C0FFFFFFFFFFFFFFFF3A
:10A37000C30AB43FFEFFFFFF000000C0FFFFFFFF66
:10A38000FFFFFFFF6CE0F2BDFEFFFFFF000000C01B
:10A39000FFFFFFFFFFFFFFFF21129D3FFEFFFFFFBB
:10A3A000000000C0FFFFFFFFFFFFFFFF3376884084
:10A3B000160000003AFA2EC1950400009604000031
:10A3C000000000C029000000C871994097040000F7
:10A3D00098040000000000C02D000000B6B4BC408E
:10A3E000990400009A040000000000C0260000004C
:10A3F000E834D43F9B0400009C040000000000C02F
:10A40000020000003F9864409D0400009E0400008C
:10A41000000000C0160000000C2A10C09F040000BD
:10A42000A0040000000000C0160000006A751F4074
:10A43000A1040000A2040000000000C015000000FC
:10A440009E951CC1A3040000A4040000000000C0ED
:10A4500023000000B5974C40A5040000A6040000AE
:10A46000000000C0FEFFFFFF000000C0FFFFFFFF75
:10A47000FFFFFFFF6F94934012000000E36EBE3EAB
:10A48000A7040000A8040000000000C02D00000088
:10A4900073F4BBBFA9040000AA040000000000C0C0
:10A4A00015000000257885C0AB040000AC04000056
:10A4B000000000C0120000005DAF5940AD04000074
:10A4C000AE040000000000C011000000695074409C
:10A4D000AF040000B0040000000000C0FEFFFFFF5A
:10A4E000000000C0FFFFFFFFFFFFFFFF8A87FD3F67
:10A4F000FEFFFFFF000000C0FFFFFFFFFFFFFFFFA9
:10A50000FF747840FEFFFFFF000000C0FFFFFFFF69
:10A51000FFFFFFFF1A96CFBFFEFFFFFF000000C046
:10A52000FFFFFFFFFFFFFFFFF1A3773FFEFFFFFFEE
:10A53000000000C0FFFFFFFFFFFFFFFF4999B04091
:10A54000FEFFFFFF000000C0FFFFFFFFFFFFFFFF58
:10A55000FB5AED40FEFFFFFF000000C0FFFFFFFFC2
:10A56000FFFFFFFF67C3833EFEFFFFFF000000C049
:10A57000FFFFFFFFFFFFFFFF369C15BFFEFFFFFF42
:10A58000000000C0FFFFFFFFFFFFFFFF4B72134003
:10A59000FEFFFFFF000000C0FFFFFFFFFFFFFFFF08
:10A5A000D9839EBDFEFFFFFF000000C0FFFFFFFF3D
:10A5B000FFFFFFFFF6DB823EFEFFFFFF000000C053
:10A5C000FFFFFFFFFFFFFFFFA09BAEBFFEFFFFFFF0
:10A5D000000000C0FFFFFFFFFFFFFFFFB271F43F6D
:10A5E000FEFFFFFF000000C0FFFFFFFFFFFFFFFFB8
:10A5F000154ED63E2D000000ACAAF6C0B2040000F5
:10A60000B3040000000000C015000000D2FD68BFC8
:10A61000B4040000B5040000000000C015000000F4
:10A62000015DBD3FB6040000B7040000000000C09B
:10A630001300000036D9B4BEB8040000B90400000D
:10A64000000000C015000000BB91AC3FBA04000040
:10A65000BB040000000000C02D00000042CA66C01C
:10A66000BC040000BD040000000000C02D0000007C
:10A6700044E40FC0BE040000BF040000000000C09E
:10A680002D000000714D3EC1C0040000C104000057
:10A69000000000C002000000F803FEBFC20400007A
:10A6A000C3040000000000C02C000000BAA8FEC0D7
:10A6B000C4040000C5040000000000C01500000034
:10A6C0001B307340C6040000C7040000000000C037
:10A6D000150000002C2996BFC8040000C904000022
:10A6E000000000C015000000B8275CBFCA040000CD
:10A6F000CB040000000000C02D000000DF59AEC0F8
:10A70000CC040000CD040000000000C00D000000DB
:10A71000DFD7A13FCE040000CF040000000000C03E
:10A72000FEFFFFFF000000C0FFFFFFFFFFFFFFFF76
:10A7300063B6E2BDFEFFFFFF000000C0FFFFFFFFAA
:10A74000FFFFFFFFE5C0E93EFEFFFFFF000000C086
:10A75000FFFFFFFFFFFFFFFF0BC2A63FFEFFFFFF54
:10A76000000000C0FFFFFFFFFFFFFFFF4BFE834025
:10A77000FEFFFFFF000000C0FFFFFFFFFFFFFFFF26
:10A7800029218FBEFEFFFFFF000000C0FFFFFFFF7B
:10A79000FFFFFFFFFEE14440FEFFFFFF000000C09F
:10A7A000FFFFFFFFFFFFFFFFCC9998BFFEFFFFFFFA
:10A7B000000000C0FFFFFFFFFFFFFFFFF58C2AC076
:10A7C000FEFFFFFF000000C0FFFFFFFFFFFFFFFFD6
:10A7D0006188203EFEFFFFFF000000C0FFFFFFFF7B
:10A7E000FFFFFFFF3E4CE2BEFEFFFFFF000000C088
:10A7F000FFFFFFFFFFFFFFFF0DC0A8BEFEFFFFFF33
:10A80000000000C0FFFFFFFFFFFFFFFFF82D9FBC10
:10A81000FEFFFFFF000000C0FFFFFFFFFFFFFFFF85
:10A82000927DC3BFFEFFFFFF000000C0FFFFFFFFE0
:10A83000FFFFFFFF1C5829BFFEFFFFFF000000C005
:10A84000FFFFFFFFFFFFFFFF20E44C3FFEFFFFFF86
:10A85000000000C0FFFFFFFFFFFFFFFFA98D183EB4
:10A8600016000000572FC3C0D1040000D20400001E
:10A87000000000C009000000FE80A3C0D304000057
:10A88000D4040000000000C0060000008D16F8404F
:10A89000D5040000D6040000000000C02D00000018
:10A8A0004A5CE6C0D7040000D8040000000000C0E5
:10A8B0002D000000C6444BC0D9040000DA0400009B
:10A8C000000000C02D000000EF791740DB040000FD
:10A8D000DC040000000000C02D000000F8710E41F3
:10A8E000DD040000DE040000000000C005000000E0
:10A8F0009DB400C1DF040000E0040000000000C0BF
:10A900001D00000027F2A2C0E1040000E2040000E4
:10A91000000000C00E0000000A3B4740E3040000B6
:10A92000E4040000000000C00D000000312B924044
:10A93000E5040000E6040000000000C0160000006E
:10A940007BC3F3BFE7040000E8040000000000C080
:10A9500016000000F4CD11BFE9040000EA04000075
:10A96000000000C010000000008B4B40EB04000012
:10A97000EC040000000000C013000000664E3E40E2
:10A98000ED040000EE040000000000C0FEFFFFFF29
:10A99000000000C0FFFFFFFFFFFFFFFF1742444022
:10A9A000FEFFFFFF000000C0FFFFFFFFFFFFFFFFF4
:10A9B000CE65163FFEFFFFFF000000C0FFFFFFFF58
:10A9C000FFFFFFFF2B3B423FFEFFFFFF000000C0E9
:10A9D000FFFFFFFFFFFFFFFFFA836BBEFEFFFFFFDE
:10A9E000000000C0FFFFFFFFFFFFFFFF708D403F33
:10A9F000FEFFFFFF000000C0FFFFFFFFFFFFFFFFA4
:10AA0000A2380D40FEFFFFFF000000C0FFFFFFFF68
:10AA1000FFFFFFFFF623113EFEFFFFFF000000C017
:10AA2000FFFFFFFFFFFFFFFFACD28C3FFEFFFFFFEA
:10AA3000000000C0FFFFFFFFFFFFFFFFB3F1D53DA8
:10AA4000FEFFFFFF000000C0FFFFFFFFFFFFFFFF53
:10AA50009146DBBDFEFFFFFF000000C0FFFFFFFFD0
:10AA6000FFFFFFFF7A40C3BEFEFFFFFF000000C0F4
:10AA7000FFFFFFFFFFFFFFFFF6BED83EFEFFFFFF19
:10AA8000000000C0FFFFFFFFFFFFFFFF64350D3E2A
:10AA9000FEFFFFFF000000C0FFFFFFFFFFFFFFFF03
:10AAA0003E7E87BFFEFFFFFF000000C0FFFFFFFFED
:10AAB000FFFFFFFF55C3F8BFFEFFFFFF000000C010
:10AAC000FFFFFFFFFFFFFFFF5D5158C116000000B1
:10AAD0003AFA2EC1F0040000F1040000000000C0AA
:10AAE00014000000BAE8A9C0F2040000F30400005A
:10AAF000000000C016000000A4697940F4040000C2
:10AB0000F5040000000000C015000000716F31C1A5
:10AB1000F6040000F7040000000000C01C00000064
:10AB200099D066C0F8040000F9040000000000C0DD
:10AB300014000000D911A140FA040000FB04000039
:10AB4000000000C02D000000A004B8C0FC040000FC
:10AB5000FD040000000000C011000000B00FF1BFB4
:10AB6000FE040000FF040000000000C00800000018
:10AB700073994C3F0005000001050000000000C073
:10AB800012000000A91CEBBF020500000305000035
:10AB9000000000C010000000523C8E400405000080
:10ABA00005050000000000C02D00000042B0BDC03F
:10ABB0000605000007050000000000C007000000B7
:10ABC0004DB9FEC00805000009050000000000C0E6
:10ABD00014000000840F64400A0500000B0500000B
:10ABE000000000C02700000067FFAE400C05000019
:10ABF0000D050000000000C0FEFFFFFF000000C0C8
:10AC0000FFFFFFFFFFFFFFFF51EDD83FFEFFFFFFFC
:10AC1000000000C0FFFFFFFFFFFFFFFF994128BEBC
:10AC2000FEFFFFFF000000C0FFFFFFFFFFFFFFFF71
:10AC30003FB93640FEFFFFFF000000C0FFFFFFFFEF
:10AC4000FFFFFFFFB2DE18BDFEFFFFFF000000C0E8
:10AC5000FFFFFFFFFFFFFFFFC6056440FEFFFFFF92
:10AC6000000000C0FFFFFFFFFFFFFFFF253E6C3F1E
:10AC7000FEFFFFFF000000C0FFFFFFFFFFFFFFFF21
:10AC80004408C940FEFFFFFF000000C0FFFFFFFFB8
:10AC9000FFFFFFFF0D898640FEFFFFFF000000C0A1
:10ACA000FFFFFFFFFFFFFFFF6AB3253EFEFFFFFF31
:10ACB000000000C0FFFFFFFFFFFFFFFF1ECF88BDAA
:10ACC000FEFFFFFF000000C0FFFFFFFFFFFFFFFFD1
:10ACD0006DB2B1C0FEFFFFFF000000C0FFFFFFFF2D
:10ACE000FFFFFFFFAE5CA5BFFEFFFFFF000000C03F
:10ACF000FFFFFFFFFFFFFFFF23E632C0FEFFFFFF66
:10AD0000000000C0FFFFFFFFFFFFFFFF397EA4BF71
:10AD1000FEFFFFFF000000C0FFFFFFFFFFFFFFFF80
:10AD2000FB20873EFEFFFFFF000000C0FFFFFFFF8C
:10AD3000FFFFFFFF4CB8F03F160000002EC818417F
:10AD40000F05000010050000000000C01300000007
:10AD50004BA238411105000012050000000000C0A0
:10AD60002D0000003FEF46C0130500001405000051
:10AD7000000000C013000000CB7EC340150500009A
:10AD800016050000000000C01B000000B41716C12B
:10AD90001705000018050000000000C015000000A5
:10ADA0007534CD40190500001A050000000000C0F0
:10ADB0000E00000058B539411B0500001C050000BD
:10ADC000000000C01600000049EFCD401D05000046
:10ADD0001E050000000000C0160000008923AF40DF
:10ADE0001F05000020050000000000C02200000038
:10ADF0001C7E14C12105000022050000000000C0D7
:10AE000003000000DF711DC02305000024050000C1
:10AE1000000000C00D000000BF8BDFBF2505000053
:10AE200026050000000000C02D00000093CCDAC011
:10AE30002705000028050000000000C002000000F7
:10AE4000FC76E93F290500002A050000000000C04B
:10AE50000000000034B509C02B0500002C050000DF
:10AE6000000000C0FEFFFFFF000000C0FFFFFFFF6B
:10AE7000FFFFFFFF9DA2C63CFEFFFFFF000000C0DA
:10AE8000FFFFFFFFFFFFFFFF7EABA13FFEFFFFFFC6
:10AE9000000000C0FFFFFFFFFFFFFFFF1ACD98BFBC
:10AEA000FEFFFFFF000000C0FFFFFFFFFFFFFFFFEF
:10AEB000F1ABE3BDFEFFFFFF000000C0FFFFFFFF9F
:10AEC000FFFFFFFFDE3C43BDFEFFFFFF000000C0B1
:10AED000FFFFFFFFFFFFFFFFA71E81C0FEFFFFFF79
:10AEE000000000C0FFFFFFFFFFFFFFFFA212BEC078
:10AEF000FEFFFFFF000000C0FFFFFFFFFFFFFFFF9F
:10AF00006EF639C0FEFFFFFF000000C0FFFFFFFF2D
:10AF1000FFFFFFFFCC9563C0FEFFFFFF000000C0F6
:10AF2000FFFFFFFFFFFFFFFF18B18EBFFEFFFFFF18
:10AF3000000000C0FFFFFFFFFFFFFFFF85ACF2BF77
:10AF4000FEFFFFFF000000C0FFFFFFFFFFFFFFFF4E
:10AF50000DC4C8BDFEFFFFFF000000C0FFFFFFFFE4
:10AF6000FFFFFFFF9475F73FFEFFFFFF000000C0EB
:10AF7000FFFFFFFFFFFFFFFF3DD6833EFEFFFFFF0A
:10AF8000000000C0FFFFFFFFFFFFFFFF799311C02C
:10AF9000FEFFFFFF000000C0FFFFFFFFFFFFFFFFFE
:10AFA000799FD6C02D00000065BC9E402E05000094
:10AFB0002F050000000000C016000000BBE51CC00B
:10AFC0003005000031050000000000C01600000040
:10AFD000BCBE58BF3205000033050000000000C0B1
:10AFE0001E000000E4DEB7C0340500003505000097
:10AFF000000000C015000000297EA5C03605000035
:10B0000037050000000000C0130000001BFD213EBA
:10B010003805000039050000000000C007000000EE
:10B02000E811EFC03A0500003B050000000000C039
:10B03000150000005E1BD6BF3C0500003D0500006A
:10B04000000000C02D000000A8BAA7BF3E05000008
:10B050003F050000000000C01400000067B573C089
:10B060004005000041050000000000C02D00000068
:10B07000C7EB38BF4205000043050000000000C0D8
:10B0800016000000C4DEE5BF4405000045050000D1
:10B09000000000C00A000000ADD476404605000064
:10B0A00047050000000000C0030000001BD2B6BF2F
:10B0B0004805000049050000000000C0160000001F
:10B0C0003AAAC8404A0500004B050000000000C035
:10B0D000FEFFFFFF000000C0FFFFFFFFFFFFFFFFBD
:10B0E000AF8E083FFEFFFFFF000000C0FFFFFFFF25
:10B0F000FFFFFFFFDD6BE43FFEFFFFFF000000C02E
:10B10000FFFFFFFFFFFFFFFFF432B53DFEFFFFFF34
:10B11000000000C0FFFFFFFFFFFFFFFF73BFFCBE8B
:10B12000FEFFFFFF000000C0FFFFFFFFFFFFFFFF6C
:10B1300026504B40FEFFFFFF000000C0FFFFFFFF57
:10B14000FFFFFFFF1F6581C0FEFFFFFF000000C083
:10B15000FFFFFFFFFFFFFFFF38BE31BEFEFFFFFF17
:10B16000000000C0FFFFFFFFFFFFFFFF25E4633D7E
:10B17000FEFFFFFF000000C0FFFFFFFFFFFFFFFF1C
:10B1800026E793BFFEFFFFFF000000C0FFFFFFFFA9
:10B19000FFFFFFFF5F76A4BDFEFFFFFF000000C0C2
:10B1A000FFFFFFFFFFFFFFFF863849C0FEFFFFFFE5
:10B1B000000000C0FFFFFFFFFFFFFFFF4A1A97BF1D
:10B1C000FEFFFFFF000000C0FFFFFFFFFFFFFFFFCC
:10B1D0001253A9C0FEFFFFFF000000C0FFFFFFFFEA
:10B1E000FFFFFFFF482DBCBFFEFFFFFF000000C0B8
:10B1F000FFFFFFFFFFFFFFFFBA67983EFEFFFFFF65
:10B20000000000C0FFFFFFFFFFFFFFFFB34CA53FA3
:10B2100016000000E922BEC04D0500004E050000EA
:10B22000000000C00100000082E587BF4F0500005C
:10B2300050050000000000C0060000008D16F84018
:10B240005105000052050000000000C0140000007D
:10B2500067B573C05305000054050000000000C02E
:10B260000B0000002771C140550500005605000085
:10B27000000000C02D00000065BC9E405705000086
:10B2800058050000000000C02D0000004D3C10419A
:10B29000590500005A050000000000C00D00000024
:10B2A00036D9CC3F5B0500005C050000000000C003
:10B2B000270000009826F1BE5D0500005E05000035
:10B2C000000000C009000000167525C05F050000E1
:10B2D00060050000000000C01200000082A12B3FAA
:10B2E0006105000062050000000000C017000000BA
:10B2F000CF4A44C16305000064050000000000C09F
:10B3000016000000CA26AB3E650500006605000079
:10B31000000000C011000000829247406705000055
:10B3200068050000000000C001000000CBC77540A8
:10B33000690500006A050000000000C0FEFFFFFF75
:10B34000000000C0FFFFFFFFFFFFFFFF028E1ABEDD
:10B35000FEFFFFFF000000C0FFFFFFFFFFFFFFFF3A
:10B3600089C43E3FFEFFFFFF000000C0FFFFFFFF5C
:10B37000FFFFFFFFC8DD0040FEFFFFFF000000C031
:10B38000FFFFFFFFFFFFFFFF77AC27BEFEFFFFFFC2
:10B39000000000C0FFFFFFFFFFFFFFFFE500AE3F23
:10B3A000FEFFFFFF000000C0FFFFFFFFFFFFFFFFEA
:10B3B000C46CBD3EFEFFFFFF000000C0FFFFFFFFAB
:10B3C000FFFFFFFFCB63D23FFEFFFFFF000000C087
:10B3D000FFFFFFFFFFFFFFFF75B8C440FEFFFFFF49
:10B3E000000000C0FFFFFFFFFFFFFFFFC62D863EEE
:10B3F000FEFFFFFF000000C0FFFFFFFFFFFFFFFF9A
:10B400002A9234BDFEFFFFFF000000C0FFFFFFFFD8
:10B41000FFFFFFFFBE09EDBDFEFFFFFF000000C004
:10B42000FFFFFFFFFFFFFFFF78FB0B3FFEFFFFFF6C
:10B43000000000C0FFFFFFFFFFFFFFFFD02DBE3D5C
:10B44000FEFFFFFF000000C0FFFFFFFFFFFFFFFF49
:10B45000427586BFFEFFFFFF000000C0FFFFFFFF39
:10B46000FFFFFFFF721C7B3FFEFFFFFF000000C0DD
:10B47000FFFFFFFFFFFFFFFF206339C11600000041
:10B480002EC818416C0500006D050000000000C0CA
:10B4900013000000CB7EC3406E0500006F05000066
:10B4A000000000C014000000A799B2407005000021
:10B4B00071050000000000C016000000934D6A40B6
:10B4C0007205000073050000000000C016000000B7
:10B4D000446AA2407405000075050000000000C029
:10B4E0002C00000067C1F0C0760500007705000061
:10B4F000000000C008000000652316C178050000A8
:10B5000079050000000000C02C000000243BBCC0F6
:10B510007A0500007B050000000000C02C00000040
:10B52000970052C07C0500007D050000000000C0AF
:10B530001D000000729C03417E0500007F05000095
:10B54000000000C0000000002B7C214180050000AD
:10B5500081050000000000C00400000035298D4076
:10B560008205000083050000000000C00700000005
:10B57000376308C08405000085050000000000C096
:10B58000FEFFFFFF000000C0FFFFFFFFFFFFFFFF08
:10B590001BAEE9C0230000008FF643C18605000002
:10B5A00087050000000000C0FEFFFFFF000000C094
:10B5B000FFFFFFFFFFFFFFFFC6C6FE3DFEFFFFFFD1
:10B5C000000000C0FFFFFFFFFFFFFFFF57707FBDC0
:10B5D000FEFFFFFF000000C0FFFFFFFFFFFFFFFFB8
:10B5E000A5F9A5BFFEFFFFFF000000C0FFFFFFFFA2
:10B5F000FFFFFFFFBE980C3FFEFFFFFF000000C0F3
:10B60000FFFFFFFFFFFFFFFFCA3998BFFEFFFFFFED
:10B61000000000C0FFFFFFFFFFFFFFFFA199F4C084
:10B62000FEFFFFFF000000C0FFFFFFFFFFFFFFFF67
:10B63000C44E00BEFEFFFFFF000000C0FFFFFFFF83
:10B64000FFFFFFFF25E736C0FEFFFFFF000000C041
:10B65000FFFFFFFFFFFFFFFF9F03DCBFFEFFFFFFBA
:10B66000000000C0FFFFFFFFFFFFFFFF4D9989C0F3
:10B67000FEFFFFFF000000C0FFFFFFFFFFFFFFFF17
:10B6800028FF48BFFEFFFFFF000000C0FFFFFFFFD5
:10B69000FFFFFFFF93F95B3FFEFFFFFF000000C0CD
:10B6A000FFFFFFFFFFFFFFFF25B81D40FEFFFFFF6D
:10B6B000000000C0FFFFFFFFFFFFFFFF00248E3FE1
:10B6C00016000000572FC3C0890500008A0500003E
:10B6D000000000C0000000002B98A5BF8B050000F3
:10B6E0008C050000000000C006000000C08C024174
:10B6F0008D0500008E050000000000C01400000051
:10B70000A33EADC08F05000090050000000000C002
:10B710000A000000E007B640910500009205000015
:10B72000000000C02D00000020A9E63F93050000A6
:10B7300094050000000000C010000000008B4B408A
:10B740009505000096050000000000C00E000000F6
:10B75000254157409705000098050000000000C0F3
:10B7600027000000984F26BE990500009A050000AA
:10B77000000000C009000000167525C09B050000F0
:10B780009C050000000000C0110000001F7CAC3FC1
:10B790009D0500009E050000000000C0160000008E
:10B7A000252ECDBF9F050000A0050000000000C0B1
:10B7B00016000000AFFAF13FA1050000A20500004D
:10B7C000000000C000000000D44EC940A3050000E6
:10B7D000A4050000000000C00E0000007342B63F48
:10B7E000A5050000A6050000000000C0FEFFFFFF49
:10B7F000000000C0FFFFFFFFFFFFFFFF492C17BE47
:10B80000FEFFFFFF000000C0FFFFFFFFFFFFFFFF85
:10B81000E31E683FFEFFFFFF000000C0FFFFFFFFC9
:10B82000FFFFFFFFA110BF3FFEFFFFFF000000C0B2
:10B83000FFFFFFFFFFFFFFFF85FBC63DFEFFFFFF92
:10B84000000000C0FFFFFFFFFFFFFFFF4F90903F92
:10B85000FEFFFFFF000000C0FFFFFFFFFFFFFFFF35
:10B86000245A8E3EFEFFFFFF000000C0FFFFFFFFD7
:10B87000FFFFFFFF3364853FFEFFFFFF000000C0B6
:10B88000FFFFFFFFFFFFFFFF25E58F40FEFFFFFFEC
:10B89000000000C0FFFFFFFFFFFFFFFF2667973D8F
:10B8A000FEFFFFFF000000C0FFFFFFFFFFFFFFFFE5
:10B8B0003DA4FFBDFEFFFFFF000000C0FFFFFFFF34
:10B8C000FFFFFFFFB6A9C5BCFEFFFFFF000000C0E1
:10B8D000FFFFFFFFFFFFFFFFC8AF0E3FFEFFFFFFB1
:10B8E000000000C0FFFFFFFFFFFFFFFF6245C63EF5
:10B8F000FEFFFFFF000000C0FFFFFFFFFFFFFFFF95
:10B9000077D180BFFEFFFFFF000000C0FFFFFFFFF9
:10B91000FFFFFFFF5F2800C1FEFFFFFF000000C028
:10B92000FFFFFFFFFFFFFFFFFBE57BBF0C000000F9
:10B930001CBEFDC0A8050000A9050000000000C055
:10B9400017000000BC61C240AA050000AB05000062
:10B95000000000C012000000879332C1AC05000057
:10B96000AD050000000000C01B00000085F62EC1E0
:10B97000AE050000AF050000000000C00700000099
:10B98000E811EFC0B0050000B1050000000000C0E4
:10B99000160000001A5C61C0B2050000B30500008B
:10B9A000000000C016000000DA5DCDC0B405000044
:10B9B000B5050000000000C013000000E8791EC0BB
:10B9C000B6050000B7050000000000C00F00000031
:10B9D0007D923AC0B8050000B9050000000000C023
:10B9E0000B000000F7D4FEC0BA050000BB05000044
:10B9F000000000C0130000009B6CB9C0BC05000033
:10BA0000BD050000000000C00F0000002B4AB3403D
:10BA1000BE050000BF050000000000C014000000CB
:10BA2000F467E6C0C0050000C1050000000000C0CA
:10BA30000000000072B02940C2050000C3050000EC
:10BA4000000000C007000000B3AFF640C4050000CE
:10BA5000C5050000000000C0FEFFFFFF000000C0A1
:10BA6000FFFFFFFFFFFFFFFFCD530D41FEFFFFFF75
:10BA7000000000C0FFFFFFFFFFFFFFFF0C596E40FB
:10BA8000FEFFFFFF000000C0FFFFFFFFFFFFFFFF03
:10BA90002B5C52BEFEFFFFFF000000C0FFFFFFFF58
:10BAA000FFFFFFFF65D0ED3FFEFFFFFF000000C07E
:10BAB000FFFFFFFFFFFFFFFF43CA0540FEFFFFFF41
:10BAC000000000C0FFFFFFFFFFFFFFFF0B083D412D
:10BAD000FEFFFFFF000000C0FFFFFFFFFFFFFFFFB3
:10BAE0008D772C40FEFFFFFF000000C0FFFFFFFF2F
:10BAF000FFFFFFFF33CC0F3DFEFFFFFF000000C044
:10BB0000FFFFFFFFFFFFFFFFB8AA11BFFEFFFFFF10
:10BB1000000000C0FFFFFFFFFFFFFFFF3C9DF9405B
:10BB2000FEFFFFFF000000C0FFFFFFFFFFFFFFFF62
:10BB3000B4A5A5C0FEFFFFFF000000C0FFFFFFFF90
:10BB4000FFFFFFFF2DBC02C0FEFFFFFF000000C093
:10BB5000FFFFFFFFFFFFFFFF6757C43DFEFFFFFF33
:10BB6000000000C0FFFFFFFFFFFFFFFFAB10413FE2
:10BB7000FEFFFFFF000000C0FFFFFFFFFFFFFFFF12
:10BB800042774DBBFEFFFFFF000000C0FFFFFFFF3D
:10BB9000FFFFFFFF2760FABE1A00000025204BC1FF
:10BBA000C7050000C8050000000000C0020000003A
:10BBB000E9661CBFC9050000CA050000000000C0FE
:10BBC00016000000DEBF0641CB050000CC050000DA
:10BBD000000000C008000000CCE29CC0CD050000C1
:10BBE000CE050000000000C006000000099B65BCF7
:10BBF000CF050000D0050000000000C013000000C9
:10BC0000C743A940D1050000D2050000000000C0D4
:10BC10002D000000DF59AEC0D3050000D4050000A0
:10BC2000000000C0000000000000F0C0D5050000CA
:10BC3000D6050000000000C005000000E2ABA63DF4
:10BC4000D7050000D8050000000000C01F0000005C
:10BC5000433F3DC1D9050000DA050000000000C0E7
:10BC60002B000000E1473CC1DB050000DC050000C3
:10BC7000000000C0150000004A727740DD0500009A
:10BC8000DE050000000000C016000000446AA2406B
:10BC9000DF050000E0050000000000C01500000006
:10BCA00057F4C740E1050000E2050000000000C0B5
:10BCB00015000000AC23B340E3050000E4050000DC
:10BCC000000000C0FEFFFFFF000000C0FFFFFFFFFD
:10BCD000FFFFFFFF386D66C0FEFFFFFF000000C0E2
:10BCE000FFFFFFFFFFFFFFFFD0F71BC0FEFFFFFFBF
:10BCF000000000C0FFFFFFFFFFFFFFFF40F18CBE11
:10BD0000FEFFFFFF000000C0FFFFFFFFFFFFFFFF80
:10BD1000B5136BC0FEFFFFFF000000C0FFFFFFFF79
:10BD2000FFFFFFFF12B22B3FFEFFFFFF000000C02E
:10BD3000FFFFFFFFFFFFFFFF4EB52440FEFFFFFFA9
:10BD4000000000C0FFFFFFFFFFFFFFFF50F1F740C3
:10BD5000FEFFFFFF000000C0FFFFFFFFFFFFFFFF30
:10BD6000CE853E40FEFFFFFF000000C0FFFFFFFF4B
:10BD7000FFFFFFFF377D8BBBFEFFFFFF000000C012
:10BD8000FFFFFFFFFFFFFFFFDFDFD23EFEFFFFFFF2
:10BD9000000000C0FFFFFFFFFFFFFFFFAF2790BFC6
:10BDA000FEFFFFFF000000C0FFFFFFFFFFFFFFFFE0
:10BDB0004ADA1EBEFEFFFFFF000000C0FFFFFFFFCC
:10BDC000FFFFFFFF4C901FC0FEFFFFFF000000C001
:10BDD000FFFFFFFFFFFFFFFF997161BFFEFFFFFF46
:10BDE000000000C0FFFFFFFFFFFFFFFFD326C8409A
:10BDF000FEFFFFFF000000C0FFFFFFFFFFFFFFFF90
:10BE00003224493F2C00000024C538C1E60500005B
:10BE1000E7050000000000C016000000592AE23EBD
:10BE2000E8050000E9050000000000C02D0000004A
:10BE3000FB63493FEA050000EB050000000000C07D
:10BE40002D00000063FB39C1EC050000ED0500008A
:10BE5000000000C0160000001FE0F83FEE050000E3
:10BE6000EF050000000000C0160000007BC3F3BF18
:10BE7000F0050000F1050000000000C01600000001
:10BE8000867A9ABFF2050000F3050000000000C0AA
:10BE90000C0000009755533FF4050000F505000025
:10BEA000000000C02A000000A4074AC1F6050000F7
:10BEB000F7050000000000C015000000DB6406BFAD
:10BEC000F8050000F9050000000000C02D0000008A
:10BED000302A25C1FA050000FB050000000000C063
:10BEE000180000000C9BA3C0FC050000FD0500002D
:10BEF000000000C02D00000082ED9FBFFE05000085
:10BF0000FF050000000000C015000000266A39BFD0
:10BF10000006000001060000000000C01300000041
:10BF20009841A5400206000003060000000000C082
:10BF3000FEFFFFFF000000C0FFFFFFFFFFFFFFFF4E
:10BF40005B45383DFEFFFFFF000000C0FFFFFFFF25
:10BF5000FFFFFFFFE648F43FFEFFFFFF000000C0C9
:10BF6000FFFFFFFFFFFFFFFFECEE3241FEFFFFFF91
:10BF7000000000C0FFFFFFFFFFFFFFFF020AB03F0E
:10BF8000FEFFFFFF000000C0FFFFFFFFFFFFFFFFFE
:10BF9000D66B2AC0FEFFFFFF000000C0FFFFFFFFBF
:10BFA000FFFFFFFFA56D2CBFFEFFFFFF000000C0DD
:10BFB000FFFFFFFFFFFFFFFFB5D48EC0FEFFFFFFB7
:10BFC000000000C0FFFFFFFFFFFFFFFFF099BCBFB5
:10BFD000FEFFFFFF000000C0FFFFFFFFFFFFFFFFAE
:10BFE000241DE23EFEFFFFFF000000C0FFFFFFFF39
:10BFF000FFFFFFFF0FA10DBDFEFFFFFF000000C010
:10C00000FFFFFFFFFFFFFFFFD8DCA4BEFEFFFFFF27
:10C01000000000C0FFFFFFFFFFFFFFFF4AF4CA3C24
:10C02000FEFFFFFF000000C0FFFFFFFFFFFFFFFF5D
:10C030004EBC13BFFEFFFFFF000000C0FFFFFFFF6D
:10C04000FFFFFFFF84D1CBBFFEFFFFFF000000C05A
:10C05000FFFFFFFFFFFFFFFF28D2933EFEFFFFFF22
:10C06000000000C0FFFFFFFFFFFFFFFF82F26CBE7A
:10C070002B000000509D124105060000060600003E
:10C08000000000C027000000B11D0A4107060000A3
:10C0900008060000000000C0140000003F9D224080
:10C0A000090600000A060000000000C02D00000084
:10C0B000B6B4BC400B0600000C060000000000C037
:10C0C0000F0000001CD8E13E0D0600000E06000027
:10C0D000000000C00D0000009CA6923F0F0600006B
:10C0E00010060000000000C01000000039CEA4407F
:10C0F0001106000012060000000000C01100000040
:10C100007756DB401306000014060000000000C054
:10C1100008000000652316C1150600001606000081
:10C12000000000C00500000011ACCB401706000065
:10C1300018060000000000C011000000DEA58B40C2
:10C14000190600001A060000000000C002000000EE
:10C150009F7BD0401B0600001C060000000000C0B2
:10C16000060000005076823F1D0600001E060000FB
:10C17000000000C013000000B04510401F06000082
:10C1800020060000000000C009000000BD86C2407B
:10C190002106000022060000000000C0FEFFFFFF95
:10C1A000000000C0FFFFFFFFFFFFFFFFD115933B23
:10C1B000FEFFFFFF000000C0FFFFFFFFFFFFFFFFCC
:10C1C000369508BFFEFFFFFF000000C0FFFFFFFF26
:10C1D000FFFFFFFF4BCC73C0FEFFFFFF000000C05E
:10C1E000FFFFFFFFFFFFFFFF83E1A33EFEFFFFFF17
:10C1F000000000C0FFFFFFFFFFFFFFFF92BB5AC11F
:10C20000FEFFFFFF000000C0FFFFFFFFFFFFFFFF7B
:10C2100086927CC1FEFFFFFF000000C0FFFFFFFF12
:10C22000FFFFFFFFB8326FBEFEFFFFFF000000C040
:10C23000FFFFFFFFFFFFFFFFF8B767C0FEFFFFFF35
:10C24000000000C0FFFFFFFFFFFFFFFFD62687BDF6
:10C25000FEFFFFFF000000C0FFFFFFFFFFFFFFFF2B
:10C26000E02EFCC0FEFFFFFF000000C0FFFFFFFF4D
:10C27000FFFFFFFF60284640FEFFFFFF000000C0F9
:10C28000FFFFFFFFFFFFFFFFCBE2AB3FFEFFFFFF24
:10C29000000000C0FFFFFFFFFFFFFFFF2DC468BECF
:10C2A000FEFFFFFF000000C0FFFFFFFFFFFFFFFFDB
:10C2B0009E6EC53FFEFFFFFF000000C0FFFFFFFFB7
:10C2C000FFFFFFFF6409C4BDFEFFFFFF000000C0C9
:10C2D000FFFFFFFFFFFFFFFFD7620FC01600000048
:10C2E0001FE0F8402406000025060000000000C002
:10C2F000130000009841A540260600002706000014
:10C30000000000C02B000000758AE2C02806000073
:10C3100029060000000000C016000000A2FA7040CC
:10C320002A0600002B060000000000C016000000D6
:10C330003AFA9E402C0600002D060000000000C0C6
:10C34000150000007534CD402E0600002F060000B9
:10C35000000000C013000000CB7EC3403006000088
:10C3600031060000000000C02C000000243BBCC0CF
:10C370003206000033060000000000C02C00000060
:10C38000C306AF3F3406000035060000000000C0C1
:10C390001D000000729C03413606000037060000B5
:10C3A000000000C0000000002B7C21413806000086
:10C3B00039060000000000C007000000E27F8EBFC9
:10C3C0003A0600003B060000000000C01C00000010
:10C3D000B3D516C13C0600003D060000000000C0B9
:10C3E0001F0000007D4C11C13E0600003F0600000A
:10C3F000000000C025000000DEC315C1400600009B
:10C4000041060000000000C0FEFFFFFF000000C06A
:10C41000FFFFFFFFFFFFFFFF22CDDF3DFEFFFFFF1E
:10C42000000000C0FFFFFFFFFFFFFFFFD38E48BDEE
:10C43000FEFFFFFF000000C0FFFFFFFFFFFFFFFF49
:10C44000D6377C3DFEFFFFFF000000C0FFFFFFFF6F
:10C45000FFFFFFFFC3F50F40FEFFFFFF000000C01E
:10C46000FFFFFFFFFFFFFFFFADBD4CBFFEFFFFFF64
:10C47000000000C0FFFFFFFFFFFFFFFF29FCDFC040
:10C48000FEFFFFFF000000C0FFFFFFFFFFFFFFFFF9
:10C49000AF189CBDFEFFFFFF000000C0FFFFFFFFC5
:10C4A000FFFFFFFF3F662DC0FEFFFFFF000000C043
:10C4B000FFFFFFFFFFFFFFFF3EFBD1BFFEFFFFFFC0
:10C4C000000000C0FFFFFFFFFFFFFFFFD1CB67C0F1
:10C4D000FEFFFFFF000000C0FFFFFFFFFFFFFFFFA9
:10C4E000302D293EFEFFFFFF000000C0FFFFFFFFD1
:10C4F000FFFFFFFFDC1A5DBFFEFFFFFF000000C073
:10C50000FFFFFFFFFFFFFFFF863DEF3CFEFFFFFF4A
:10C51000000000C0FFFFFFFFFFFFFFFFC8A2444075
:10C52000FEFFFFFF000000C0FFFFFFFFFFFFFFFF58
:10C530009AC0B23FFEFFFFFF000000C0FFFFFFFFF9
:10C54000FFFFFFFF104AC1BC0C000000B17380BEAA
:10C550004306000044060000000000C02C0000005C
:10C56000CF65EC404506000046060000000000C014
:10C57000280000009FAE3EC14706000048060000AC
:10C58000000000C01600000067C0783E49060000A9
:10C590004A060000000000C0240000005794CFBFEE
:10C5A0004B0600004C060000000000C01F00000009
:10C5B0008E1044C14D0600004E060000000000C071
:10C5C0001400000000B032C14F0600005006000009
:10C5D000000000C02D0000002F847BC05106000029
:10C5E00052060000000000C02D0000002F847BC018
:10C5F0005306000054060000000000C010000000B8
:10C60000A19238415506000056060000000000C007
:10C610000B00000041D3A0C05706000058060000E0
:10C62000000000C016000000DB12A6BF5906000083
:10C630005A060000000000C029000000E9D94AC1E4
:10C640005B0600005C060000000000C01600000051
:10C650005E3E8AC05D0600005E060000000000C06D
:10C66000160000005C2112405F060000600600001A
:10C67000000000C0FEFFFFFF000000C0FFFFFFFF43
:10C68000FFFFFFFF94DAD73DFEFFFFFF000000C071
:10C69000FFFFFFFFFFFFFFFF14C551BEFEFFFFFFBF
:10C6A000000000C0FFFFFFFFFFFFFFFFD5F18ABFC3
:10C6B000FEFFFFFF000000C0FFFFFFFFFFFFFFFFC7
:10C6C0008F90913EFEFFFFFF000000C0FFFFFFFFC5
:10C6D000FFFFFFFFDB9190C0FEFFFFFF000000C0E7
:10C6E000FFFFFFFFFFFFFFFFB10DC7C0FEFFFFFF12
:10C6F000000000C0FFFFFFFFFFFFFFFFB1C1B63D1D
:10C70000FEFFFFFF000000C0FFFFFFFFFFFFFFFF76
:10C710000A0817C0FEFFFFFF000000C0FFFFFFFF79
:10C72000FFFFFFFF1590DB3FFEFFFFFF000000C093
:10C73000FFFFFFFFFFFFFFFFEDDD50BFFEFFFFFF2D
:10C74000000000C0FFFFFFFFFFFFFFFF27D8A3404F
:10C75000FEFFFFFF000000C0FFFFFFFFFFFFFFFF26
:10C76000F793E13FFEFFFFFF000000C0FFFFFFFF68
:10C77000FFFFFFFF558C9A3FFEFFFFFF000000C048
:10C78000FFFFFFFFFFFFFFFF8DC34441FEFFFFFFE1
:10C79000000000C0FFFFFFFFFFFFFFFF7FB605BDEA
:10C7A000FEFFFFFF000000C0FFFFFFFFFFFFFFFFD6
:10C7B000FE70303E2B000000509D124162060000CA
:10C7C00063060000000000C027000000B11D0A4100
:10C7D0006406000065060000000000C014000000B0
:10C7E0003F9D22406606000067060000000000C072
:10C7F0002D000000F46EB0406806000069060000DD
:10C80000000000C011000000F21879406A06000024
:10C810006B060000000000C00E00000062CD0B405F
:10C820006C0600006D060000000000C0090000005A
:10C8300066111F3E6E0600006F060000000000C07B
:10C840001600000041C655C07006000071060000C9
:10C85000000000C016000000CA26AB3E72060000B1
:10C8600073060000000000C01F0000006ABBB33F59
:10C870007406000075060000000000C01D000000E6
:10C88000847EC33F7606000077060000000000C0EB
:10C89000130000008144154078060000790600006E
:10C8A000000000C01600000094994D407A06000078
:10C8B0007B060000000000C0070000006FBFFFBF44
:10C8C0007C0600007D060000000000C0140000008F
:10C8D00031B585407E0600007F060000000000C0E4
:10C8E000FEFFFFFF000000C0FFFFFFFFFFFFFFFF95
:10C8F0001FE4083EFEFFFFFF000000C0FFFFFFFF38
:10C90000FFFFFFFFCACC19BDFEFFFFFF000000C004
:10C91000FFFFFFFFFFFFFFFF9F419FBDFEFFFFFFE8
:10C92000000000C0FFFFFFFFFFFFFFFFCA32093F0B
:10C93000FEFFFFFF000000C0FFFFFFFFFFFFFFFF44
:10C94000B9B5CE3FFEFFFFFF000000C0FFFFFFFFB5
:10C95000FFFFFFFF67CAE0BEFEFFFFFF000000C051
:10C96000FFFFFFFFFFFFFFFF389D80C0FEFFFFFFBF
:10C97000000000C0FFFFFFFFFFFFFFFF27A35BBE1C
:10C98000FEFFFFFF000000C0FFFFFFFFFFFFFFFFF4
:10C990000A5B143CFEFFFFFF000000C0FFFFFFFF2B
:10C9A000FFFFFFFFD10BD83FFEFFFFFF000000C0DD
:10C9B000FFFFFFFFFFFFFFFF6084B33FFEFFFFFFAE
:10C9C000000000C0FFFFFFFFFFFFFFFFFBF0304054
:10C9D000FEFFFFFF000000C0FFFFFFFFFFFFFFFFA4
:10C9E000416CAB3EFEFFFFFF000000C0FFFFFFFFFA
:10C9F000FFFFFFFF29E22940FEFFFFFF000000C00C
:10CA0000FFFFFFFFFFFFFFFFABB6473EFEFFFFFF4D
:10CA1000000000C0FFFFFFFFFFFFFFFF2848F3BF3C
:10CA2000160000002EC81841810600008206000092
:10CA3000000000C0140000003670074183060000AB
:10CA400084060000000000C02D0000008DBDE8BF7E
:10CA50008506000086060000000000C02A000000D5
:10CA6000A84D13418706000088060000000000C0A2
:10CA70001E00000006F3FA40890600008A06000046
:10CA8000000000C015000000391F16418B06000091
:10CA90008C060000000000C008000000652316C1DD
:10CAA0008D0600008E060000000000C01A00000085
:10CAB00025204BC18F06000090060000000000C03A
:10CAC0000C000000EA8F343F91060000920600003F
:10CAD000000000C022000000DA373CC193060000CD
:10CAE00094060000000000C002000000AEBFEC4051
:10CAF0009506000096060000000000C01700000028
:10CB0000ACCCE6C09706000098060000000000C00C
:10CB1000230000008FF643C1990600009A0600002A
:10CB2000000000C000000000BEF2563F9B0600005F
:10CB30009C060000000000C0190000002AE377C036
:10CB40009D0600009E060000000000C0FEFFFFFFE3
:10CB5000000000C0FFFFFFFFFFFFFFFFB494623F34
:10CB6000FEFFFFFF000000C0FFFFFFFFFFFFFFFF12
:10CB70005F2385BAFEFFFFFF000000C0FFFFFFFF3D
:10CB8000FFFFFFFF6AD392C0FEFFFFFF000000C05F
:10CB9000FFFFFFFFFFFFFFFFBA01773FFEFFFFFF31
:10CBA000000000C0FFFFFFFFFFFFFFFF2BCD333F63
:10CBB000FEFFFFFF000000C0FFFFFFFFFFFFFFFFC2
:10CBC0008D858EBFFEFFFFFF000000C0FFFFFFFF4F
:10CBD000FFFFFFFFE57321C1FEFFFFFF000000C064
:10CBE000FFFFFFFFFFFFFFFF7D52ECBFFEFFFFFFD8
:10CBF000000000C0FFFFFFFFFFFFFFFFF28C2BBF15
:10CC0000FEFFFFFF000000C0FFFFFFFFFFFFFFFF71
:10CC1000B1A20BC0FEFFFFFF000000C0FFFFFFFF3F
:10CC2000FFFFFFFFA25E503FFEFFFFFF000000C0BE
:10CC3000FFFFFFFFFFFFFFFF53DDDEBDFEFFFFFF36
:10CC4000000000C0FFFFFFFFFFFFFFFF066C9FC05B
:10CC5000FEFFFFFF000000C0FFFFFFFFFFFFFFFF21
:10CC6000EE2ACFC0FEFFFFFF000000C0FFFFFFFF66
:10CC7000FFFFFFFF95E8D23FFEFFFFFF000000C06F
:10CC8000FFFFFFFFFFFFFFFFF94CCB3E1600000048
:10CC9000DA5DCDC0A0060000A1060000000000C0C3
:10CCA000000000006D399DC0A2060000A306000030
:10CCB000000000C01A00000025204BC1A40600009F
:10CCC000A5060000000000C0160000003AFA2EC1C0
:10CCD000A6060000A7060000000000C00B00000030
:10CCE000AD10BB40A8060000A9060000000000C06F
:10CCF000020000000E970BBFAA060000AB06000062
:10CD0000000000C009000000E4D71C41AC06000090
:10CD1000AD060000000000C01900000069ED3CC035
:10CD2000AE060000AF060000000000C010000000CA
:10CD30006FCCB3BFB0060000B1060000000000C019
:10CD400009000000167525C0B2060000B3060000F9
:10CD5000000000C020000000970C3F3FB406000018
:10CD6000B5060000000000C0070000006E862DBE62
:10CD7000B6060000B7060000000000C00600000074
:10CD8000099B65BCB8060000B9060000000000C0A1
:10CD90000E00000058B53941BA060000BB0600007D
:10CDA000000000C02B00000065880D41BC0600009B
:10CDB000BD060000000000C0FEFFFFFF000000C035
:10CDC000FFFFFFFFFFFFFFFFED01BD3FFEFFFFFF86
:10CDD000000000C0FFFFFFFFFFFFFFFF96956A40C6
:10CDE000FEFFFFFF000000C0FFFFFFFFFFFFFFFF90
:10CDF00040C530BEFEFFFFFF000000C0FFFFFFFF89
:10CE0000FFFFFFFF13417F3FFEFFFFFF000000C059
:10CE1000FFFFFFFFFFFFFFFF80C77F3FFEFFFFFF1A
:10CE2000000000C0FFFFFFFFFFFFFFFF5E6E763ECA
:10CE3000FEFFFFFF000000C0FFFFFFFFFFFFFFFF3F
:10CE400085FC57BEFEFFFFFF000000C0FFFFFFFF95
:10CE5000FFFFFFFFC60EF03FFEFFFFFF000000C018
:10CE6000FFFFFFFFFFFFFFFF0196AABEFEFFFFFFD0
:10CE7000000000C0FFFFFFFFFFFFFFFFD66D2FC0C8
:10CE8000FEFFFFFF000000C0FFFFFFFFFFFFFFFFEF
:10CE90002C93A13FFEFFFFFF000000C0FFFFFFFF3C
:10CEA000FFFFFFFFC5183C40FEFFFFFF000000C072
:10CEB000FFFFFFFFFFFFFFFF90D083BBFEFFFFFFE1
:10CEC000000000C0FFFFFFFFFFFFFFFF7314B1BFB3
:10CED000FEFFFFFF000000C0FFFFFFFFFFFFFFFF9F
:10CEE000189A3E3EFEFFFFFF000000C0FFFFFFFF5D
:10CEF000FFFFFFFFAA1D18C01F000000C1FC45C1B5
:10CF0000BF060000C0060000000000C013000000C3
:10CF1000E7C977C0C1060000C2060000000000C0DB
:10CF2000170000000C9F48C1C3060000C4060000A3
:10CF3000000000C00B0000005F536F3DC5060000FD
:10CF4000C6060000000000C016000000252ECDBF60
:10CF5000C7060000C8060000000000C01200000064
:10CF60003074A5C0C9060000CA060000000000C059
:10CF7000290000006E044BC1CB060000CC06000067
:10CF8000000000C012000000CBFE20C0CD06000053
:10CF9000CE060000000000C0090000003A8CE73E09
:10CFA000CF060000D0060000000000C01200000004
:10CFB00094D780C0D1060000D2060000000000C057
:10CFC000030000000971AB3FD3060000D406000047
:10CFD000000000C016000000C76186BFD506000033
:10CFE000D6060000000000C029000000AB2A124154
:10CFF000D7060000D8060000000000C02D00000089
:10D0000051A940C1D9060000DA060000000000C0A6
:10D010002D000000B6B4BC40DB060000DC060000BA
:10D02000000000C0FEFFFFFF000000C0FFFFFFFF89
:10D03000FFFFFFFFA57443BFFEFFFFFF000000C01E
:10D04000FFFFFFFFFFFFFFFF5400A1C0FEFFFFFF38
:10D05000000000C0FFFFFFFFFFFFFFFFD64392C0AD
:10D06000FEFFFFFF000000C0FFFFFFFFFFFFFFFF0D
:10D0700087D1EBC0FEFFFFFF000000C0FFFFFFFFF6
:10D08000FFFFFFFF9218D440FEFFFFFF000000C02B
:10D09000FFFFFFFFFFFFFFFF332F583FFEFFFFFFA4
:10D0A000000000C0FFFFFFFFFFFFFFFF1DE1B0BE5C
:10D0B000FEFFFFFF000000C0FFFFFFFFFFFFFFFFBD
:10D0C000BAEC98C0FEFFFFFF000000C0FFFFFFFFAB
:10D0D000FFFFFFFFFBA1FB3FFEFFFFFF000000C0C3
:10D0E000FFFFFFFFFFFFFFFFC1D5F040FEFFFFFF87
:10D0F000000000C0FFFFFFFFFFFFFFFF47CCDE3E49
:10D10000FEFFFFFF000000C0FFFFFFFFFFFFFFFF6C
:10D11000144902C0FEFFFFFF000000C0FFFFFFFF39
:10D12000FFFFFFFF0C472ABEFEFFFFFF000000C00D
:10D13000FFFFFFFFFFFFFFFFE1EE5A40FEFFFFFF93
:10D14000000000C0FFFFFFFFFFFFFFFFE8EC99BCFE
:10D15000FEFFFFFF000000C0FFFFFFFFFFFFFFFF1C
:10D160006CC0363E12000000879332C1DE0600001C
:10D17000DF060000000000C00F0000002B4AB34093
:10D18000E0060000E1060000000000C02D000000E5
:10D19000D5E69A3FE2060000E3060000000000C06A
:10D1A000100000002BD3EBC0E4060000E5060000F1
:10D1B000000000C00E0000006F90B240E6060000C4
:10D1C000E7060000000000C0150000003FD4C6BF05
:10D1D000E8060000E9060000000000C010000000A2
:10D1E00064448FC0EA060000EB060000000000C0A7
:10D1F00003000000283B7240EC060000ED06000032
:10D20000000000C001000000CE53AE40EE0600005A
:10D21000EF060000000000C0FEFFFFFF000000C09E
:10D22000FFFFFFFFFFFFFFFF1503F740FEFFFFFFBC
:10D23000000000C0FFFFFFFFFFFFFFFFA286C4400A
:10D240002D000000905EB9BFF0060000F10600005E
:10D25000000000C02D00000082ED9FBFF20600001C
:10D26000F3060000000000C01D00000079B6F24087
:10D27000F4060000F5060000000000C015000000E4
:10D280005427D9BEF6060000F7060000000000C0D3
:10D29000FEFFFFFF000000C0FFFFFFFFFFFFFFFFDB
:10D2A000967BDBBFFEFFFFFF000000C0FFFFFFFF1C
:10D2B000FFFFFFFF2A723A3DFEFFFFFF000000C0A4
:10D2C000FFFFFFFFFFFFFFFF10531BC0FEFFFFFF2D
:10D2D000000000C0FFFFFFFFFFFFFFFF6B4B10C10F
:10D2E000FEFFFFFF000000C0FFFFFFFFFFFFFFFF8B
:10D2F000FA89E33DFEFFFFFF000000C0FFFFFFFFD4
:10D30000FFFFFFFFD885EFBEFEFFFFFF000000C05C
:10D31000FFFFFFFFFFFFFFFF987264BEFEFFFFFFEE
:10D32000000000C0FFFFFFFFFFFFFFFFFAD4663DD4
:10D33000FEFFFFFF000000C0FFFFFFFFFFFFFFFF3A
:10D34000FB1B2E40FEFFFFFF000000C0FFFFFFFFA2
:10D35000FFFFFFFF36BBB540FEFFFFFF000000C030
:10D36000FFFFFFFFFFFFFFFF40774FBEFEFFFFFF06
:10D37000000000C0FFFFFFFFFFFFFFFFD76D333E40
:10D380000D00000043DB1DC1F9060000FA06000095
:10D39000000000C017000000E1BA09C1FB06000050
:10D3A000FC060000000000C016000000C2C670C0ED
:10D3B000FD060000FE060000000000C001000000A5
:10D3C000C52084C0FF06000000070000000000C068
:10D3D000080000002937AE3F0107000002070000E7
:10D3E000000000C024000000B76DDBC00307000090
:10D3F00004070000000000C013000000E3AD1CC1E2
:10D400000507000006070000000000C0FEFFFFFF48
:10D41000000000C0FFFFFFFFFFFFFFFF30E43541CA
:10D4200002000000F576A1C0070700000807000011
:10D43000000000C0230000007836463F09070000C6
:10D440000A070000000000C027000000AF59A7C075
:10D450000B0700000C070000000000C015000000D2
:10D4600060ED92C00D0700000E070000000000C034
:10D4700006000000A98B89400F070000100700007C
:10D48000000000C00D0000005D802E40110700006C
:10D4900012070000000000C02D0000009BE6243EA3
:10D4A0001307000014070000000000C0FEFFFFFF8C
:10D4B000000000C0FFFFFFFFFFFFFFFFEC9F4440A5
:10D4C000FEFFFFFF000000C0FFFFFFFFFFFFFFFFA9
:10D4D0000A1DB140FEFFFFFF000000C0FFFFFFFF7D
:10D4E000FFFFFFFF69BB0E3FFEFFFFFF000000C014
:10D4F000FFFFFFFFFFFFFFFFA47A5640FEFFFFFF85
:10D50000000000C0FFFFFFFFFFFFFFFFB4574FC049
:10D51000FEFFFFFF000000C0FFFFFFFFFFFFFFFF58
:10D520009F961A40FEFFFFFF000000C0FFFFFFFFB5
:10D53000FFFFFFFFDD32E03DFEFFFFFF000000C008
:10D54000FFFFFFFFFFFFFFFF5727B53FFEFFFFFF76
:10D55000000000C0FFFFFFFFFFFFFFFF6882D2BC9B
:10D56000FEFFFFFF000000C0FFFFFFFFFFFFFFFF08
:10D570007B93F23EFEFFFFFF000000C0FFFFFFFFB6
:10D58000FFFFFFFF0B6A6EC0FEFFFFFF000000C041
:10D59000FFFFFFFFFFFFFFFFCB870141FEFFFFFF04
:10D5A000000000C0FFFFFFFFFFFFFFFF2B4B96BDFA
:10D5B000FEFFFFFF000000C0FFFFFFFFFFFFFFFFB8
:10D5C000B7C2903D2C00000024C538C116070000EA
:10D5D00017070000000000C00F0000004AF9A4C0B7
:10D5E0001807000019070000000000C02C00000010
:10D5F00094432BC11A0700001B070000000000C065
:10D6000010000000647003BF1C0700001D0700002D
:10D61000000000C0160000008A6CB53F1E07000025
:10D620001F070000000000C0160000002C4462BE6E
:10D630002007000021070000000000C017000000C4
:10D64000EE0B45C12207000023070000000000C0C8
:10D650002800000016F740C124070000250700003D
:10D66000000000C0130000004B8C2FC026070000F4
:10D6700027070000000000C02D00000063FB39C137
:10D680002807000029070000000000C02D0000004E
:10D6900053A62DC12A0700002B070000000000C080
:10D6A000160000007C5483BE2C0700002D070000EC
:10D6B000000000C01500000032D318C02E07000083
:10D6C0002F070000000000C01200000074D1A8C0A5
:10D6D0003007000031070000000000C01800000003
:10D6E000E5B7F3C03207000033070000000000C0B8
:10D6F000FEFFFFFF000000C0FFFFFFFFFFFFFFFF77
:10D7000044B700BFFEFFFFFF000000C0FFFFFFFFA8
:10D71000FFFFFFFF9923803FFEFFFFFF000000C0D7
:10D72000FFFFFFFFFFFFFFFFBEFC373FFEFFFFFFD6
:10D73000000000C0FFFFFFFFFFFFFFFF4D182D415E
:10D74000FEFFFFFF000000C0FFFFFFFFFFFFFFFF26
:10D75000CC42A6BDFEFFFFFF000000C0FFFFFFFFA1
:10D76000FFFFFFFF48E7603FFEFFFFFF000000C034
:10D77000FFFFFFFFFFFFFFFF0B7B4AC0FEFFFFFF26
:10D78000000000C0FFFFFFFFFFFFFFFF65C295BF66
:10D79000FEFFFFFF000000C0FFFFFFFFFFFFFFFFD6
:10D7A000C80097BEFEFFFFFF000000C0FFFFFFFFA5
:10D7B000FFFFFFFFF258A740FEFFFFFF000000C081
:10D7C000FFFFFFFFFFFFFFFFB7FA7EC0FEFFFFFF77
:10D7D000000000C0FFFFFFFFFFFFFFFFD25882BF26
:10D7E000FEFFFFFF000000C0FFFFFFFFFFFFFFFF86
:10D7F000A21A5A40FEFFFFFF000000C0FFFFFFFF1C
:10D80000FFFFFFFF18ED713EFEFFFFFF000000C0AD
:10D81000FFFFFFFFFFFFFFFF83E153BEFEFFFFFFA0
:10D82000000000C0FFFFFFFFFFFFFFFF59A58E3B79
:10D8300000000000000000001F0000001F000000AA
:10D84000010000001F0000003E0000000200000078
:10D850001F0000005D000000030000001F0000002A
:10D860007C000000040000001F0000009B0000007E
:10D87000050000001F000000BA00000006000000C4
:10D880001F000000D9000000070000001F0000007A
:10D89000F8000000080000001F0000001701000051
:10D8A000090000001F000000360100000A0000000F
:10D8B0001F000000550100000B0000001F000000C9
:10D8C000740100000C0000001F0000009301000024
:10D8D0000D0000001F000000B20100000E0000005B
:10D8E0001F000000D10100000F0000001F00000019
:10D8F000F0010000100000001F0000000F020000F7
:10D90000110000001F0000002E02000012000000A5
:10D910001F0000004D020000130000001F00000067
:10D920006C020000140000001F0000008B020000C9
:10D93000150000001F000000AA02000016000000F1
:10D940001F000000C9020000170000001F000000B7
:10D95000E8020000180000001F000000070300009C
:10D96000190000001F000000260300001A0000003C
:10D970001F000000450300001B0000001D00000008
:10D98000620300001C0000001F0000008103000073
:10D990001D0000001F000000A00300001E0000008A
:10D9A0001F000000BF0300001F0000001F00000058
:10D9B000DE030000200000001F000000FD03000047
:10D9C000210000001F0000001C04000022000000D5
:10D9D0001F0000003B040000230000001F000000A7
:10D9E0005A040000240000001F0000007904000019
:10D9F000250000001B000000940400002600000029
:10DA00001D000000B1040000270000001F000000FE
:10DA1000D0040000280000001F000000EF040000F8
:10DA2000290000001F0000000E0500002A00000071
:10DA30001F0000002D0500002B0000001F0000004B
:10DA40004C0500002C0000001F0000006B050000CA
:10DA50002D0000001D000000880500002E000000C1
:10DA60001F000000A70500002F0000001F0000009D
:10DA7000C6050000300000001F000000E5050000A2
:10DA8000310000001F00000004060000320000000A
:10DA90001F00000023060000330000001F000000EC
:10DAA00042060000340000001F0000006106000074
:10DAB000350000001F000000800600003600000056
:10DAC0001F0000009F060000370000001F0000003C
:10DAD000BE060000380000001F000000DD06000048
:10DAE000390000001B000000F80600003A000000AA
:10DAF0001D000000150700003B0000001F00000093
:10DB000020DB010800000024540300000803000883
:10DB100038DC010854030024F4B700006403000853
:10DB200081321082013C90D00304015F1AAA0141A6
:10DB30007B01017A0119000D1814AE07C0CDCCCCC1
:10DB4000BFEC51383F853F893638200DC3031C3464
:10DB5000FC1104348D9782400A178034012A03880F
:10DB6000A0420B22FFFF2439015AFC084AFE07039A
:10DB70001E02FD0326807F4928138DA11B08BD04CA
:10DB80001AC9041AF104131DA21B086D081A99047E
:10DB9000411704030904120114020202164083040F
:10DBA000405726020102030114050F0C1C01071047
:10DBB000172103181A0319297113AD131B088904BF
:10DBC0001A85041AF1044B15146014810182130A9A
:10DBD0000629472A402E1C09024363111DC0320941
:10DBE000043F1A020B13052416100105240118091D
:10DBF00001042402020524067815058203081C107E
:10DC0000090499320A2E0705010240072A810711EB
:10DC100013359C1408A19A4C08D79D6413319B14AA
:10DC200008ED991B086314C11AB5181A75041AF582
:08DC3000041A690481298D002A
:04000005080002CD20
:00000001FF
